case,domain,scenario,resolution,cells,cell_kpc,sigma_weighted_mean,sigma_median,sigma_p90,sigma_maximum,sigma_r80_kpc,sigma_active_pixels,transverse_mismatch_weighted_mean,transverse_mismatch_median,transverse_mismatch_p90,transverse_mismatch_maximum,transverse_mismatch_r80_kpc,transverse_mismatch_active_pixels,survival_weighted_mean,survival_median,survival_p90,survival_maximum,survival_r80_kpc,survival_active_pixels,screen_weighted_mean,screen_median,screen_p90,screen_maximum,screen_r80_kpc,screen_active_pixels,trace_length_kpc_weighted_mean,trace_length_kpc_median,trace_length_kpc_p90,trace_length_kpc_maximum,trace_length_kpc_r80_kpc,trace_length_kpc_active_pixels,sigma_global_minimum,sigma_global_maximum,minimum_eigenvalue_proxy,maximum_direction_norm_error,all_coefficients_finite
CVnIdwA,registered_galaxy_baryons_only,low,primary,65,0.11410718438405273,0.0006565445341912553,0.00010322765138636795,0.0011630984865197876,0.0774093046780518,1.4437871090776342,723,0.07900782772075296,0.018951859287793586,0.28480125951088653,0.8530380398514762,1.4437871090776342,723,0.007911392955756545,0.006256686099103126,0.01168928987348652,0.25277569989371096,1.4437871090776342,723,0.9464282628479795,0.950517019093128,0.963084759397006,0.9971826585204466,1.4437871090776342,723,0.8158395352623481,0.7922336262915334,1.0843498610270428,5.39805401085236,1.4437871090776342,723,2.7215372982115117e-12,0.0774093046780518,0.0025838769276781645,1.1102230246251565e-16,True
CVnIdwA,registered_galaxy_baryons_only,low,check,33,0.22821436876810547,0.0008263780293728076,9.107442990217094e-05,0.0012854843271986407,0.05953814056250914,1.4441188581088533,179,0.07454990238417827,0.01938324401718279,0.2336384238035634,0.7840908116161647,1.4441188581088533,179,0.008792089338449096,0.006985294551264842,0.011825217380624455,0.24218090170067286,1.4441188581088533,179,0.9461969777593795,0.9503387847547938,0.9627460607446586,0.9820067687587826,1.4441188581088533,179,0.8503860022822349,0.8372458380962807,1.0906733672424613,5.266028659435654,1.4441188581088533,179,2.391177413495016e-12,0.05953814056250914,0.0025838566807148268,1.1102230246251565e-16,True
CVnIdwA,registered_galaxy_baryons_only,nominal,primary,65,0.11410718438405273,0.0007241194440409206,0.0001325631798977052,0.0012938191528548521,0.058923672621237926,1.4380676828974963,721,0.10410010509043299,0.025723495447685665,0.37567343933475195,0.9435794661116821,1.4380676828974963,721,0.007535717020548768,0.0059721147739125735,0.011537998745246525,0.27470305322452504,1.4380676828974963,721,0.9441065966908351,0.9481298050571637,0.9619642556489011,0.9939331490191072,1.4380676828974963,721,0.7962558115730363,0.7739521413940744,1.0772686723815526,5.667222655092164,1.4380676828974963,721,3.744117530952323e-12,0.058923672621237926,0.0026708050806172833,1.1102230246251565e-16,True
CVnIdwA,registered_galaxy_baryons_only,nominal,check,33,0.22821436876810547,0.0007283587859479334,0.00012895999689874993,0.001426590968711,0.01533478639604823,1.439459322424409,179,0.09797086889696062,0.026492811916697303,0.3085820873709037,0.9253626671213292,1.439459322424409,179,0.007665770356205524,0.006798471005467155,0.011397365960477046,0.07948965033310607,1.439459322424409,179,0.9439308701993969,0.9482448532645534,0.9611955926911696,0.981616063638972,1.439459322424409,179,0.8217615693201179,0.8259349784595662,1.0706452506687252,2.8779686385521464,1.439459322424409,179,3.309699217373527e-12,0.01533478639604823,0.002670962798299663,1.1102230246251565e-16,True
CVnIdwA,registered_galaxy_baryons_only,high,primary,65,0.11410718438405273,0.0007613562488256597,0.0001664434849232324,0.0013408189277813321,0.037553992166554334,1.4165728733360543,700,0.13349494466098344,0.03544410567821846,0.4702015290147118,0.9924377174814346,1.4165728733360543,700,0.007010941044147038,0.005794469778347411,0.011278137765068653,0.1227652651722928,1.4165728733360543,700,0.9386292282416766,0.9439472478036401,0.9585708658940774,0.9874948152500017,1.4165728733360543,700,0.7633136665931952,0.7623203278403432,1.0649980834395256,3.6191251130011053,1.4165728733360543,700,5.020564292965232e-12,0.037553992166554334,0.0028446436848577126,1.1102230246251565e-16,True
CVnIdwA,registered_galaxy_baryons_only,high,check,33,0.22821436876810547,0.0009254916590478848,0.00016142162454281376,0.0016283940568974033,0.03696676698436539,1.410986316617693,175,0.12557576359309902,0.035488871372298655,0.3897683262801996,0.9832280779775203,1.410986316617693,175,0.007964121032908956,0.00638878265033993,0.011698475007437188,0.15668920914775275,1.410986316617693,175,0.9385938242473828,0.94407955866138,0.9582452573025197,0.9891465246017036,1.410986316617693,175,0.8087957711378122,0.800579681451494,1.0846008309856112,4.128192298096904,1.410986316617693,175,4.489392104993626e-12,0.03696676698436539,0.00284515703389864,1.1102230246251565e-16,True
DDO101,registered_galaxy_baryons_only,low,primary,65,0.148137920826862,0.001192599793172525,0.0002810818611954426,0.002636822399022877,0.06207629920405821,2.4686239545754507,1258,0.09260657437920825,0.019662029120568244,0.4053818617677857,0.9870919258803867,2.4686239545754507,1258,0.026838361277183365,0.013948625378599921,0.0478806657174059,0.48960054291143706,2.4686239545754507,1258,0.9793656556905267,0.9805001318822624,0.9869736573662042,0.9988575283203439,2.4686239545754507,1258,1.4235523412315518,1.1851927576375996,2.2150597706894493,8.20098537158846,2.4686239545754507,1258,9.706031953545671e-12,0.06207629920405821,0.0011424714597962037,1.1102230246251565e-16,True
DDO101,registered_galaxy_baryons_only,low,check,33,0.296275841653724,0.0013692763775697016,0.00030378848393990593,0.002943243641740757,0.044101114953209127,2.476172696971544,317,0.09571617564537621,0.018273396376557532,0.4331571638496877,0.9952924838081185,2.476172696971544,317,0.029829879967210517,0.017793294258446557,0.05505561704603512,0.41715590577417405,2.476172696971544,317,0.9794042636935454,0.9805217885882906,0.9867452906089037,0.996841595160639,2.476172696971544,317,1.5576367916274196,1.3399066435164124,2.3796890900983536,7.347350190697972,2.476172696971544,317,8.839091721619479e-10,0.044101114953209127,0.0019304512328263321,1.1102230246251565e-16,True
DDO101,registered_galaxy_baryons_only,nominal,primary,65,0.148137920826862,0.001188161848132111,0.0002912107168764399,0.002696920030952656,0.07084326243025062,2.4837681943627343,1267,0.08955366432390283,0.0186078811832809,0.3327538594557964,0.936420196279119,2.4837681943627343,1267,0.027237223507525152,0.01614906128236482,0.04970220446983638,0.42005426986783767,2.4837681943627343,1267,0.9695016344779591,0.971452557937805,0.9781216971512987,0.9956827050665232,2.4837681943627343,1267,1.45738458873933,1.275965455956993,2.2578723229101194,7.38119738631308,2.4837681943627343,1267,9.443856286169773e-12,0.07084326243025062,0.0030281869887798427,1.1102230246251565e-16,True
DDO101,registered_galaxy_baryons_only,nominal,check,33,0.296275841653724,0.0012155864146369821,0.0003100751659173485,0.0031042679433309853,0.01747062558505982,2.480904691722186,315,0.09357097504455233,0.01797119017217329,0.3541545473072601,0.966743860633612,2.480904691722186,315,0.028761533876361305,0.01907534729524263,0.05225444054686325,0.329138875714852,2.480904691722186,315,0.9694951512152696,0.9712264419675383,0.9780663761971601,0.9940519215380414,2.480904691722186,315,1.5417394078566837,1.3877906537945848,2.3166537187838703,6.318173246356996,2.480904691722186,315,7.542104500862608e-10,0.01747062558505982,0.0030584616800350887,1.1102230246251565e-16,True
DDO101,registered_galaxy_baryons_only,high,primary,65,0.148137920826862,0.0009720267263387363,0.0002509539940816128,0.002263704217331942,0.0393877091831112,2.5017758715337766,1291,0.07729726994958319,0.016259225452597253,0.2519700541905966,0.8358998584315007,2.5017758715337766,1291,0.02503262944030793,0.018165729741881687,0.04725446138877831,0.4841800399733449,2.5017758715337766,1291,0.9499132628430622,0.9534790476007324,0.9644361752082357,0.9932245446871185,2.5017758715337766,1291,1.4239609655407426,1.3539849492679878,2.2001686726890703,8.136322812318156,2.5017758715337766,1291,8.199404297131601e-12,0.0393877091831112,0.004911182844298879,1.1102230246251565e-16,True
DDO101,registered_galaxy_baryons_only,high,check,33,0.296275841653724,0.0009543339574885968,0.00026091118271949953,0.0026938138342198804,0.007733412692378697,2.5004717362627567,321,0.08073436302519318,0.01567146861597488,0.2695757329225001,0.840643914651489,2.5004717362627567,321,0.02523460980068054,0.01982777383687573,0.04692577546887633,0.2282433935440179,2.5004717362627567,321,0.9498909177105501,0.9533498671870093,0.9645964339780175,0.993602196492192,2.5004717362627567,321,1.4668095115814384,1.4151671906660728,2.192315972401801,5.090049658686077,2.5004717362627567,321,5.703685702359053e-10,0.015195915047217077,0.004974083970032802,1.1102230246251565e-16,True
DDO126,registered_galaxy_baryons_only,low,primary,65,0.2269045354056606,0.001245932789162082,0.00031487239355707316,0.0033306542492783915,0.04019196709449506,3.4267183419157403,1027,0.06628748733444444,0.018803452573081157,0.28167439618309387,0.9963385977420478,3.4267183419157403,1027,0.039220674283395596,0.018090574834981554,0.08804649969115842,0.6863741839810955,3.4267183419157403,1027,0.975683097665879,0.9784074073020975,0.9852139304809893,0.993722332986017,3.4267183419157403,1027,1.694738851083316,1.3511554295401802,3.035885748415159,10.768262034354748,3.4267183419157403,1027,2.5689294782129597e-11,0.20486406654469685,0.0017676830713548716,1.1102230246251565e-16,True
DDO126,registered_galaxy_baryons_only,low,check,33,0.4538090708113212,0.001631254292405204,0.00034972003240031527,0.004754011517813497,0.03935102888842864,3.4124644194056306,255,0.057943334871189245,0.0196549289996422,0.24108127554141867,0.8346218146035318,3.4124644194056306,255,0.04690618694065757,0.024496811265454776,0.11132454301843628,0.4756671780443771,3.4124644194056306,255,0.9755444940159947,0.978669632396644,0.9850640960373926,0.9914514668501478,3.4124644194056306,255,1.9229039153168332,1.5748603145568996,3.4354491210284657,8.035101989917061,3.4124644194056306,255,1.1680773696110952e-11,0.03935102888842864,0.0017659480641583922,1.1102230246251565e-16,True
DDO126,registered_galaxy_baryons_only,nominal,primary,65,0.2269045354056606,0.001689923783516198,0.0004435003359154443,0.0046351209940660755,0.07991472617808588,3.371191383894922,1000,0.08223863415280064,0.024655452233099805,0.3206680032436896,0.9729237386278999,3.371191383894922,1000,0.03804098016934154,0.018545605004291643,0.0865470970398823,0.5337301190860666,3.371191383894922,1000,0.9722519128124787,0.9752058782126691,0.982124783959361,0.9900450873862782,3.371191383894922,1000,1.6768263501470093,1.3682006776916849,3.0087116393314703,8.73493370841066,3.371191383894922,1000,3.165814526268174e-11,0.18043261086952703,0.001951792335775994,1.1102230246251565e-16,True
DDO126,registered_galaxy_baryons_only,nominal,check,33,0.4538090708113212,0.0021128379171943988,0.00047277724178777374,0.005674797036425471,0.032454943225605694,3.3645748568458633,247,0.07189106616449245,0.025457586288285098,0.2695125046093126,0.9333704704785007,3.3645748568458633,247,0.04676170651578926,0.02457107610358933,0.09888773929270026,0.6466411891498556,3.3645748568458633,247,0.972033396609165,0.9747608005324557,0.9822603505515916,0.98980006329324,3.3645748568458633,247,1.9141677988340453,1.577275587097636,3.226840574360368,10.199368985206908,3.3645748568458633,247,1.5008913790629302e-11,0.03363032276520744,0.0019454613640440606,1.1102230246251565e-16,True
DDO126,registered_galaxy_baryons_only,high,primary,65,0.2269045354056606,0.002130885334642687,0.0005235611802685739,0.005471601919216449,0.10713460264284708,3.301181153095322,950,0.09453579012628344,0.029107071520331755,0.3460694438426326,0.9327515900005253,3.301181153095322,950,0.03582927128688518,0.01871380673400419,0.08332954233359836,0.5380422720109336,3.301181153095322,950,0.9646128541582197,0.9683172241498751,0.9769755535157176,0.9848257502874305,3.301181153095322,950,1.635872883215828,1.3744498937670568,2.949691567034551,8.78795704328228,3.301181153095322,950,3.5515954508275216e-11,0.10713460264284708,0.0023198094235165187,1.1102230246251565e-16,True
DDO126,registered_galaxy_baryons_only,high,check,33,0.4538090708113212,0.002559439005250413,0.000586519452201761,0.005543525353418082,0.0664319071113644,3.301138960123055,237,0.08129708891035137,0.03086116658319167,0.27206587022503864,0.9305741944098126,3.301138960123055,237,0.04510106071235505,0.0248449152494139,0.09481722638097888,0.6582345260324356,3.301138960123055,237,0.9643520341115458,0.968448055376987,0.9773837907312366,0.9855679437038093,3.301138960123055,237,1.8699481524243582,1.5861512963945792,3.156233604864808,10.361614380903804,3.301138960123055,237,1.792454838940658e-11,0.0664319071113644,0.0023043471038624625,1.1102230246251565e-16,True
DDO133,registered_galaxy_baryons_only,low,primary,65,0.2851490045969202,0.0035046050392381228,0.0010448065269285283,0.008890132325638617,0.1300145066029369,4.849337774257557,1294,0.09938446164791215,0.03670466820403424,0.44594977667254937,0.9965499110438898,4.849337774257557,1294,0.07224381085170847,0.03327381842612198,0.1497372967020464,0.8962097626153123,4.849337774257557,1294,0.973597874520242,0.9760054927663665,0.986171710433479,0.9995121394996024,4.849337774257557,1294,2.371317468663692,1.8395647857546125,4.027527515285559,15.051190533788912,4.849337774257557,1294,5.079058706042599e-14,0.1300145066029369,0.00048786050003080355,1.1102230246251565e-16,True
DDO133,registered_galaxy_baryons_only,low,check,33,0.5702980091938404,0.0050159731488795475,0.001487005972236565,0.011316475341440717,0.11025866154151368,4.8662062915680675,327,0.10545257478475291,0.05061561991948982,0.40271303749433734,0.997976943962527,4.8662062915680675,327,0.07630635954940884,0.044976424901351675,0.14892640225732798,0.6025464150319724,4.8662062915680675,327,0.9736764101827786,0.9757528786562442,0.9855107884563865,0.9996069262777856,4.8662062915680675,327,2.5316432295042794,2.145209846120638,4.015675972017203,9.605608357004893,4.8662062915680675,327,2.2488924520186814e-11,0.11025866154151368,0.00039307371532928216,1.1102230246251565e-16,True
DDO133,registered_galaxy_baryons_only,nominal,primary,65,0.2851490045969202,0.004373634339978149,0.001277776399312693,0.011087588433320864,0.1496871632692104,4.770503531713191,1268,0.11910152888530781,0.04556750398619565,0.5017760546087716,0.9980764375733095,4.770503531713191,1268,0.07000508262102509,0.03349006185334913,0.14539634354345754,0.8795703789854634,4.770503531713191,1268,0.9693915739618013,0.971966786039992,0.9825364284607403,0.9991703980742365,4.770503531713191,1268,2.333602666197167,1.845635248539744,3.9638036885277974,14.548847908512812,4.770503531713191,1268,7.254295811196291e-14,0.1496871632692104,0.0008296019067297299,1.1102230246251565e-16,True
DDO133,registered_galaxy_baryons_only,nominal,check,33,0.5702980091938404,0.006785158886850755,0.0018571025835162516,0.014399070756702994,0.23963315198600021,4.766667703592805,317,0.1272269027464453,0.0646712047224493,0.46465126573438464,0.983194094077543,4.766667703592805,317,0.07589600455818607,0.047332008110353874,0.1661528449309719,0.7970158582891554,4.766667703592805,317,0.9695173588217372,0.9720329873449807,0.9819523936340995,0.9963797976985718,4.766667703592805,317,2.5311795651442335,2.2020176678354138,4.262572893892991,12.627855806283428,4.766667703592805,317,3.1692366031085284e-11,0.23963315198600021,0.0029073248480458442,1.1102230246251565e-16,True
DDO133,registered_galaxy_baryons_only,high,primary,65,0.2851490045969202,0.004582865169051904,0.0014138100987927667,0.011634831832319554,0.173003819656843,4.6464427741325585,1196,0.13439030348455921,0.05502481792528251,0.5258145417960522,0.9953602461615191,4.6464427741325585,1196,0.05796032418457595,0.03196657573956119,0.12459782725011137,0.8914043747099013,4.6464427741325585,1196,0.9602117416498372,0.9640859245497266,0.9759891826113536,0.9986673577172677,4.6464427741325585,1196,2.1305605622755066,1.8024535778573028,3.647900205935246,14.900081057073526,4.6464427741325585,1196,1.0344677131418878e-13,0.173003819656843,0.0013326415002507764,1.1102230246251565e-16,True
DDO133,registered_galaxy_baryons_only,high,check,33,0.5702980091938404,0.0070177249694798344,0.0022871708853134795,0.016233031188201685,0.14937545517532472,4.668151239699006,301,0.14053489134119382,0.07571561587111629,0.48567708756189,0.9868914405316639,4.668151239699006,301,0.07007633635877225,0.0471795715496619,0.14522833781142308,0.6345118763871687,4.668151239699006,301,0.9604790609646205,0.9642630378307564,0.9754974096546084,0.9957249183743879,4.668151239699006,301,2.4242110308508056,2.1983816941520375,3.9613243679414523,10.03255447957087,4.668151239699006,301,4.348600742720352e-11,0.14937545517532472,0.0035214243457457033,1.1102230246251565e-16,True
DDO210,registered_galaxy_baryons_only,low,primary,65,0.04344171314303519,0.00014282520243436334,3.1019810250254974e-05,0.0003295341546888704,0.004955877121313703,0.6547658655966693,1026,0.1552691402486217,0.05588916151521365,0.4612046620863847,0.9737242483084292,0.6547658655966693,1026,0.0011431552343008997,0.0007188171288342038,0.00212981877663454,0.026210943417547816,0.6547658655966693,1026,0.9868388972879083,0.9889764678235318,0.9941065411725107,0.998765002699226,0.6547658655966693,1026,0.2908119785169099,0.2681557477518337,0.4617444387914532,1.6297414870426052,0.6547658655966693,1026,2.8789179630991533e-11,0.01488434311051722,0.0006875958577985099,1.1102230246251565e-16,True
DDO210,registered_galaxy_baryons_only,low,check,33,0.08688342628607038,0.00021555100222780762,5.701757618976054e-05,0.0004392027509924413,0.0032701622505268996,0.6463635452908026,250,0.19920406682780895,0.09215621475989609,0.5108480305937723,0.9052651904919977,0.6463635452908026,250,0.0012235413000425245,0.0008836940698973006,0.0020856510648921468,0.015428116994627206,0.6463635452908026,250,0.9867798785046993,0.9893447431690826,0.9939015318793993,0.9962377570091707,0.6463635452908026,250,0.31297767840287394,0.2973319862746423,0.45692766096424386,1.2469309858471296,0.6463635452908026,250,8.13452959978562e-12,0.06520703047803479,0.0007149145834316293,1.1102230246251565e-16,True
DDO210,registered_galaxy_baryons_only,nominal,primary,65,0.04344171314303519,0.00014376892479410906,3.3082553740499925e-05,0.0003294242983769382,0.0069816955075013955,0.7165057441297239,1233,0.19429594532175481,0.06933856036107319,0.591354694702209,0.9871606344385311,0.7165057441297239,1233,0.0010616216413407693,0.0005990514047266027,0.002034276152449243,0.04627547784493269,0.7165057441297239,1233,0.986311302908496,0.9894121952313618,0.9944873398695264,0.9987992901584618,0.7165057441297239,1233,0.27145364867794064,0.2447919336315321,0.4512589924871718,2.1767041617324927,0.7165057441297239,1233,1.691773035907615e-11,0.0069816955075013955,0.0002476345087410682,1.1102230246251565e-16,True
DDO210,registered_galaxy_baryons_only,nominal,check,33,0.08688342628607038,0.00029029613989216876,5.0630989223416073e-05,0.00044637901061327366,0.007701157115340694,0.7118730904021716,305,0.23848194582941307,0.09140701521557994,0.6239222522522158,0.9884591546232184,0.7118730904021716,305,0.0012778124333945279,0.0007958558391647497,0.0023609289763519403,0.014832537157850045,0.7118730904021716,305,0.986328978223606,0.9895521620752292,0.9942502698982306,0.9967078930209987,0.7118730904021716,305,0.31366151161145706,0.2821653239772089,0.48617397727965367,1.2224417868721258,0.7118730904021716,305,4.672203648117395e-12,0.008880280351030905,0.0008220698745873148,1.1102230246251565e-16,True
DDO210,registered_galaxy_baryons_only,high,primary,65,0.04344171314303519,0.00010755569135382474,2.7250287185309298e-05,0.0002813702688869411,0.005815626124148155,0.8122091716294685,1579,0.22950651236680492,0.08234355020344217,0.6983026260815342,0.9981571093576166,0.8122091716294685,1579,0.0008687142125009238,0.00045545732210483525,0.0018818734025684474,0.044361488656923465,0.8122091716294685,1579,0.9831803071477523,0.9893433354504981,0.9943488408910025,0.9995382270212197,0.8122091716294685,1579,0.23413141338573845,0.21343876740068823,0.43400723018147674,2.1301540706871105,0.8122091716294685,1579,6.260889963495607e-12,0.005815626124148155,0.00021562316696397047,1.1102230246251565e-16,True
DDO210,registered_galaxy_baryons_only,high,check,33,0.08688342628607038,0.00034393266019404876,4.5601430734986266e-05,0.0004980396086849146,0.009658791121709335,0.8045831874460291,386,0.27999227202945526,0.10193338198102833,0.7845758232162481,0.9997553954072564,0.8045831874460291,386,0.0012652638921695147,0.0007040470766846996,0.0024970767702971464,0.012051359101929005,0.8045831874460291,386,0.9843004157056536,0.9895861712018303,0.9943320458039794,0.9967667438437287,0.8045831874460291,386,0.30185193044171066,0.26538547425482695,0.5000185667941468,1.101116046659759,0.8045831874460291,386,2.4898563795242227e-12,0.010103796154193755,0.0008568476816383203,1.1102230246251565e-16,True
DDO216,registered_galaxy_baryons_only,low,primary,65,0.08789581251241756,0.000327913451203201,9.808581578513251e-05,0.0007946770156264571,0.011337119615117719,1.3431634241751582,1054,0.13810258998672048,0.05578381823514205,0.3907253053297837,0.9918962170111657,1.3431634241751582,1054,0.0031203856770314993,0.0023431031338027597,0.006413838749961398,0.06749230829450481,1.3431634241751582,1054,0.9894588689009842,0.9919783448873709,0.9950479599833189,0.9977417676772893,1.3431634241751582,1054,0.5010863612006516,0.48434000931910004,0.8021530840886428,2.643442434032603,1.3431634241751582,1054,2.389365884807422e-11,0.019672963305255184,0.0003573532906634909,1.1102230246251565e-16,True
DDO216,registered_galaxy_baryons_only,low,check,33,0.1757916250248351,0.0005476190351720519,0.0001445415979187256,0.0013350418832408263,0.020174315693099302,1.3416848469298668,261,0.13718512523495724,0.05723842863655423,0.4113793976576469,0.9960319087742993,1.3416848469298668,261,0.004369677873246341,0.003326746763082089,0.00749177057254613,0.03389294917871344,1.3416848469298668,261,0.9895934707732083,0.992050105687382,0.9951136045656409,0.9973427354130548,1.3416848469298668,261,0.6037629751798228,0.577260139662965,0.8671778849004269,1.8568961267118982,1.3416848469298668,261,2.507276387065348e-10,0.021347903039160412,0.00048448669097376715,1.1102230246251565e-16,True
DDO216,registered_galaxy_baryons_only,nominal,primary,65,0.08789581251241756,0.0003047523810655846,8.862012299819251e-05,0.0006981237261869835,0.012652588539240207,1.480052047638207,1279,0.14014287252777322,0.05128560212981521,0.3913551424870027,0.9909530610065609,1.480052047638207,1279,0.0035274150330016634,0.002343521945526339,0.006883697022027846,0.10484601977476193,1.480052047638207,1279,0.9868991854575647,0.9902843623990434,0.994251566847299,0.998891847466395,1.480052047638207,1279,0.5105538110096622,0.48438334931308874,0.8311136269098408,3.328055446667254,1.480052047638207,1279,1.9095275852657204e-11,0.026163475914955252,0.00011153759295981805,1.1102230246251565e-16,True
DDO216,registered_galaxy_baryons_only,nominal,check,33,0.1757916250248351,0.0005572323252577199,0.00012669717893908729,0.0011919037010306745,0.01566317668972144,1.4987872112598297,330,0.1363105024391287,0.04937064868826975,0.3968379834303288,0.9544409750948725,1.4987872112598297,330,0.005179419094931155,0.003370965710512819,0.008615989031295119,0.134579231063658,1.4987872112598297,330,0.9873040976933696,0.9904766094589182,0.9944184163491446,0.9993383466723798,1.4987872112598297,330,0.6310901854050059,0.581090252580251,0.9302229732512045,3.801834455183571,1.4987872112598297,330,1.4197566814084768e-10,0.026286538100517433,0.000655971039398673,1.1102230246251565e-16,True
DDO216,registered_galaxy_baryons_only,high,primary,65,0.08789581251241756,0.00024716254251997295,6.238426164285603e-05,0.0005617694310268778,0.006046728731429823,1.610164144368913,1516,0.12759485798918077,0.038157173315447025,0.3627106539987391,0.97226955520418,1.610164144368913,1516,0.00334537299636096,0.002343683415003295,0.007776432548854961,0.049486660959008555,1.610164144368913,1516,0.9812572580968403,0.9863818956978612,0.9921872331067245,0.99894657810211,1.610164144368913,1516,0.4998192238288687,0.48439972694422184,0.8835536786168089,2.2528445006814657,1.610164144368913,1516,1.4195657832874936e-11,0.015087088092676396,0.0008957140451735267,1.1102230246251565e-16,True
DDO216,registered_galaxy_baryons_only,high,check,33,0.1757916250248351,0.00046619490823206043,0.0001192850433691601,0.0010507962958874772,0.006937793393621335,1.6461208575657797,397,0.12651975279860828,0.04099868017949915,0.370104386471092,0.9608869393537849,1.6461208575657797,397,0.005127127879800368,0.003363357238307274,0.010038591894528139,0.10419700700357348,1.6461208575657797,397,0.9821163045588173,0.9870445712920621,0.9925363256313754,0.9992960207890028,1.6461208575657797,397,0.632846610954499,0.5804331174763248,1.0044554889836586,3.317148837042598,1.6461208575657797,397,0.0,0.03921703310535434,0.000703979200808183,1.1102230246251565e-16,True
DDO47,registered_galaxy_baryons_only,low,primary,65,0.5503378583749859,0.007719957040572455,0.0008524598299754273,0.014997310097498938,0.47627946114676956,8.178313346904481,1007,0.10956514516645152,0.023928307203173203,0.4300116166451678,0.942899537828311,8.178313346904481,1007,0.09938524319116604,0.06008156145066523,0.18364556981761682,0.9999370364323434,8.178313346904481,1007,0.986469795455734,0.9894545340870194,0.9940224378555074,0.9993004122691849,8.178313346904481,1007,2.923230165288744,2.4892202591034907,4.5045162626723325,31.101373426285356,8.178313346904481,1007,9.324593722745145e-13,0.47627946114676956,0.0006995603450883674,1.1102230246251565e-16,True
DDO47,registered_galaxy_baryons_only,low,check,33,1.1006757167499719,0.010513757469258976,0.0014070614654998377,0.020038841294164216,0.42340027919716333,8.123592744318922,245,0.10547988790267783,0.02212019418852278,0.42713424452486676,0.965116853756436,8.123592744318922,245,0.14339920681750268,0.07991507168750489,0.30126597955378126,0.7832522757539034,8.123592744318922,245,0.9863900643699013,0.989330321384963,0.9940824455466812,0.999495107979169,8.123592744318922,245,3.605264494546719,2.8859885622871473,5.987331527668631,12.365359529014565,8.123592744318922,245,2.8935681482797454e-09,0.42340027919716333,0.0005048901476560742,1.1102230246251565e-16,True
DDO47,registered_galaxy_baryons_only,nominal,primary,65,0.5503378583749859,0.008692999868605382,0.0011506099017956717,0.016914035294563565,0.3794590665512968,8.194342395736388,1007,0.13972956413525803,0.03157445830868874,0.537469815429725,0.9948426155261754,8.194342395736388,1007,0.0943389533705613,0.0585803945176695,0.17808499128882885,0.9595254502119863,8.194342395736388,1007,0.9855944076682492,0.9887709878332714,0.9936044172747875,0.9994817890424179,8.194342395736388,1007,2.823523531175494,2.456955928646683,4.428524316886497,17.90832740010028,8.194342395736388,1007,1.237188329452997e-12,0.3794590665512968,0.0005182109181029714,1.1102230246251565e-16,True
DDO47,registered_galaxy_baryons_only,nominal,check,33,1.1006757167499719,0.01309518027996837,0.0019958730511356595,0.027255049689460856,0.4851210372163323,8.164043774382808,251,0.1345115681401992,0.030273786737314894,0.5589577890341829,0.9945902882137079,8.164043774382808,251,0.13983920340249156,0.08148077532328868,0.2666621484780173,0.7913997519901715,8.164043774382808,251,0.9855654481620567,0.988600145610926,0.9938784968493316,0.9980562313374961,8.164043774382808,251,3.5618640393324537,2.915346360767958,5.569100171091192,12.519327248262261,8.164043774382808,251,3.825894506131048e-09,0.4851210372163323,0.0008514562553281213,1.1102230246251565e-16,True
DDO47,registered_galaxy_baryons_only,high,primary,65,0.5503378583749859,0.008612807110990148,0.001459195729660103,0.018145126359413448,0.5876874989011549,8.261682393705572,1020,0.16712020735583488,0.03875445178105955,0.6169111726223394,0.9989687205404354,8.261682393705572,1020,0.08626027455787458,0.05613244197866468,0.17291854867848536,0.9930490736289344,8.261682393705572,1020,0.9836999119956025,0.9874392193922903,0.99269534391343,0.9983729678068786,8.261682393705572,1020,2.6851863059728123,2.4035269491566367,4.357202059329577,22.290985481775035,8.261682393705572,1020,1.5570521507749549e-12,0.5876874989011549,0.0009574568859208835,1.1102230246251565e-16,True
DDO47,registered_galaxy_baryons_only,high,check,33,1.1006757167499719,0.014050764854060593,0.002362869842883426,0.03129354309042834,0.19950322749228316,8.171801719626378,250,0.16160519527638023,0.03569191894944673,0.6142980995038059,0.9800460445467153,8.171801719626378,250,0.13027929064134325,0.07891375816629453,0.2419990885698088,0.6188422504503921,8.171801719626378,250,0.9835366413766553,0.9870127333962422,0.992599726937462,0.997900907912536,8.171801719626378,250,3.4330527401656106,2.8670822248843564,5.263749718485987,9.821109655909874,8.171801719626378,250,4.767676503111013e-09,0.19950322749228316,0.0009483571483633096,1.1102230246251565e-16,True
DDO50,registered_galaxy_baryons_only,low,primary,65,0.43151672241273586,0.004502430896804986,0.0007923944520333342,0.007417230960495015,0.31674536227338,5.812465676726481,819,0.15386887554939238,0.05224999992977609,0.5542559066070678,0.9986873981342703,5.812465676726481,819,0.04566361541321787,0.019941041021928396,0.10217704935880799,0.897879803302813,5.812465676726481,819,0.9564933770617001,0.9621836354153825,0.9763392574179235,0.99667488258657,5.812465676726481,819,1.8092634855746974,1.4192444082916567,3.2830205798000263,15.104981828764174,5.812465676726481,819,1.0298348551296455e-15,0.31674536227338,0.002505898489300212,1.1102230246251565e-16,True
DDO50,registered_galaxy_baryons_only,low,check,33,0.8630334448254717,0.008520378889292267,0.002171342849133193,0.014021044447640683,0.14356810090042177,5.81660444850519,204,0.14159679976460077,0.056068690598382,0.6226953668070954,0.9987375190196341,5.81660444850519,204,0.09731778423708501,0.04315505406516601,0.17843254026982075,0.9744309040897103,5.81660444850519,204,0.9567532350204233,0.9626798796766394,0.9762229871365038,0.9886907852489176,5.81660444850519,204,2.833336618482546,2.100314735349956,4.4332794532869215,19.147769707574138,5.81660444850519,204,1.3733684903304041e-09,0.14356810090042177,0.0024614128386812647,1.1102230246251565e-16,True
DDO50,registered_galaxy_baryons_only,nominal,primary,65,0.43151672241273586,0.0049647769079773744,0.001054351502225407,0.008593096157677142,0.16994208845761344,5.71067728837607,788,0.18494778739426826,0.06781738314333136,0.647229519536552,0.9983781678101836,5.71067728837607,788,0.043510706866060664,0.020124519818547015,0.10094590299754595,0.8394542911966758,5.71067728837607,788,0.9498582183330606,0.9567947882528277,0.972089077386373,0.9978785044099505,5.71067728837607,788,1.7780276297230653,1.4258251865479985,3.262083236682104,13.524705493670433,5.71067728837607,788,1.372155016882754e-15,0.215119758609831,0.00212149546566815,1.1102230246251565e-16,True
DDO50,registered_galaxy_baryons_only,nominal,check,33,0.8630334448254717,0.010579977280734763,0.0029600474849338877,0.017819882994386985,0.1677192020701007,5.589657677814739,188,0.17715720802704688,0.07408260026166089,0.616359047189665,0.995350711369555,5.589657677814739,188,0.09628948420651964,0.04203745655240815,0.19306185727245886,0.975031140379088,5.589657677814739,188,0.9495261211424366,0.9563611531039937,0.9720912030481784,0.9859121803808324,5.589657677814739,188,2.8198277767647886,2.072351733019058,4.631352486914277,19.209700272781042,5.589657677814739,188,2.1048686451035453e-09,0.1677192020701007,0.0027021031165704867,1.1102230246251565e-16,True
DDO50,registered_galaxy_baryons_only,high,primary,65,0.43151672241273586,0.005499074016718879,0.001267946777354231,0.010896133783069617,0.2438387789686661,5.571895942656955,757,0.2059747251543974,0.08155269558836989,0.6901665734016774,0.9980229363497136,5.571895942656955,757,0.04209760935303332,0.01900901537052968,0.09612255716981634,0.7000213810548099,5.571895942656955,757,0.9349264719111946,0.9462250182671821,0.9645121283987883,0.9938457313481147,5.571895942656955,757,1.750204798460821,1.3853522815210098,3.179016797397414,10.972894226449446,5.571895942656955,757,1.7344051900263052e-15,0.2438387789686661,0.0032215178435076163,1.1102230246251565e-16,True
DDO50,registered_galaxy_baryons_only,high,check,33,0.8630334448254717,0.01173311951016064,0.003938832129401033,0.018750799276847523,0.17630784296014754,5.4922292962574675,180,0.1978282033761784,0.08831687488936728,0.6627807764592906,0.9853113405169561,5.4922292962574675,180,0.08781611729046457,0.04886075610809748,0.17749979017379497,0.8791659531953817,5.4922292962574675,180,0.9341070277560378,0.9456722893452946,0.9638848475278055,0.9884981705243175,5.4922292962574675,180,2.6955457648559653,2.2381824367757357,4.420417657381096,14.537321585433146,5.4922292962574675,180,3.4048228720397124e-09,0.17630784296014754,0.00318313558860988,1.1102230246251565e-16,True
DDO52,registered_galaxy_baryons_only,low,primary,65,0.1716639765467702,0.0009468311859027088,0.0001983296692300254,0.001900133977409269,0.04833093733390725,2.973667191455086,1358,0.10640528923051643,0.028754746882216135,0.4191183636416445,0.9935037835211161,2.973667191455086,1358,0.017338182770000165,0.0071571776961893985,0.02989973542516964,0.5480928303147232,2.973667191455086,1358,0.9802088268616793,0.9816911782077788,0.9881728100318077,0.9983810883772108,2.973667191455086,1358,1.08346009383786,0.8475206876957766,1.7422929506201636,8.912230343999724,2.973667191455086,1358,2.9717867023005517e-14,0.04833093733390725,0.0016189104340654115,1.1102230246251565e-16,True
DDO52,registered_galaxy_baryons_only,low,check,33,0.3433279530935404,0.002252086551625473,0.0003645090913390661,0.004950333240129223,0.05693292382150916,2.973521666907182,338,0.116809266391387,0.03214472839249698,0.3807504907588014,0.9613538466826412,2.973521666907182,338,0.027553043032989787,0.013811244652779997,0.051042710846213535,0.4253380125383409,2.973521666907182,338,0.9801497111773116,0.9814450610165776,0.9882302009774262,0.9967003820370682,2.973521666907182,338,1.431212932415632,1.179289868712536,2.288712846714675,7.442937987971343,2.973521666907182,338,2.2988660011221902e-11,0.05693292382150916,0.0020563552112719953,1.1102230246251565e-16,True
DDO52,registered_galaxy_baryons_only,nominal,primary,65,0.1716639765467702,0.0011126367472740653,0.0003066481902914215,0.002460185193047747,0.0383204552608505,2.9220336508438605,1309,0.1311951044457222,0.0371519207220722,0.476695760824097,0.993538612586907,2.9220336508438605,1309,0.017394716074927707,0.007955884776350453,0.03267929482278015,0.5508365340694352,2.9220336508438605,1309,0.9766046049612073,0.9789505645804689,0.9849302397499328,0.9988606786324363,2.9220336508438605,1309,1.0832835745652765,0.8937394303983266,1.8227759592154194,8.946331040351502,2.9220336508438605,1309,3.93016436106145e-14,0.0383204552608505,0.0011393213426348799,1.1102230246251565e-16,True
DDO52,registered_galaxy_baryons_only,nominal,check,33,0.3433279530935404,0.0027577089103680346,0.0005164947240086362,0.00578430861482695,0.06295568926765732,2.9095029628257016,325,0.1440037083238864,0.040506686410296824,0.4418414118077214,0.9970168764978584,2.9095029628257016,325,0.02768278741966105,0.015531849007731635,0.05444611230339358,0.48309790569319844,2.9095029628257016,325,0.976230892108983,0.978590126196908,0.9849332914800476,0.9942103922097842,2.9095029628257016,325,1.421196199127106,1.2511487467838587,2.365747231722752,8.123433972902724,2.9095029628257016,325,3.1452931650909746e-11,0.06295568926765732,0.0016924586000320388,1.1102230246251565e-16,True
DDO52,registered_galaxy_baryons_only,high,primary,65,0.1716639765467702,0.001334001196497749,0.0003947668254579391,0.0030018513343657268,0.04548427243145279,2.836769415539894,1236,0.14767898894165346,0.046625481559312815,0.47474119596299097,0.9674964104757205,2.836769415539894,1236,0.017676520892900255,0.009077282220479543,0.039301982588326456,0.4726675141640695,2.836769415539894,1236,0.9675614944382842,0.9735386598735514,0.9802238370485405,0.9951767308218542,2.836769415539894,1236,1.0853505016912937,0.9549205081682396,2.0023477936069107,7.9995251512941135,2.836769415539894,1236,4.918385341824191e-14,0.04548427243145279,0.0025958609709557053,1.1102230246251565e-16,True
DDO52,registered_galaxy_baryons_only,high,check,33,0.3433279530935404,0.0031214125995867974,0.0007171709536193687,0.005554077167194191,0.09720225425727101,2.8395320476415455,307,0.16224218245057226,0.04904667038413878,0.4762090023961914,0.9665451341940509,2.8395320476415455,307,0.025325219017590345,0.014671156698041976,0.059144977047536476,0.39888653601249746,2.8395320476415455,307,0.9662771932567369,0.9734709276355171,0.9804171365364868,0.9920502381107864,2.8395320476415455,307,1.367592652036265,1.2157237538988093,2.469133770947153,7.13422434658021,2.8395320476415455,307,3.1059925506538727e-11,0.09720225425727101,0.0008756459867503689,1.1102230246251565e-16,True
DDO53,registered_galaxy_baryons_only,low,primary,65,0.22662703395223857,0.0010340627343299541,0.00025448074574294316,0.002713508561986724,0.01607639688446158,2.2761402188558177,455,0.09998262390011456,0.03593387954862844,0.35846273982935345,0.8526146043098007,2.2761402188558177,455,0.017868696447748682,0.010566842790401765,0.030815670831664282,0.2009843480791017,2.2761402188558177,455,0.9757931264524589,0.9782305538962259,0.9884809420645662,0.9979455712641365,2.2761402188558177,455,1.1648922378910944,1.0306827013480089,1.7691902176062126,4.7368211283504715,2.2761402188558177,455,1.626399920563663e-11,0.15816681579717984,0.0006523307729393165,1.1102230246251565e-16,True
DDO53,registered_galaxy_baryons_only,low,check,33,0.45325406790447714,0.0012966754909464113,0.00045823265222859246,0.002802652634629393,0.01472234530937458,2.2731737051096848,113,0.09215912209132399,0.045563799082155874,0.25040753699296014,0.7055497439741565,2.2731737051096848,113,0.02856524444427716,0.013418335803944026,0.0382643631462533,0.4880009500685655,2.2731737051096848,113,0.975452722101048,0.9782853245780632,0.9875333045569903,0.9991028756737634,2.2731737051096848,113,1.4009164690747675,1.1622897743682656,1.975229602801175,8.181885537863616,2.2731737051096848,113,2.3138894790168494e-09,0.01472234530937458,0.0006524907799073232,1.1102230246251565e-16,True
DDO53,registered_galaxy_baryons_only,nominal,primary,65,0.22662703395223857,0.0012113763661499694,0.0003164947980430211,0.0031699173281530403,0.04507385210116289,2.3394388863482973,483,0.1252722462279877,0.04223647499750632,0.46202935410325713,0.9820624371999911,2.3394388863482973,483,0.01619637352717285,0.010315630281028443,0.030983199962013975,0.19551520083044416,2.3394388863482973,483,0.9740950037913818,0.9773531702589187,0.9876783824980341,0.9992042726967287,2.3394388863482973,483,1.1259051935983364,1.0182929417706101,1.774071649959911,4.664259935758997,2.3394388863482973,483,2.0795973325537237e-11,0.11530554345232173,0.0007189840884539947,1.1102230246251565e-16,True
DDO53,registered_galaxy_baryons_only,nominal,check,33,0.45325406790447714,0.0016587469284377264,0.0005178809500802815,0.0035925735767085745,0.022947598132014278,2.2915348192836906,114,0.11652183574185189,0.05390120779107681,0.3253612179399004,0.8636177174782685,2.2915348192836906,114,0.027357492942034642,0.01331227317920769,0.037183402530995245,0.48537192140871455,2.2915348192836906,114,0.9733084547906834,0.9772222387800082,0.9865526343479919,0.9989095948556421,2.2915348192836906,114,1.3800528673406816,1.1576559865967322,1.9465768345766705,8.150526465859933,2.2915348192836906,114,2.9738710287470232e-09,0.0234338997199202,0.0007197931778738959,1.1102230246251565e-16,True
DDO53,registered_galaxy_baryons_only,high,primary,65,0.22662703395223857,0.0012293113942459747,0.00037259169376948026,0.0030706764171678233,0.02158334591042374,2.4001719374471575,509,0.14833225170218786,0.048995747166368245,0.5129387433600561,0.9933032816179496,2.4001719374471575,509,0.014965410584627761,0.00997159946704762,0.03155850333829386,0.34325592731584,2.4001719374471575,509,0.9697266118235702,0.974891283149239,0.9856019657843723,0.9963961635736547,2.4001719374471575,509,1.075167397988146,1.001081857689702,1.7907303152393186,6.4842954565718385,2.4001719374471575,509,2.462115864701798e-11,0.18028036000124945,0.0008275708840190713,1.1102230246251565e-16,True
DDO53,registered_galaxy_baryons_only,high,check,33,0.45325406790447714,0.0020617392661623057,0.0005335769309594959,0.004103934688537555,0.04093495406688657,2.3195035600681053,118,0.13612282692700445,0.06316863799143341,0.4132151386012417,0.9624785582846828,2.3195035600681053,118,0.02230464625609224,0.012267167739068219,0.03477750525783228,0.2632980119468764,2.3195035600681053,118,0.9689230748040094,0.9740012515144875,0.9849629639496837,0.9952954326274646,2.3195035600681053,118,1.3022762652791933,1.1109887676033818,1.8813973364367063,5.527855160045993,2.3195035600681053,118,3.556177718934023e-09,0.04093495406688657,0.0007663902966215946,1.1102230246251565e-16,True
DDO87,registered_galaxy_baryons_only,low,primary,65,0.35107430892742597,0.0038915050307039593,0.0006461251869979685,0.006648472015687987,0.12754115952720654,5.655701953574544,1164,0.13195789880787598,0.041711235947141545,0.45697572279001286,0.9906436197112088,5.655701953574544,1164,0.05314759331734234,0.022575981526018196,0.1047808688112497,0.8944143495654504,5.655701953574544,1164,0.9878565743734089,0.9897361148056534,0.9940470656409283,0.9993914068100044,5.655701953574544,1164,1.9546737218889199,1.5111107670360817,3.32696165062839,14.994108186150259,5.655701953574544,1164,4.144153080771591e-10,0.12754115952720654,0.00060858576943016,1.1102230246251565e-16,True
DDO87,registered_galaxy_baryons_only,low,check,33,0.7021486178548519,0.012931729102837665,0.001659771279838096,0.026610434945024002,0.2552564351148347,5.668813497535773,291,0.16895899094756756,0.07062622450081238,0.4922886286378826,0.9338180713329891,5.668813497535773,291,0.08987127990658456,0.038084932423972595,0.19538640270578378,0.8082539741303707,5.668813497535773,291,0.9876265018388353,0.989527434167772,0.9942524334186454,0.9992963660407064,5.668813497535773,291,2.6757075994985686,1.9705105824885651,4.662543513612363,12.851395116996695,5.668813497535773,291,3.1521705735186074e-10,0.2552564351148347,0.0007036186478612872,1.1102230246251565e-16,True
DDO87,registered_galaxy_baryons_only,nominal,primary,65,0.35107430892742597,0.004256753352703695,0.0008797835584735382,0.008256436412915557,0.17619695073846187,5.5923596903949,1145,0.1636875417411186,0.0539304758834506,0.567786049957048,0.9993371516655244,5.5923596903949,1145,0.049226439865367594,0.023135957969308008,0.10083396400203626,0.7885714875296327,5.5923596903949,1145,0.9857238245598948,0.9886331070222103,0.9933290312477063,0.9993708906663235,5.5923596903949,1145,1.868269631639636,1.5299606282621738,3.260173790723726,12.465425544824772,5.5923596903949,1145,6.312453393637362e-10,0.17619695073846187,0.0006291089367343921,1.1102230246251565e-16,True
DDO87,registered_galaxy_baryons_only,nominal,check,33,0.7021486178548519,0.014320418647121632,0.002198489398493231,0.030887341087596,0.2814586475938702,5.597712563729053,286,0.20941108955776996,0.08980212321038251,0.5865313402138074,0.9918588839517932,5.597712563729053,286,0.08353439157677037,0.0375919768429715,0.17927205395163892,0.8674596314319786,5.597712563729053,286,0.9852426209996885,0.9886962100015535,0.9933960162170321,0.9988605916354167,5.597712563729053,286,2.5680871027703205,1.957462397342503,4.444796830739499,14.2157237294482,5.597712563729053,286,4.736943948096048e-10,0.2814586475938702,0.000969863720585184,1.1102230246251565e-16,True
DDO87,registered_galaxy_baryons_only,high,primary,65,0.35107430892742597,0.004176521761030514,0.0010519757831019272,0.009792777809253809,0.2129044894362946,5.503220003976602,1110,0.1873952102304651,0.06504522072624849,0.6139276222484691,0.9971485557328076,5.503220003976602,1110,0.044417761288437975,0.023460450095507457,0.10631435010752427,0.7565610866089676,5.503220003976602,1110,0.9800867291752058,0.986675983423795,0.9918062295910344,0.9989802204781636,5.503220003976602,1110,1.7530854574613195,1.540779147014716,3.3526285145502692,11.886501743419126,5.503220003976602,1110,1.0202992597121328e-09,0.2402928585838091,0.0010197789073195928,1.1102230246251565e-16,True
DDO87,registered_galaxy_baryons_only,high,check,33,0.7021486178548519,0.013829558837999273,0.0022811403819603853,0.03154872222668031,0.18202338925081832,5.475783364528514,276,0.24020122204024863,0.1122544056577416,0.643796326635156,0.9927676738017479,5.475783364528514,276,0.07458062175985068,0.034244154436178564,0.1533229433108555,0.9345774113800741,5.475783364528514,276,0.9788200734935122,0.986616319387595,0.9919415035106349,0.9988006095795271,5.475783364528514,276,2.393094054734968,1.866640249857227,4.079654552208094,16.513290672700563,5.475783364528514,276,0.0,0.18202338925081832,0.00015786407849359877,1.1102230246251565e-16,True
NGC1569,registered_galaxy_baryons_only,low,primary,65,0.7169055479850762,0.0026196640004204964,0.0003235617304905211,0.004273358597788969,0.012360552080447854,1.9782038495260974,36,0.18435216797267467,0.04021386537401617,0.38975341521438406,0.9732292655565572,1.9782038495260974,36,0.016795002776142043,0.009120671802425317,0.032178312128370634,0.03939219628055135,1.9782038495260974,36,0.79463001404138,0.8683487669856749,0.9155283859216319,0.9291835105667506,1.9782038495260974,36,1.2057115832895673,0.9569506842070667,1.8083703777830906,2.0047210775406725,1.9782038495260974,36,0.0,0.3682369825168758,9.94328112382964e-05,1.1102230246251565e-16,True
NGC1569,registered_galaxy_baryons_only,low,check,33,1.4338110959701524,0.002959475815442407,0.00024026216315087344,0.006981591797494065,0.008028413416390576,1.9603712280123036,9,0.031502206444132416,0.028964656971249184,0.15095853862170408,0.36684068562641636,1.9603712280123036,9,0.1577372825539459,0.008271544403934517,0.24390480082806143,0.24775343383053816,1.9603712280123036,9,0.7852071859084653,0.8698147866635791,0.9079042593313262,0.9706719751561924,1.9603712280123036,9,3.7570552474899106,0.91136948859889,5.28758411878874,5.335645492617355,1.9603712280123036,9,0.0,0.33447555961458514,9.276936753649342e-05,1.1102230246251565e-16,True
NGC1569,registered_galaxy_baryons_only,nominal,primary,65,0.7169055479850762,0.002189861067231903,0.00021313144368547617,0.0030500929187930476,0.008549926465601019,1.5412354750480182,21,0.20700903715135555,0.08891642030050055,0.4360943109983262,0.8602978923404471,1.5412354750480182,21,0.016752249795055345,0.004884835080136374,0.028450935839232305,0.038110392941231974,1.5412354750480182,21,0.6407510221097962,0.7819827965210367,0.8396931001978306,0.8975378617722058,1.5412354750480182,21,1.1543541042301695,0.699771740160205,1.6989263647690966,1.9711820940311486,1.5412354750480182,21,0.0,0.3952161060779096,1.3521066679700296e-05,1.1102230246251565e-16,True
NGC1569,registered_galaxy_baryons_only,nominal,check,33,1.4338110959701524,0.002846800373323488,0.00132268221733032,0.005139470628059708,0.005424803916922929,1.463805244716179,5,0.023338060345161914,0.027998024059585364,0.2645741987938861,0.4193225975492172,1.463805244716179,5,0.25567321938540655,0.26249100676793846,0.2750688444773544,0.27670514052958717,1.463805244716179,5,0.6134207986941953,0.6081516429886343,0.8239722145679024,0.9644898644136974,1.463805244716179,5,5.4002467183225695,5.517943426944012,5.671652860073455,5.691557890442675,1.463805244716179,5,0.0,0.3484990517477696,1.3051612054186592e-05,1.1102230246251565e-16,True
NGC1569,registered_galaxy_baryons_only,high,primary,65,0.7169055479850762,0.001286488963388003,0.0002842841818315148,0.0021100384484041795,0.004645934535390048,1.4488852204311506,19,0.1679328070051833,0.08826831490358826,0.39414216445822964,0.6952699214172494,1.4488852204311506,19,0.018965689920235798,0.0044053186173804715,0.033506467806164286,0.04206627844757005,1.4488852204311506,19,0.48036372582103953,0.6482484850569427,0.7697536996160043,0.8526850291632853,1.4488852204311506,19,1.2172692910583125,0.664458473171183,1.8457436036033736,2.0730819469543365,1.4488852204311506,19,0.0,0.4340601181910062,1.8339458409496518e-05,1.1102230246251565e-16,True
NGC1569,registered_galaxy_baryons_only,high,check,33,1.4338110959701524,0.0016568138567054564,0.0017507973054535658,0.002943191221356934,0.0030483780317201786,1.4339457828847009,4,0.012960955814145084,0.013786075064111204,0.02271361636186894,0.02367412299805012,1.4339457828847009,4,0.2817908092702327,0.28852968942602336,0.29449463929543673,0.2961248234618906,1.4339457828847009,4,0.44598274384194536,0.4454597526813616,0.44852782193836505,0.44964490313794625,1.4339457828847009,4,5.751964000313407,5.834547347359118,5.906252493943894,5.925826900935372,1.4339457828847009,4,0.0,0.45087884030303693,4.5088986036971216e-05,1.1102230246251565e-16,True
UGC8508,registered_galaxy_baryons_only,low,primary,65,0.10320451710496636,0.00014929124862777152,3.6845483986136884e-05,0.0003370192705096684,0.0040528369308419744,1.0930537080174176,506,0.052954067919942165,0.018693529872666773,0.13201536283145582,0.9243015086192317,1.0930537080174176,506,0.0036224449536792686,0.00233793975938984,0.006548427391880329,0.1105532548032413,1.0930537080174176,506,0.9551590475374248,0.9613946960613682,0.9740704057029781,0.9914725717076207,1.0930537080174176,506,0.5330703479264794,0.4838054351065136,0.8105529247565142,3.422800668476613,1.0930537080174176,506,6.004304744344803e-10,0.015120017443498886,0.0007068588318234786,1.1102230246251565e-16,True
UGC8508,registered_galaxy_baryons_only,low,check,33,0.20640903420993273,0.00013576405826960526,5.5801160806529107e-05,0.0002920205816585596,0.002397296767648238,1.1055828974958233,130,0.05354676945006665,0.01907717088178569,0.1364431577218781,0.9381665200057158,1.1055828974958233,130,0.0034806291412558922,0.0029848947491666333,0.00638288822767254,0.021801883217980045,1.1055828974958233,130,0.9548773607642069,0.9612084268305576,0.9749517735821871,0.9862949792178872,1.1055828974958233,130,0.5593187337271951,0.5467481006373337,0.8000839932432485,1.484690407653773,1.1055828974958233,130,1.5875003095447675e-10,0.03882789281017014,0.0013105499257067856,1.1102230246251565e-16,True
UGC8508,registered_galaxy_baryons_only,nominal,primary,65,0.10320451710496636,0.00015729483421978796,3.9885826727056105e-05,0.00034892211783261426,0.01362108072039985,1.0833182648072819,502,0.059600081675807624,0.020603582508875833,0.15022773558005137,0.9941844571598129,1.0833182648072819,502,0.0031957184551874235,0.0023782856673090214,0.005568505654935096,0.06291888191263839,1.0833182648072819,502,0.9448115429021503,0.9534595557894513,0.9694188449534556,0.9967671042128766,1.0833182648072819,502,0.5152344986702034,0.4879670230466718,0.7472661810889295,2.5492239673910513,1.0833182648072819,502,1.5348539770006506e-11,0.01812178949900725,0.00028681480235076215,1.1102230246251565e-16,True
UGC8508,registered_galaxy_baryons_only,nominal,check,33,0.20640903420993273,0.0001351155344863865,6.927844317845354e-05,0.0003111386879608123,0.0014538001640166918,1.0845502537480651,126,0.06143943743881529,0.023021840543138376,0.15266375194880594,0.8890278578202369,1.0845502537480651,126,0.003210823999194119,0.002847768243494919,0.005450079553886933,0.018567990546940694,1.0845502537480651,126,0.9441230525532383,0.9536655852294577,0.970176252933241,0.9853694265426443,1.0845502537480651,126,0.5391465144715787,0.5340252933122629,0.7391648866285876,1.3690339566815473,1.0845502537480651,126,2.114759528285459e-10,0.016062591190404048,0.0015217220354972923,1.1102230246251565e-16,True
UGC8508,registered_galaxy_baryons_only,high,primary,65,0.10320451710496636,0.00012584240887916512,4.081783965775576e-05,0.00035606197048488247,0.004496307845462523,1.0585279995705534,475,0.06338402062337317,0.02320343411699583,0.15540653000950397,0.9507229942172195,1.0585279995705534,475,0.00269182895213599,0.0023587336149439864,0.004550073537710398,0.028720203008439693,1.0585279995705534,475,0.9232969703855589,0.9364833749019514,0.9587896974155721,0.9781209189605892,1.0585279995705534,475,0.4867867769696453,0.48595471077039815,0.6753104918537751,1.7070646958355646,1.0585279995705534,475,7.327403977049712e-10,0.02487412854675742,0.002073809680060093,1.1102230246251565e-16,True
UGC8508,registered_galaxy_baryons_only,high,check,33,0.20640903420993273,0.00011967437054480538,5.7303856811059334e-05,0.0002707485285948886,0.0010053254477018568,1.0294245685084549,115,0.062186856080688455,0.023260886880278567,0.15638965038575703,0.9507040262305295,1.0294245685084549,115,0.0028748491589502523,0.0026127644318568732,0.004632706568056396,0.015717694074030786,1.0294245685084549,115,0.9215204117013078,0.9322485857060444,0.9565607766827101,0.9865349930849908,1.0294245685084549,115,0.5118787301347266,0.5114864277669954,0.6806829097983347,1.2586709979386517,1.0294245685084549,115,2.626037589604933e-10,0.007368339467211868,0.0018490644605469655,1.1102230246251565e-16,True
AS295,registered_cluster_baryons_only,low,primary,257,14.0625,0.09032440193721422,0.02267123839521961,0.30085129780338044,0.8499112802852319,393.65113222231753,3540,0.14420875301612443,0.03442210027330378,0.4561341548792362,0.9974193426685419,393.65113222231753,3540,0.9906520389990177,1.0,1.0,1.0,393.65113222231753,3540,0.661480106203186,0.6771652675704687,0.7494770389274589,0.9766811079877171,393.65113222231753,3540,197.43016217758424,194.86999406510398,329.49846274657443,970.6117261063404,393.65113222231753,3540,0.0,0.8499112802852319,0.000782792222150654,1.1102230246251565e-16,True
AS295,registered_cluster_baryons_only,low,check,129,28.125,0.09330049468662091,0.02421921378074177,0.3190869825471131,0.8757177129697985,394.6666910041046,889,0.14008305896014828,0.03515577068505381,0.4650834893573648,0.9816474230141534,394.6666910041046,889,0.9990359507942024,1.0,1.0,1.0,394.6666910041046,889,0.6700464761158103,0.6777897445841856,0.7467551336019992,0.9698493246227362,394.6666910041046,889,223.17124272789647,208.34397115986675,339.43582594068374,793.3172622725076,394.6666910041046,889,5.759393661402153e-14,0.8757177129697985,0.005174504287953392,1.1102230246251565e-16,True
AS295,registered_cluster_baryons_only,nominal,primary,257,14.0625,0.09143856447387909,0.023990433661569516,0.3057226629681107,0.8533435535402262,392.52761068090086,3514,0.16084304951545994,0.039584901674498414,0.5073528677075017,0.9984982266314032,392.52761068090086,3514,0.9859194991747442,1.0,1.0,1.0,392.52761068090086,3514,0.6113486899027696,0.6339863460542741,0.7132316842925086,0.9763628824261926,392.52761068090086,3514,185.67601295456598,184.49177817183846,320.56455272125396,997.270890558712,392.52761068090086,3514,0.0,0.8533435535402262,0.001234677506364071,1.1102230246251565e-16,True
AS295,registered_cluster_baryons_only,nominal,check,129,28.125,0.097023720053975,0.026840066381661264,0.3211598485181996,0.8142844444145053,392.02805774124363,873,0.15805416706149022,0.041820141014317205,0.5217207717904863,0.986770988400423,392.02805774124363,873,0.9979253262379169,1.0,1.0,1.0,392.02805774124363,873,0.6229203006812413,0.6350227028684676,0.7097936022613669,0.9660447468911307,392.02805774124363,873,212.2858268423034,203.76067419408616,325.2828154334832,884.065476170991,392.02805774124363,873,6.585737074161406e-14,0.8142844444145053,0.005756435144374783,1.1102230246251565e-16,True
AS295,registered_cluster_baryons_only,high,primary,257,14.0625,0.08903595315339459,0.02424849547003233,0.3058416024589834,0.8355475762582892,391.79160694261265,3503,0.17039851583223056,0.04284906888756285,0.5363123302011272,0.9992297866931238,391.79160694261265,3503,0.9827062111143741,1.0,1.0,1.0,391.79160694261265,3503,0.5686843873165566,0.5967493685085848,0.6815387844303138,0.9776374149504461,391.79160694261265,3503,178.3101652842112,177.49750094531782,315.36801573335924,1100.2316703036856,391.79160694261265,3503,0.0,0.8355475762582892,0.000532804013521779,1.1102230246251565e-16,True
AS295,registered_cluster_baryons_only,high,check,129,28.125,0.09547997367899483,0.02707776331567994,0.3198862729785483,0.762129544554306,391.87799767885485,873,0.16769047360974979,0.04485138452994145,0.5511536579414658,0.996757074994779,391.87799767885485,873,0.9971311363249019,1.0,1.0,1.0,391.87799767885485,873,0.5825425440556455,0.5970947266962898,0.6757219368151756,0.961221689804927,391.87799767885485,873,205.00499730134297,195.609381540817,315.03215846713715,826.9974738475902,391.87799767885485,873,7.139849380488043e-14,0.762129544554306,0.006414972212989251,1.1102230246251565e-16,True
MACS0025,registered_cluster_baryons_only,low,primary,257,14.0625,0.14754274750869442,0.10633879546334343,0.37571032702242035,0.7571034827727706,348.2080943691968,2764,0.24581544704172464,0.1702737188194947,0.6062514181231516,0.9988853327977308,348.2080943691968,2764,0.9900891409739883,1.0,1.0,1.0,348.2080943691968,2764,0.6192703858421559,0.6331672827488828,0.7052100652515751,0.9613118170384096,348.2080943691968,2764,187.82554958892385,157.89451344009933,342.20867990004604,2116.80092414398,348.2080943691968,2764,0.0,0.7571034827727706,0.001638566563550702,1.1102230246251565e-16,True
MACS0025,registered_cluster_baryons_only,low,check,129,28.125,0.1584065230716729,0.1331642863523534,0.3855743560419155,0.6540766739093203,345.18853463407686,678,0.25817431853019385,0.21249147550739808,0.6141174940097961,0.9939250783016741,345.18853463407686,678,0.9970956056922323,1.0,1.0,1.0,345.18853463407686,678,0.6197485436858204,0.6325861842699916,0.7045053108413064,0.952163653254415,345.18853463407686,678,207.91632163908162,179.68002380110977,338.63633510165954,1210.6686353441658,345.18853463407686,678,0.0,0.6540766739093203,0.00123700680200373,1.1102230246251565e-16,True
MACS0025,registered_cluster_baryons_only,nominal,primary,257,14.0625,0.15382756782492654,0.11293715131212281,0.3966075735238233,0.7188249806800128,349.7017945249261,2787,0.2774030897972626,0.1970094513315398,0.67764723161101,0.999189456261052,349.7017945249261,2787,0.9834944772910907,1.0,1.0,1.0,349.7017945249261,2787,0.5798304666361949,0.6032459289441457,0.6849537212222282,0.9551661665478385,349.7017945249261,2787,169.08830191055245,132.04824811503778,331.56709750431753,1022.3943493849416,349.7017945249261,2787,0.0,0.7188249806800128,0.0010787226248154726,1.1102230246251565e-16,True
MACS0025,registered_cluster_baryons_only,nominal,check,129,28.125,0.16719718139282028,0.14662558064670483,0.3993915549312861,0.6543779300424284,346.47808258663997,680,0.2921490112863645,0.24732964458647,0.6786755758821718,0.9870926687114182,346.47808258663997,680,0.9952143704506442,1.0,1.0,1.0,346.47808258663997,680,0.5809689632302512,0.6032303441610354,0.6884495548764281,0.9598542390170578,346.47808258663997,680,193.28873595889286,164.81615809052946,341.1180096751899,1229.856073932058,346.47808258663997,680,0.0,0.6543779300424284,0.0018865142770247158,1.1102230246251565e-16,True
MACS0025,registered_cluster_baryons_only,high,primary,257,14.0625,0.1530596483883622,0.11675320482403463,0.39500560700782045,0.6855069321335375,351.11379596467395,2813,0.29722780424670503,0.21263602740018314,0.7086785123175819,0.9997562641680479,351.11379596467395,2813,0.9777232799083064,1.0,1.0,1.0,351.11379596467395,2813,0.5435090600396684,0.5752731307850008,0.6655377444531965,0.9614462725573424,351.11379596467395,2813,156.80645813312273,119.49451560062137,323.16863372030804,1023.4886493848423,351.11379596467395,2813,0.0,0.6909707773747988,0.0006698783314284445,1.1102230246251565e-16,True
MACS0025,registered_cluster_baryons_only,high,check,129,28.125,0.1657349202263108,0.14385111726139901,0.4014972579637534,0.6825384495006872,349.5495560596067,695,0.3085304485965658,0.2600078642354376,0.7111557897111147,0.995067767780915,349.5495560596067,695,0.993336721208545,1.0,1.0,1.0,349.5495560596067,695,0.5468452786922773,0.57574693499805,0.6660831191588067,0.9751387088302151,349.5495560596067,695,184.7008425610539,153.12591508839844,335.4943376018571,1897.8378592056047,349.5495560596067,695,0.0,0.6825384495006872,0.004194267866939361,1.1102230246251565e-16,True
MACS0159,registered_cluster_baryons_only,low,primary,257,14.0625,0.03981412217425967,0.020512287090509524,0.10504500504408155,0.3606957108205818,336.36156511711533,2584,0.10964779669789587,0.05410869055617079,0.2748811269801341,0.9660615091377432,336.36156511711533,2584,0.9992529210797588,1.0,1.0,1.0,336.36156511711533,2584,0.3739202950551453,0.3875158462945075,0.49043119632570126,0.7311939975598223,336.36156511711533,2584,164.19612231653701,172.46226772771556,221.84298902558135,586.0908626751383,336.36156511711533,2584,1.798053346719698e-11,0.5292423036087563,0.008053801273250094,1.1102230246251565e-16,True
MACS0159,registered_cluster_baryons_only,low,check,129,28.125,0.03374726321717528,0.01222672439947271,0.088122900499039,0.26825949713946984,336.15390924304984,644,0.0948881923948417,0.03309276676890406,0.23553127617778005,0.8422793691486897,336.15390924304984,644,0.9996687966098581,1.0,1.0,1.0,336.15390924304984,644,0.37309511592267064,0.3867418815210607,0.4892293376004061,0.5869786708544538,336.15390924304984,644,168.52480887736817,177.7300678935881,220.294043951791,379.03684093659035,336.15390924304984,644,1.6454542054250045e-12,0.8408281366497856,0.0074752413577506786,1.1102230246251565e-16,True
MACS0159,registered_cluster_baryons_only,nominal,primary,257,14.0625,0.04433140525912119,0.023403596717496797,0.11786693784506778,0.37034456643159713,335.960904564816,2579,0.1300748329116656,0.06529812443315686,0.32410765605598807,0.995206228248084,335.960904564816,2579,0.998769551355912,1.0,1.0,1.0,335.960904564816,2579,0.3526962182550441,0.3657859449550388,0.46755885363344357,0.6447388668800359,335.960904564816,2579,161.12081941294608,169.44061878239745,223.76782669073708,641.1335750862474,335.960904564816,2579,2.16099294851566e-11,0.6076448997308045,0.009452325571094426,1.1102230246251565e-16,True
MACS0159,registered_cluster_baryons_only,nominal,check,129,28.125,0.03755356419318819,0.013915499850159004,0.0992244742225819,0.2810423813587431,336.11284633542,644,0.11233940615181223,0.03989649616606458,0.2791672492674712,0.8882293659983566,336.11284633542,644,0.9996613006405851,1.0,1.0,1.0,336.11284633542,644,0.35185825131458964,0.36545727652687776,0.46694936388688024,0.5391032763593251,336.11284633542,644,166.70668074429176,175.42439802796372,221.2437236139177,339.642368023487,336.11284633542,644,1.9772091058459416e-12,0.8977038083829073,0.005645245766376016,1.1102230246251565e-16,True
MACS0159,registered_cluster_baryons_only,high,primary,257,14.0625,0.04628605510720307,0.02473656728999901,0.12346288991874851,0.35867983967188666,335.9060740053106,2579,0.14421084760381553,0.07284746899670115,0.3599328872585663,0.9953958135401902,335.9060740053106,2579,0.9981133166943371,1.0,1.0,1.0,335.9060740053106,2579,0.33378369758745774,0.3470505027342173,0.4474041644771769,0.7848561173689369,335.9060740053106,2579,158.48741553977723,166.4825503142546,224.66095339627276,1282.425135205863,335.9060740053106,2579,2.416738112717257e-11,0.6551374576947947,0.010891862361655085,1.1102230246251565e-16,True
MACS0159,registered_cluster_baryons_only,high,check,129,28.125,0.03942392141171337,0.015036697494403974,0.1055940582058632,0.2896858723438527,333.7688689569271,632,0.12536427891095886,0.04606305749250375,0.31218816210226275,0.9020429939366594,333.7688689569271,632,0.9995931300735794,1.0,1.0,1.0,333.7688689569271,632,0.3314388724157021,0.3453776553093618,0.44301274276987146,0.5174812031907992,333.7688689569271,632,165.13676305858723,172.8063059563495,221.63773128432192,391.9818047036155,333.7688689569271,632,2.2109048544104828e-12,0.9159032552433165,0.005314486342686439,1.1102230246251565e-16,True
PLCKG287,registered_cluster_baryons_only,low,primary,257,14.0625,0.05058801918696812,0.00716519258791192,0.15292879498074838,0.7924065880455298,647.3397063858486,9577,0.08274860132817477,0.010891700469335722,0.24813869203562514,0.9996935899068567,647.3397063858486,9577,0.9968354051890034,1.0,1.0,1.0,647.3397063858486,9577,0.6459300987850992,0.6664813431183432,0.734750182536737,0.9870921478685453,647.3397063858486,9577,305.3786946441917,296.69660953517524,484.03994980011254,2317.673874366198,647.3397063858486,9577,9.939040649176117e-12,0.7924065880455298,0.012907800699877011,1.1102230246251565e-16,True
PLCKG287,registered_cluster_baryons_only,low,check,129,28.125,0.06014911242795827,0.00944344429556939,0.18117433549563883,0.7601178540937682,647.7709099852786,2396,0.09536837370980472,0.014128439252725118,0.285244998503298,0.9945189641201606,647.7709099852786,2396,0.9997203625765392,1.0,1.0,1.0,647.7709099852786,2396,0.6489585875096601,0.6685899034736607,0.7340424787917093,0.9301111268287036,647.7709099852786,2396,324.0073558171661,309.75949132978684,502.97789379850394,1625.4839868005793,647.7709099852786,2396,5.750638268540376e-12,0.7601178540937682,0.020912808314436013,1.1102230246251565e-16,True
PLCKG287,registered_cluster_baryons_only,nominal,primary,257,14.0625,0.05475839440998459,0.008202656463198362,0.16718399872802311,0.8296404002712312,646.4381055242033,9534,0.09614259074037444,0.012977192857934524,0.2871744185741111,0.9987009655635143,646.4381055242033,9534,0.9946918097448075,1.0,1.0,1.0,646.4381055242033,9534,0.6154349969234943,0.639487311757647,0.7117321369853518,0.9561600211041991,646.4381055242033,9534,291.4231481031345,288.3961180527482,476.9865961765635,2376.395801962494,646.4381055242033,9534,1.160000802080412e-11,0.8296404002712312,0.007886965845788407,1.1102230246251565e-16,True
PLCKG287,registered_cluster_baryons_only,nominal,check,129,28.125,0.06623096222252374,0.010700811081278247,0.1992500028056948,0.7285368611624777,646.8698698257987,2392,0.11089754072538904,0.016807134773801684,0.32881393662487507,0.9997457123491567,646.8698698257987,2392,0.9994759935124489,1.0,1.0,1.0,646.8698698257987,2392,0.6206562767076594,0.6421383706026043,0.7120404970663112,0.9396336179141715,646.8698698257987,2392,314.42561018857566,304.04240167858563,497.55258418089466,1520.3918529409575,646.8698698257987,2392,6.802113838969097e-12,0.7285368611624777,0.02333993919241716,1.1102230246251565e-16,True
PLCKG287,registered_cluster_baryons_only,high,primary,257,14.0625,0.056121771002499966,0.008743873542349203,0.1747645651881158,0.8327143275373305,645.5265509479818,9512,0.10507436111626353,0.014401974810365443,0.3136747270790589,0.9995128381979268,645.5265509479818,9512,0.9926285981447405,1.0,1.0,1.0,645.5265509479818,9512,0.5876037699536584,0.6144378027034523,0.6906023131350919,0.9217425543320976,645.5265509479818,9512,281.66201436719143,281.6755051681291,473.42094658545983,2376.2663825963878,645.5265509479818,9512,1.258571438076259e-11,0.8327143275373305,0.004107191849059401,1.1102230246251565e-16,True
PLCKG287,registered_cluster_baryons_only,high,check,129,28.125,0.06878228139333963,0.011572428349338968,0.20692643657937013,0.7123956125034473,646.3801210539671,2385,0.12135889592301485,0.018723994562734138,0.36072683265143435,0.9961455707981793,646.3801210539671,2385,0.999149330569421,1.0,1.0,1.0,646.3801210539671,2385,0.594399269637711,0.6178767562627814,0.6905266027540277,0.9847553074826572,646.3801210539671,2385,306.6742492147328,298.57052229277275,492.2892318581749,1444.0875792002307,646.3801210539671,2385,7.505864927875175e-12,0.7123956125034473,0.015244689506902873,1.1102230246251565e-16,True
