galaxy_id,t_type,incl_deg,r_d_kpc,mbar_1e9Msun,sigma0_Msun_pc2,v_flat_kms,log_mbar,log_sigma0,log_rd,log_vf,gbar_2kpc,gbar_5kpc,gbar_10kpc,K_2kpc,K_5kpc,K_10kpc,K_inner_mean,K_outer_mean,rar_bias_dex,rar_scatter_dex,btfr_residual_dex,n_datapoints
D512-2,10,56.0,1.24,0.2435,46.97,0.0,-0.6135010344493469,1.671820560183249,0.09342168516223506,,247.0036603009259,,,0.11975343574900389,0.38786796564403575,0.546334368540005,0.11772452169013635,,0.4016862238154212,0.05737670410426071,,4
D564-8,10,63.0,0.61,0.0455,10.565,24.0,-1.3419886033428876,1.023869501388332,-0.21467016498923297,1.380211241711606,62.14243015506857,,,0.11975343574900389,0.38786796564403575,0.546334368540005,0.08416383715931444,,0.5059142967805671,0.23074930426426843,5.327272050666492,6
D631-7,10,59.0,0.7,0.388,57.52,57.7,-0.41116827440579273,1.7598188773748262,-0.1549019599857432,1.7611758131557314,405.71536913580246,112.24341564951341,,0.11975343574900389,0.38786796564403575,0.546334368540005,0.08846454088177182,0.4526185655945453,0.44639677834686275,0.4072992426274888,4.924716379549148,16
DDO064,10,60.0,0.69,0.2895,75.825,46.1,-0.538351431936545,1.879812418982701,-0.16115090926274472,1.6637009253896482,367.9054672667758,,,0.11975343574900389,0.38786796564403575,0.546334368540005,0.07654404265440207,,0.4747460323987434,0.14952508649121438,5.1386953291996855,14
DDO154,10,64.0,0.37,0.3015,35.63,47.0,-0.5207126835238299,1.5518158223510157,-0.431798275933005,1.6720978579357175,156.01886016153227,66.2938361065678,,0.11975343574900389,0.38786796564403575,0.546334368540005,0.10253946752172205,0.4261631835164724,0.6287196388097364,0.2548980647120536,5.12694481370116,12
DDO161,10,70.0,1.22,1.652,84.685,66.3,0.21801004298436338,1.9278064918639528,0.08635983067474821,1.8215135284047732,481.1224808195105,259.1077771805305,137.15395938797553,0.11975343574900389,0.38786796564403575,0.546334368540005,0.07931265134850296,0.5207650952582313,0.32079217126128035,0.22354633431406756,5.342712693567658,31
DDO168,10,63.0,1.02,0.5085,46.11,53.4,-0.29370904274123666,1.6637951222194076,0.00860017176191757,1.7275412570285564,377.9008182233348,,,0.11975343574900389,0.38786796564403575,0.546334368540005,0.09571529586158298,,0.3722666257613487,0.20998921816940916,5.159896557658817,10
DDO170,10,66.0,1.95,1.0065,36.965,60.0,0.0028137792246732954,1.5677907105335362,0.290034611362518,1.7781512503836436,214.30210534152653,167.55965283282544,103.35657231108007,0.11975343574900389,0.38786796564403575,0.546334368540005,0.10697966119443514,0.52516148202285,0.5018562647825514,0.10861133789199799,5.279284402881921,8
ESO079-G014,4,79.0,5.08,29.0065,1147.625,175.0,1.462495328858217,3.059800000399848,0.7058637122839193,2.2430380486862944,2180.2242854113433,1633.5377299353875,1705.9327244001847,0.11975343574900389,0.38786796564403575,0.546334368540005,0.08188495149189669,0.5256620937415067,0.14200564358448325,0.13242892967036773,5.111862158456187,15
ESO116-G012,7,74.0,1.51,3.229,660.39,109.1,0.5090680450171616,2.819800488307139,0.17897694729316943,2.037824750588342,1955.9936891454486,976.7408430459902,,0.11975343574900389,0.38786796564403575,0.546334368540005,0.07660397917572712,0.4881589081083397,0.3171160991769535,0.18211945944959734,4.8766814179579665,15
ESO444-G084,10,32.0,0.46,0.1705,33.405,62.7,-0.7682756166714835,1.5238114760897195,-0.3372421683184259,1.7972675408307164,279.25131068382774,,,0.11975343574900389,0.38786796564403575,0.546334368540005,0.06635707238158298,,0.7749440006198329,0.22119404840680132,4.44128799042101,7
ESO563-G021,4,83.0,5.45,179.8865,3279.445,314.6,2.254998571930874,3.515800351689707,0.7363965022766424,2.497758718287268,9070.330113641747,6367.911185413257,6687.860260770288,0.11975343574900389,0.38786796564403575,0.546334368540005,0.06981673783527394,0.5720070961999673,0.07302349312685572,0.31557137533902196,5.012843057925435,30
F561-1,9,24.0,2.79,3.6605,46.535,50.0,0.5635404111894491,1.667779718248877,0.44560420327359757,1.6989700043360187,512.3986001341802,367.0026433931452,,0.11975343574900389,0.38786796564403575,0.546334368540005,0.0825312469596814,0.5052818437872749,-0.044987426350994474,0.09790905977096252,6.117145396013383,6
F563-1,9,25.0,3.52,4.1515,20.885,109.9,0.6182050422592696,1.3198344796011399,0.5465426634781311,2.0409976924234905,337.8435317786417,223.22153301120852,155.64005660743533,0.11975343574900389,0.38786796564403575,0.546334368540005,0.13140922440057853,0.5571288740361253,0.7768890702764971,0.19242117007735327,4.974713118777053,17
F563-V1,10,60.0,3.79,1.38,20.315,28.6,0.13987908640123647,1.3078168266624304,0.5786392099680724,1.4563660331290431,127.4560400400546,167.78127498397532,,0.11975343574900389,0.38786796564403575,0.546334368540005,0.12046655417058189,0.45867858109014814,0.00015863570174053562,0.06961820295659478,6.542597970449586,6
F563-V2,10,29.0,2.43,3.662,73.08,116.6,0.5637183399656777,1.8637985386805003,0.38560627359831223,2.0666985504229953,619.8718888083495,475.3648404685687,304.77765583888885,0.11975343574900389,0.38786796564403575,0.546334368540005,0.07566789205773837,0.5333921183837935,0.6631604770040542,0.06536579256117649,4.830273413485195,10
F565-V2,10,60.0,2.17,0.9785,20.13,78.5,-0.009439170005980012,1.3038437748886544,0.3364597338485295,1.8948696567452525,149.62550128628345,134.32153927230272,,0.11975343574900389,0.38786796564403575,0.546334368540005,0.11231787675093112,0.4678960265459038,0.7180685596701168,0.13731607629003828,4.858517031385636,7
F567-2,9,20.0,3.08,3.516,23.325,48.1,0.5460488664017343,1.3678216524185376,0.4885507165004443,1.6821450763738317,347.02791574465505,236.46483493444208,,0.11975343574900389,0.38786796564403575,0.546334368540005,0.11185686209196899,0.4911590276471605,0.20987283428322873,0.10748742332295069,6.158541099093324,5
F568-1,5,26.0,5.18,7.624,28.565,133.0,0.88218288763027,1.4558342283965677,0.714329759745233,2.123851640967086,609.6877286501378,383.0644384390979,393.74473113448505,0.11975343574900389,0.38786796564403575,0.546334368540005,0.0681549870963244,0.5153154436562045,0.6357044516132707,0.1860531244880548,4.94870214424547,12
F568-3,7,40.0,4.99,7.368,66.04,107.0,0.8673496171887926,1.819807064590756,0.69810054562339,2.0293837776852097,436.26029670878853,456.542817079895,356.06576507455816,0.11975343574900389,0.38786796564403575,0.546334368540005,0.096742230176976,0.5178918711509911,0.37324029931917946,0.1817267444547602,5.264506395290559,18
F568-V1,7,40.0,2.85,4.4035,45.27,112.3,0.6437980006792351,1.6558104944952523,0.4548448600085102,2.050379756261458,616.1529729019633,428.73710081934075,262.9331450549372,0.11975343574900389,0.38786796564403575,0.546334368540005,0.09060888409141621,0.503035149447827,0.6592459233325454,0.13377417842543707,4.9674688537641325,15
F571-8,5,85.0,3.56,6.864,43.63,139.7,0.836577274840649,1.6397852129868202,0.5514499979728752,2.1451964061141817,6462.251291719642,1652.2503902420704,466.0480852990982,0.11975343574900389,0.38786796564403575,0.546334368540005,0.058663065110107555,0.5048222427144338,0.006080963537826005,0.5603623820817681,4.828389853441012,13
F571-V1,7,30.0,2.47,2.1415,32.195,83.6,0.3307180787325882,1.507788429428143,0.39269695325966575,1.9222062774390163,324.18528276280995,315.2523732816169,188.80316658356313,0.11975343574900389,0.38786796564403575,0.546334368540005,0.11480537013795013,0.5241565501146521,0.4892588679714388,0.1560243964545995,5.102996107696031,7
F574-1,7,65.0,4.46,6.7925,64.24,97.8,0.8320296470899284,1.8078055322706246,0.6493348587121419,1.9903388547876015,738.4630150897843,440.595045421496,298.846592172841,0.11975343574900389,0.38786796564403575,0.546334368540005,0.07605424921452263,0.5116038133330861,0.443917922374592,0.12750985932961825,5.3658436553333235,14
F574-2,9,30.0,3.76,3.1395,20.69,36.0,0.4968604873943677,1.3157604906657345,0.5751878449276611,1.5563025007672873,,195.02769389395002,197.63120320323085,0.11975343574900389,0.38786796564403575,0.546334368540005,0.13683961583315998,0.5147406263496378,-0.2310702302632607,0.171588106091684,6.549801734708863,5
F579-V1,5,26.0,3.37,8.169,100.88,112.1,0.912168896059627,2.003805073565025,0.5276299008713387,2.049605612594973,1132.341105784731,857.4847276028047,606.474414283702,0.11975343574900389,0.38786796564403575,0.546334368540005,0.10319226383965649,0.5165558140538843,0.44133715816906843,0.12464408068845206,5.238549251977222,14
F583-1,9,63.0,2.36,2.619,30.465,85.8,0.4181354984252322,1.483801182460488,0.37291200297010657,1.9334872878487055,180.58804589265347,152.40047945845006,144.70716353998753,0.11975343574900389,0.38786796564403575,0.546334368540005,0.07515577136046926,0.49593105863784953,0.6116080124312567,0.25837242526979515,5.150929990954764,25
F583-4,5,55.0,1.93,1.4985,41.67,67.2,0.17565674728166353,1.619823500457278,0.28555730900777376,1.8273692730538253,544.242975154448,326.82362,,0.11975343574900389,0.38786796564403575,0.546334368540005,0.04816011730580873,0.44734305035165417,0.368321641173109,0.09031342981784242,5.279864291593276,12
IC2574,9,75.0,2.78,1.544,40.16,66.4,0.18864729599971736,1.603793704136963,0.4440447959180762,1.8221680793680175,154.39359680282845,154.71454296413816,128.71410258389915,0.11975343574900389,0.38786796564403575,0.546334368540005,0.10935550469176152,0.49147402496072223,0.37555467007060583,0.13798677872296464,5.3110590182116555,34
IC4202,4,90.0,4.78,102.2005,4444.265,242.6,2.0094530205218817,3.6477999468949407,0.6794278966121189,2.3848907965305544,17501.468105648746,8462.150765108043,5845.955677154362,0.11975343574900389,0.38786796564403575,0.546334368540005,0.08590543191345872,0.5604134368569726,-0.027854341802985405,0.27137359020551355,5.162335232664942,32
KK98-251,10,59.0,1.34,0.1575,26.05,33.7,-0.8027194418743807,1.4158077276355432,0.12710479836480765,1.5276299008713388,211.18092686265445,,,0.11975343574900389,0.38786796564403575,0.546334368540005,0.07105882204020955,,0.30020178549474813,0.0667760417685392,5.350575905075934,15
NGC0024,5,64.0,1.34,2.6205,591.29,106.3,0.41838416403861217,2.7718005341969016,0.12710479836480765,2.0265332645232967,2440.8789052596358,1152.1992721853392,235.10222307733696,0.11975343574900389,0.38786796564403575,0.546334368540005,0.08171732350220155,0.5278072001970596,0.35371423444227956,0.1546485773377058,4.825517738207073,29
NGC0055,9,77.0,6.11,3.879,195.795,85.6,0.5887197796000565,2.2918015970680607,0.7860412102425542,1.9324737646771533,758.4972692105955,563.2190078033252,339.1625177262203,0.11975343574900389,0.38786796564403575,0.546334368540005,0.10708252764324337,0.5238828445105482,0.24781294262860767,0.13414298801659114,5.32506160323002,21
NGC0100,6,89.0,1.66,3.606,596.76,88.1,0.5570257223863831,2.7757997052798498,0.22010808804005508,1.944975908412048,1075.2091676237355,608.2380113042968,,0.11975343574900389,0.38786796564403575,0.546334368540005,0.0941630438726081,0.49043864674032756,0.2616310533959008,0.25698585081403064,5.249610042944215,21
NGC0247,7,74.0,3.74,5.412,253.395,104.9,0.7333577879255854,2.4037980411163526,0.5728716022004802,2.020775488193558,565.5713322740623,523.9086620173559,413.52207312200085,0.11975343574900389,0.38786796564403575,0.546334368540005,0.11206496283563219,0.5280770028749049,0.3893112090839932,0.05182999179894797,5.160643579248132,26
NGC0289,4,46.0,6.74,63.5015,34.98,163.0,1.8027839840955786,1.5438198051426577,0.8286598965353198,2.2121876044039577,20885.635840554,9919.219877962678,3272.596405507251,0.11975343574900389,0.38786796564403575,0.546334368540005,0.12274592339863105,0.57723249307832,0.23634421330727134,0.26417193897545055,5.5601273686817265,28
NGC0300,7,42.0,1.75,2.397,218.675,93.3,0.3796680340336538,2.3397991351974112,0.24303804868629444,1.9698816437464999,959.5498002614127,530.3398444483703,210.65538768686702,0.11975343574900389,0.38786796564403575,0.546334368540005,0.10640489304502684,0.5113789996960597,0.4435008637997373,0.17246655267495553,4.985082280920905,25
NGC0801,5,80.0,8.72,179.486,779.47,220.1,2.2540305790432136,2.891799404854971,0.9405164849325672,2.342620042553348,27459.96631489259,19260.341136368832,8197.79996239991,0.11975343574900389,0.38786796564403575,0.546334368540005,0.1085661680653513,0.5914088913583593,-0.06789180413522065,0.16653617231376588,5.554860430106496,13
NGC0891,3,90.0,2.55,73.632,2533.96,216.1,1.8670665969885494,3.403799755016094,0.4065401804339551,2.3346547668832414,57595.63425428357,20945.2132629259,6596.046187268807,0.11975343574900389,0.38786796564403575,0.546334368540005,0.09069226268768492,0.5350212715774622,-0.1637074999097785,0.16288737586615376,5.195774912897203,18
NGC1003,6,67.0,1.61,9.29,672.665,109.8,0.9680157139936417,2.827798831128157,0.20682587603184974,2.040602340114073,2081.3103605468023,1338.566957232798,424.88052553232035,0.11975343574900389,0.38786796564403575,0.546334368540005,0.13051092439606427,0.5671700093129709,0.47982916556747196,0.29864957646267487,5.3259075235943865,36
NGC1090,4,64.0,3.53,44.8055,1027.545,164.4,1.6513313281284925,3.011800850327906,0.5477747053878226,2.215901813204032,7678.70199493243,4751.4723412546555,2827.595506588916,0.11975343574900389,0.38786796564403575,0.546334368540005,0.04166230111323108,0.5647805479741261,0.026767022298712233,0.2317798595292849,5.3956749819143806,24
NGC1705,11,80.0,0.39,0.4055,293.63,71.9,-0.3920091414528251,2.467800425116173,-0.4089353929735008,1.8567288903828827,770.4494499999997,128.08068720294673,,0.11975343574900389,0.38786796564403575,0.546334368540005,0.09027183243759478,0.4193155258779548,0.6664498153740658,0.23845687221882494,4.609439742207086,14
NGC2366,10,68.0,0.65,0.765,56.99,50.2,-0.11633856484638239,1.7557986569738306,-0.18708664335714442,1.7007037171450194,405.5150158242689,184.23067878842065,,0.11975343574900389,0.38786796564403575,0.546334368540005,0.08955920440206619,0.42105371141624237,0.3107948377461959,0.20051582128818612,5.43119842514605,26
NGC2403,6,63.0,1.39,8.2195,704.37,131.2,0.9148453997972944,2.847800850543521,0.14301480025409505,2.1179338350396413,5233.353914974618,2035.2833051280263,663.7628430699248,0.11975343574900389,0.38786796564403575,0.546334368540005,0.09001602017295508,0.552660568303984,0.20760706982645244,0.26453780226173956,5.002076977158549,73
NGC2683,3,80.0,2.18,41.6135,5102.7,154.0,1.6192342446745147,3.7078000358661374,0.33845649360460484,2.187520720836463,,11836.198151192057,4087.9043749175867,0.11975343574900389,0.38786796564403575,0.546334368540005,0.21061744814102978,0.5663880016708037,0.1200094300020892,0.16863489489036856,5.462911721746893,11
NGC2841,3,76.0,3.64,103.8355,2375.745,284.8,2.016345858505639,3.375799823920237,0.561101383649056,2.4545399849648186,,15841.230305167906,8061.532619438651,0.11975343574900389,0.38786796564403575,0.546334368540005,,0.5560139570818241,0.277919402416088,0.2197978971818203,4.925455911128774,50
NGC2903,4,66.0,2.33,43.4835,596.76,184.6,1.6383244933146974,2.7757997052798498,0.367355921026019,2.266231696689893,28092.56172433036,14934.402817708331,3922.134339015152,0.11975343574900389,0.38786796564403575,0.546334368540005,0.09202601792138074,0.5621442747508645,-0.08152331770037635,0.35606171410521376,5.206513554900072,34
NGC2915,11,56.0,0.55,0.8285,156.965,83.5,-0.08170748724464444,2.1958028243747103,-0.2596373105057561,1.921686475483602,804.343427855312,165.95973000406616,67.58334882543811,0.11975343574900389,0.38786796564403575,0.546334368540005,0.0831974730882026,0.48707384946700083,0.7067515286173214,0.4978348954661265,4.692389848562748,30
NGC2955,3,56.0,18.76,188.66000000000005,25.34,257.0,2.2756798301027032,1.4038066105474225,1.2732328340430457,2.4099331233312946,33133.17086030855,20841.014045357268,9773.625992148394,0.11975343574900389,0.38786796564403575,0.546334368540005,0.0823167263097353,0.5469734391889347,-0.09500056802390815,0.10016325936934306,5.340913898443173,24
NGC2976,5,61.0,1.01,1.8575,751.275,85.4,0.2689288224326129,2.875798937165733,0.004321373782642578,1.931457870689005,3436.2956286701205,,,0.11975343574900389,0.38786796564403575,0.546334368540005,0.04524862253865119,,-0.07563569273199428,0.13052587438727004,5.008826275021096,27
NGC2998,5,58.0,6.2,98.902,387.08,209.9,1.995205074005485,2.587800732378037,0.7923916894982539,2.3220124385824006,8828.290907177836,9228.294934628957,5137.712431504482,0.11975343574900389,0.38786796564403575,0.546334368540005,0.08509681998758717,0.5803446785818993,0.16823420166731132,0.17504936532106247,5.368161538967083,13
NGC3109,9,70.0,1.56,0.574,70.435,66.2,-0.2410881076020265,1.8477885189380372,0.1931245983544616,1.8208579894397,166.89306393820735,102.8412866635026,,0.11975343574900389,0.38786796564403575,0.546334368540005,0.08772786315280999,0.43160085082399124,0.7368780840031788,0.1363641431787479,4.885908929359024,25
NGC3198,5,73.0,3.14,30.0085,801.31,150.1,1.4772442873940625,2.9038005625809453,0.49692964807321494,2.1763806922432702,3538.490461359268,3262.73289816629,1700.1287750343754,0.11975343574900389,0.38786796564403575,0.546334368540005,0.09246244829442832,0.5476863136046584,0.12285215945379616,0.2983211696334255,5.359911864542617,43
NGC3521,4,75.0,2.4,46.572,1056.33,213.7,1.6681248887876399,3.02379961402202,0.38021124171160603,2.3298045221640695,35899.20940949842,14416.808837765682,4200.516394856071,0.11975343574900389,0.38786796564403575,0.546334368540005,0.09971082508778568,0.48106753932141094,-0.16071467071124196,0.11873931759180688,5.013809061213395,41
NGC3726,5,53.0,3.4,41.59,894.955,168.0,1.6189889203649337,2.9518011987315402,0.5314789170422551,2.225309281725863,,5177.315267803558,3220.800496925748,0.11975343574900389,0.38786796564403575,0.546334368540005,,0.5523693263728771,0.014866689134171626,0.2294353980214111,5.330406434324415,12
NGC3741,10,70.0,0.2,0.196,71.745,50.1,-0.707743928643524,1.8557916399276455,-0.6989700043360187,1.6998377258672457,77.04241952591315,42.80436745387654,,0.11975343574900389,0.38786796564403575,0.546334368540005,0.08514205697486134,0.442681575040227,0.8001796688539142,0.3042822651661961,4.842824030821117,21
NGC3769,3,70.0,3.38,14.8685,80.13,118.6,1.1722671571849057,1.9037951427410353,0.5289167002776547,2.074084689028244,8677.019114274519,3410.4124229609297,999.7016569943958,0.11975343574900389,0.38786796564403575,0.546334368540005,0.0945451160794414,0.5490814105369196,0.20905615444552603,0.31379107712264076,5.412970745586053,12
NGC3877,5,76.0,2.53,37.7505,1705.295,168.4,1.5769227081719064,3.2317995186892294,0.40312052117581787,2.226342087163631,7031.534930197737,4900.467882950348,4049.7066027480673,0.11975343574900389,0.38786796564403575,0.546334368540005,0.10093363961533537,0.5022951167227143,-0.15452661873059423,0.23454298686705308,5.284725403099198,13
NGC3893,5,49.0,2.38,35.0615,1027.545,174.0,1.5448304921282177,3.011800850327906,0.37657695705651195,2.2405492482826,22057.252527463053,9241.83745890648,3030.4532679893205,0.11975343574900389,0.38786796564403575,0.546334368540005,0.0945451160794414,0.5376031839256143,0.042432256865554144,0.18131987036609862,5.202908123139118,10
NGC3917,6,79.0,2.63,12.871,613.48,135.9,1.1096122903084598,2.7878004089029247,0.41995574848975786,2.1332194567324945,1329.4000299467125,1775.5743041044764,1227.6660711577413,0.11975343574900389,0.38786796564403575,0.546334368540005,0.10093363961533537,0.5263269332833411,0.16362449326848877,0.14462585914211662,5.143344191744729,17
NGC3949,4,55.0,3.59,22.4045,92.855,163.0,1.3503352562310318,1.9678052943326048,0.5550944485783191,2.2121876044039577,14315.926530144892,6913.41445501737,,0.11975343574900389,0.38786796564403575,0.546334368540005,0.13827425528902484,0.44489711672403737,-0.13794884750813022,0.10700233214988149,5.107678640817181,7
NGC3953,4,62.0,4.89,73.48249999999999,999.54,220.8,1.866183923324234,2.9998001785758728,0.6893088591236202,2.3439990690571615,,9527.324939220849,6144.061532107588,0.11975343574900389,0.38786796564403575,0.546334368540005,,0.5270772522143244,-0.06802300932425898,0.025198786699015492,5.162187181624169,8
NGC3972,4,77.0,2.18,8.3905,793.965,132.7,0.923787841731059,2.899801358041837,0.33845649360460484,2.1228709228644354,2159.973204298234,1932.641087587484,,0.11975343574900389,0.38786796564403575,0.546334368540005,0.10093363961533537,0.4729663429662468,0.13848994647231505,0.12054980213656734,4.993739611705536,10
NGC3992,4,56.0,4.96,130.065,1628.545,241.0,2.114160445279067,3.2117997635037003,0.6954816764901974,2.3820170425748683,,,5042.296939792521,0.11975343574900389,0.38786796564403575,0.546334368540005,,0.5872410994007938,0.1882681854164629,0.10447236018401024,5.277100796267028,9
NGC4010,7,89.0,2.81,11.4285,1305.57,125.8,1.0579892326286926,3.115800162102075,0.4487063199050799,2.09968064110925,2459.874697229929,2025.0555167128168,969.3608611395861,0.11975343574900389,0.38786796564403575,0.546334368540005,0.10093363961533537,0.4939533580597476,0.059406053336459576,0.15050191883179437,5.209106988746318,12
NGC4013,3,89.0,3.53,42.514,5102.7,172.9,1.6285319682040653,3.7078000358661374,0.5477747053878226,2.2377949932739227,,,4510.888022459351,0.11975343574900389,0.38786796564403575,0.546334368540005,,0.5688629541884413,0.13710502609546557,0.18497719592914216,5.2962494917453355,36
NGC4051,4,49.0,4.65,50.331,660.39,157.0,1.70183555925006,2.819800488307139,0.667452952889954,2.1958996524092336,14801.966852351099,4528.755606449067,3592.0868086431183,0.11975343574900389,0.38786796564403575,0.546334368540005,0.0945451160794414,0.5058911209101252,-0.15326668814283004,0.0710695354913894,5.516186775817743,7
NGC4068,10,44.0,0.59,0.272,130.555,36.0,-0.5654310959658012,2.1157935091028732,-0.22914798835785583,1.5563025007672873,441.51740659538194,,,0.11975343574900389,0.38786796564403575,0.546334368540005,0.06490066591060631,,-0.0008149848265468496,0.24332826278686567,5.487510151348694,6
NGC4085,5,82.0,1.65,12.211,2510.73,131.5,1.0867512312420566,3.399800011870692,0.21748394421390627,2.1189257528257768,9119.490086601525,4776.0859388276,,0.11975343574900389,0.38786796564403575,0.546334368540005,0.10435709647199055,0.4294227065094993,-0.2564219917902736,0.2307047284900371,5.170511096351838,7
NGC4088,4,69.0,2.58,61.869,1994.345,171.7,1.7914730964953254,3.2998002886977487,0.41161970596323016,2.2347702951609163,10581.0299914129,10878.333048140488,5752.195202908204,0.11975343574900389,0.38786796564403575,0.546334368540005,0.0945451160794414,0.5460458237002216,-0.19767506841204643,0.14558532667364082,5.469777063432119,12
NGC4100,4,73.0,2.15,32.799,4485.39,158.2,1.5158606028244115,3.651800210475818,0.33243845991560533,2.1992064791616577,,5894.024034182185,3156.4777327764605,0.11975343574900389,0.38786796564403575,0.546334368540005,0.18200339449860828,0.5534847755768356,0.12912099501424104,0.11095985814788972,5.318637925758609,24
NGC4138,0,53.0,1.51,23.5385,1976.06,147.3,1.3717787838056699,3.2958001271308146,0.17897694729316943,2.168202746842631,,8596.76291679803,2233.9289881561135,0.11975343574900389,0.38786796564403575,0.546334368540005,0.18200339449860828,0.5353106389142854,0.09225339973183619,0.17104714265029838,5.2830691698564625,7
NGC4157,3,82.0,2.32,61.036,11906.935,184.7,1.785586064349684,4.075799982818195,0.3654879848908996,2.2664668954402414,12839.228642901928,11605.861572936486,5899.78501125033,0.11975343574900389,0.38786796564403575,0.546334368540005,0.0945451160794414,0.562586576141118,-0.019953457877563634,0.20409818133761226,5.352951930308839,17
NGC4183,6,82.0,2.79,8.924999999999999,549.29,110.6,0.9506082247842308,2.739801692623487,0.44560420327359757,2.0437551269686796,1357.6150887391555,1012.6062624724202,731.564565314898,0.11975343574900389,0.38786796564403575,0.546334368540005,0.10093363961533537,0.547247787606109,0.3196856025389805,0.09964698382410869,5.297465280393853,23
NGC4214,10,15.0,0.51,1.0565,654.335,80.1,0.02386950138833217,2.815800151079857,-0.2924298239020636,1.9036325160842376,1530.8288172327211,244.07499235997085,,0.11975343574900389,0.38786796564403575,0.546334368540005,0.08173674670512088,0.4128662877503123,0.46609805524504494,0.2329923247508071,4.861155695093501,14
NGC4217,3,86.0,2.94,45.2115,2186.755,181.3,1.655248916034873,3.339800128209839,0.46834733041215726,2.258397804095509,27849.256894790153,13343.86040544513,3967.977117382794,0.11975343574900389,0.38786796564403575,0.546334368540005,0.10093363961533537,0.5346646703641268,-0.19613891809584913,0.3083861957222212,5.250856601700592,19
NGC4389,4,50.0,2.79,11.203,161.36,95.9,1.0493343359722838,2.207795885204709,0.44560420327359757,1.9818186071706636,7532.548346674135,4364.759359295177,,0.11975343574900389,0.38786796564403575,0.546334368540005,0.10435709647199055,0.4072736407593316,-0.561504194856559,0.2678565400729281,5.612969210874962,6
NGC4559,6,67.0,2.1,15.4995,801.31,121.2,1.1903176884449107,2.9038005625809453,0.3222192947339193,2.0835026198302673,3977.9270651850566,2755.8707757601137,1147.7090857731332,0.11975343574900389,0.38786796564403575,0.546334368540005,0.09332264067063151,0.550012182343635,0.10179360906247435,0.18030695210409228,5.398058519038974,32
NGC5005,4,68.0,9.45,90.64,48.285,262.2,1.957319896855341,1.6838122357412948,0.9754318085092629,2.4186326873540653,47680.66721061063,20061.647441078156,8560.624185344257,0.11975343574900389,0.38786796564403575,0.546334368540005,0.10194894438301337,0.5120583339715074,-0.16645978105648027,0.06647102831490195,4.992105491116112,18
NGC5033,5,66.0,5.16,66.5685,307.47,194.2,1.823268771026144,2.487802747851106,0.7126497016272114,2.288249225571986,54268.73422783934,15165.80193067068,4441.326225360093,0.11975343574900389,0.38786796564403575,0.546334368540005,0.08413204453505155,0.5707292234669068,0.16569458438963983,0.2464909257739478,5.3143964815241915,22
NGC5055,4,55.0,3.2,88.18299999999999,1674.17,179.0,1.9453848695105271,3.223799555397587,0.505149978319906,2.2528530309798933,33901.54651927599,15005.850524508258,6914.975453893263,0.11975343574900389,0.38786796564403575,0.546334368540005,0.10733843140315791,0.559061601780985,-0.045223592141351424,0.2569127221553314,5.560399261080899,28
NGC5371,4,53.0,7.44,181.3765,697.91,209.5,2.2585810171151466,2.843799421156841,0.8715729355458788,2.3211840273023143,31852.086206896554,11642.473406134462,7152.225911533773,0.11975343574900389,0.38786796564403575,0.546334368540005,0.1390254938222561,0.5716085805177826,-0.09442736615783609,0.0812609836320561,5.634436921557047,19
NGC5585,7,51.0,1.53,3.1545,148.525,90.3,0.49893053174200236,2.1717995610487244,0.1846914308175988,1.9556877503135057,1458.8043839022966,717.6160731821889,242.12675430350706,0.11975343574900389,0.38786796564403575,0.546334368540005,0.05360283343144057,0.5038122892504437,0.14735278575854416,0.28512820692017343,5.1540234056447325,24
NGC5907,5,88.0,5.34,108.7375,4323.145,215.0,2.0363793438515865,3.635799802187318,0.7275412570285564,2.3324384599156054,,,5135.843713529575,0.11975343574900389,0.38786796564403575,0.546334368540005,,0.575834519729648,0.1671526247376916,0.1189748953532545,5.372844734146968,19
NGC5985,3,60.0,7.01,115.95,730.805,293.6,2.0642707529740063,2.863801510033786,0.8457180179666587,2.467756051244033,,5263.108207174628,4338.345920188405,0.11975343574900389,0.38786796564403575,0.546334368540005,,0.5667862550741603,0.28561719031155186,0.05266428415098755,4.92712457361989,33
NGC6015,6,60.0,2.3,21.8985,963.385,154.1,1.3404143676239757,2.9837998800229,0.36172783601759284,2.1878026387184195,4871.052151165333,4488.64053243959,1726.920114219059,0.11975343574900389,0.38786796564403575,0.546334368540005,0.09652375804224124,0.5621074411975315,0.2340459036723179,0.20200101282393537,5.1831051321095085,44
NGC6195,3,62.0,13.94,216.445,87.055,251.7,2.335347557820737,1.9397937198536845,1.1442627737619906,2.4008832155483626,35892.556549370376,16970.270888435512,8673.45928040823,0.11975343574900389,0.38786796564403575,0.546334368540005,0.10634308678809727,0.5566534130046732,-0.12543564333134347,0.07974777854583831,5.432256303401468,23
NGC6503,6,74.0,2.16,8.166500000000001,199.435,116.3,0.9120359664017366,2.2998013775112125,0.3344537511509309,2.0655797147284485,9353.447960526315,2357.317130735901,646.064044613797,0.11975343574900389,0.38786796564403575,0.546334368540005,0.0809227942764069,0.5563487447007515,0.32844684076564107,0.24911112825838644,5.182506964852167,31
NGC6674,3,54.0,6.04,139.492,685.175,241.3,2.144549301118705,2.835801508467259,0.7810369386211319,2.3825573219087857,,12731.815425117684,6267.054888780937,0.11975343574900389,0.38786796564403575,0.546334368540005,0.17067494832004038,0.5884216707536555,0.3078686296247943,0.17704396439736755,5.305598674437954,15
NGC6789,11,43.0,0.31,0.067,159.88,0.0,-1.1739251972991736,2.203794139588067,-0.5086383061657274,,,,,0.11975343574900389,0.38786796564403575,0.546334368540005,0.007632324951995183,,0.564288256041154,0.17112839387379658,,4
NGC6946,6,38.0,2.44,38.7565,1116.35,158.9,1.5883445501300273,3.0478003767145005,0.3873898263387294,2.2011238972073794,14251.05893724696,8456.112255657003,3394.6985287496136,0.11975343574900389,0.38786796564403575,0.546334368540005,0.09515750532604444,0.5486313373859484,-0.04195520240138059,0.13681037223043382,5.3844109099042,58
NGC7331,3,75.0,5.02,136.3825,903.235,239.0,2.1347586471458158,2.9558007579828547,0.7007037171450193,2.3783979009481375,,29328.477915511485,10040.091072241421,0.11975343574900389,0.38786796564403575,0.546334368540005,0.18817047576959103,0.5678847202605648,-0.08764408323734021,0.1970305188041889,5.310365993827334,36
NGC7793,7,47.0,1.21,4.386,534.32,109.0,0.642068627341504,2.727801430456678,0.08278537031645007,2.037426497940624,4098.732240410052,1627.8738456891947,,0.11975343574900389,0.38786796564403575,0.546334368540005,0.052696791333026564,0.4612863236246838,-0.024442826454793197,0.20565985206411894,5.01107588454932,46
NGC7814,2,90.0,2.54,38.3345,1317.65,218.9,1.5835898030909599,3.119800066362133,0.40483371661993806,2.3402457615679317,48378.215633337844,11377.906213962116,3387.3056558330923,0.11975343574900389,0.38786796564403575,0.546334368540005,0.10237725631361931,0.5419438893954324,0.13127498780744062,0.2045329050845799,4.8927296376032,18
PGC51017,11,66.0,0.53,0.2785,46.97,18.6,-0.5551748004902523,1.671820560183249,-0.27572413039921095,1.2695129442179163,271.8218907254361,,,0.11975343574900389,0.38786796564403575,0.546334368540005,0.09870433547712064,,-0.028656558729416377,0.24655046437985217,6.501529894747041,6
UGC00128,8,57.0,5.95,13.441,44.445,129.3,1.1284315810932466,1.6478229105357323,0.7745169657285496,2.111598524880394,680.395528,532.8908506666667,294.71600545915777,0.11975343574900389,0.38786796564403575,0.546334368540005,0.05215482344734199,0.5830058927579262,0.6382832238161874,0.15859067693271864,5.237836744011868,22
UGC00191,9,45.0,1.58,2.345,103.705,81.0,0.3701428470511021,2.0157996958303266,0.19865708695442263,1.9084850188786497,763.9584233683811,461.30351788616525,,0.11975343574900389,0.38786796564403575,0.546334368540005,0.06293239441441466,0.5211200876581628,0.36618618818058346,0.11005454095980108,5.190445280975829,9
UGC00634,9,37.0,2.45,5.1575,63.065,0.0,0.7124392366451892,1.7997884000675552,0.3891660843645325,,,482.9371692444326,280.44582329396314,0.11975343574900389,0.38786796564403575,0.546334368540005,,0.5649592982623136,0.5628743142328795,0.1746526718163245,,4
UGC00731,10,57.0,2.3,1.9685,41.285,73.3,0.29413541912624835,1.6157922889319307,0.36172783601759284,1.865103974641128,86.85807645013327,102.48395866518803,146.94489,0.11975343574900389,0.38786796564403575,0.546334368540005,0.1080464287822158,0.5021417212983503,0.8171490188559822,0.21703525119015737,5.266271507882301,12
UGC00891,9,60.0,1.43,0.615,56.99,60.15,-0.21112488422458328,1.7557986569738306,0.1553360374650618,1.7792356316758635,277.96186417656213,175.63674937927146,,0.11975343574900389,0.38786796564403575,0.546334368540005,0.14485350373322625,0.46709022201967754,0.4951365216592206,0.2402796066517263,5.0615504049098945,5
UGC01230,9,22.0,4.34,10.24,34.66,103.7,1.0102999566398119,1.5398285583778981,0.6374897295125107,2.015778756389041,701.3316983261577,543.0069764830495,358.3933665887707,0.11975343574900389,0.38786796564403575,0.546334368540005,0.0882445116308745,0.5462056665311261,0.4579796701999008,0.19696972443124977,5.45507430927817,11
UGC01281,8,90.0,1.63,0.4705,67.89,55.2,-0.3274403722367243,1.831805808674391,0.21218760440395779,1.741939077729199,248.15902873389695,,,0.11975343574900389,0.38786796564403575,0.546334368540005,0.08112514387926495,,0.36532549175323914,0.40358427226888716,5.0757728557110795,25
UGC02023,10,19.0,1.55,1.131,60.785,47.9,0.05346260492545529,1.783796421033452,0.1903316981702915,1.6803355134145632,644.3656126326845,,,0.11975343574900389,0.38786796564403575,0.546334368540005,0.08028976379503781,,0.04365580135144489,0.18723752258405227,5.672288307974484,5
UGC02259,8,41.0,1.62,1.3565,86.26,86.2,0.13241979809761492,1.9358094538099329,0.20951501454263097,1.9355072658247128,666.2678931180316,409.36586441594295,,0.11975343574900389,0.38786796564403575,0.546334368540005,0.07966811958361568,0.4603807310309506,0.5837521013969197,0.06587335376801438,4.8581443677111205,8
UGC02455,10,51.0,0.99,2.6275,397.925,53.1,0.4195427247002798,2.5998012249493003,-0.004364805402450088,1.725094521081469,3035.5009917037323,,,0.11975343574900389,0.38786796564403575,0.546334368540005,0.0820562428089672,,-0.6003701414894347,0.2734347826975492,5.881711900915139,8
UGC02487,0,36.0,7.89,262.9405,575.175,332.0,2.4198574844397998,2.7598000011613317,0.8970770032094203,2.5211380837040362,,,10913.861887573712,0.11975343574900389,0.38786796564403575,0.546334368540005,,0.5884100574690331,0.31583648055061514,0.16156348082390468,5.095874191475675,17
UGC02885,5,64.0,11.4,241.8375,235.395,289.5,2.3835236446650607,2.3717972338027797,1.0569048513364727,2.4616485680634552,42487.24870171504,17842.306343039705,8810.49751126039,0.11975343574900389,0.38786796564403575,0.546334368540005,0.09079988625687727,0.5896540166173861,0.19010896881978193,0.16023290202102997,5.267753656442968,19
UGC02916,2,50.0,6.15,85.3495,260.495,182.7,1.9312009812459838,2.4157993917689433,0.7888751157754168,2.2617385473525378,36482.43534504256,13600.342325030704,4440.845583727723,0.11975343574900389,0.38786796564403575,0.546334368540005,0.09756428207502899,0.5314457485314631,-0.03905093391334184,0.15495029487064474,5.515116065512102,43
UGC02953,2,50.0,3.55,137.43699999999998,2107.655,264.9,2.1381036667311615,3.3237995231161817,0.5502283530550941,2.423081958297231,47632.42797784609,22513.54628353175,10543.490643501322,0.11975343574900389,0.38786796564403575,0.546334368540005,0.08510658909963403,0.5425368622169163,0.03717400663549565,0.24311781568956803,5.157316812690853,115
UGC03205,2,67.0,3.19,66.49799999999999,1957.945,219.6,1.8228085836185097,3.291800488012578,0.5037906830571811,2.3416323357780544,19039.09535977534,9447.02178051164,5274.253938411994,0.11975343574900389,0.38786796564403575,0.546334368540005,0.03741665229000588,0.5401841132029906,0.0840556691118778,0.14258262045168424,5.12709540839532,48
UGC03546,1,55.0,3.79,53.343,461.105,196.9,1.727077436678343,2.663799831524626,0.5786392099680724,2.2942457161381182,46162.978866632606,13390.428093438915,4459.9232701766205,0.11975343574900389,0.38786796564403575,0.546334368540005,0.0964424281739685,0.55961915678138,-0.10978103123219357,0.22075000890372526,5.197217430194929,30
UGC03580,1,63.0,2.43,11.003,151.285,126.2,1.0415111129593233,2.179795869595083,0.38560627359831223,2.1010593549081156,7175.048337753979,2166.125211398586,723.7705809072284,0.11975343574900389,0.38786796564403575,0.546334368540005,0.08866283987889148,0.5534311484741804,-0.07711490291554056,0.360979095796349,5.1878033707809195,47
UGC04278,7,90.0,2.21,1.7695,188.71,91.4,0.24785056697353372,2.275794914631003,0.3443922736851107,1.9609461957338314,519.1849777241008,256.7609604380367,,0.11975343574900389,0.38786796564403575,0.546334368540005,0.08742379512166036,0.43781082467654114,0.40987215735551347,0.17051277934907075,4.884538881905124,25
UGC04305,10,40.0,1.16,1.0579999999999998,44.035,34.5,0.024485667699166883,1.643798000679235,0.06445798922691845,1.5378190950732742,485.79639938941654,314.01302600750046,,0.11975343574900389,0.38786796564403575,0.546334368540005,0.08391637875942556,0.40398799460439005,-0.10114634662416529,0.16007841260088607,6.142118834942708,22
UGC04325,9,41.0,1.86,1.6909999999999998,106.61,90.9,0.22814360759774172,2.0277979433502993,0.26951294421791633,1.9585638832219674,880.4814042467829,614.2113867131583,,0.11975343574900389,0.38786796564403575,0.546334368540005,0.1026630832452308,0.42221321443448706,0.5028122566506035,0.0831803106688204,4.873170016320856,8
UGC04483,10,58.0,0.18,0.0385,41.285,24.2,-1.4145392704914994,1.6157922889319307,-0.744727494896694,1.3838153659804313,,,,0.11975343574900389,0.38786796564403575,0.546334368540005,0.019042429898811154,,0.324408999378489,0.13976792755459924,5.242106948576992,8
UGC04499,8,50.0,1.73,1.876,63.65,72.8,0.2732328340430456,1.8037984079896743,0.2380461031287954,1.8621313793130372,682.3937749064122,412.0729831636254,,0.11975343574900389,0.38786796564403575,0.546334368540005,0.1083660920149192,0.4698506804495204,0.2935593430205533,0.17555411012703662,5.255773006447416,9
UGC05005,10,41.0,3.2,5.143,32.795,98.9,0.7112165243210901,1.5158076352380538,0.505149978319906,1.9951962915971795,385.9173049528819,413.60964561107085,241.55780023135065,0.11975343574900389,0.38786796564403575,0.546334368540005,0.08773096490573977,0.5429453880956998,0.35026171230388503,0.2611992540743339,5.228029503730962,11
UGC05253,2,37.0,8.07,102.187,94.58,213.7,2.0093956493468905,1.9757993096794075,0.9068735347220704,2.3298045221640695,40478.11655748789,16048.04964302372,6250.112099999999,0.11975343574900389,0.38786796564403575,0.546334368540005,0.08638666356952208,0.5278659331518197,-0.02330884484323252,0.17529821781601762,5.355079821772646,73
UGC05414,10,55.0,1.47,1.1355,63.65,56.8,0.05518713855575398,1.8037984079896743,0.1673173347481761,1.7543483357110188,649.1618424897109,,,0.11975343574900389,0.38786796564403575,0.546334368540005,0.09952379421701849,,0.20615580256859034,0.11217439572776639,5.414967963567188,6
UGC05716,9,54.0,1.14,1.388,45.27,73.1,0.14238946611883607,1.6558104944952523,0.05690485133647256,1.8639173769578605,399.5188190904236,181.01778764985562,113.27715933040766,0.11975343574900389,0.38786796564403575,0.546334368540005,0.08150336828615765,0.5089574040618352,0.6382882856126247,0.08629997593012315,5.118678646766324,12
UGC05721,7,61.0,0.38,0.8275000000000001,456.88,79.7,-0.08223199755224359,2.6598021471567153,-0.42021640338318983,1.9014583213961123,868.8795339058865,204.98868637253645,,0.11975343574900389,0.38786796564403575,0.546334368540005,0.0659132506172561,0.44368510262989125,0.5343857813280534,0.2665767698065866,4.762663877561364,23
UGC05750,8,64.0,3.46,2.767,62.49,77.6,0.44200915914095196,1.7958105246674083,0.5390760987927766,1.8898617212581883,204.52010700788256,188.89436228643848,222.9548293293866,0.11975343574900389,0.38786796564403575,0.546334368540005,0.08211279161688041,0.5337890443187389,0.2804557681871881,0.24239914016773415,5.327493134737293,11
UGC05764,10,60.0,1.17,0.2055,16.895,50.0,-0.687188173787912,1.2277581961109152,0.06818586174616162,1.6989700043360187,215.9481235908491,,,0.11975343574900389,0.38786796564403575,0.546334368540005,0.09457381264973609,,0.821235410639684,0.12723114750587186,4.8664168110360215,10
UGC05829,10,34.0,1.99,1.305,31.61,65.6,0.11561051167429974,1.4998244958395797,0.29885307640970665,1.8169038393756602,155.12909447821679,225.25762470630755,,0.11975343574900389,0.38786796564403575,0.546334368540005,0.08690683615708443,0.4374225728084735,0.5138635093468401,0.06795566066871002,5.256447073859489,11
UGC05918,10,46.0,1.66,0.4135,12.47,42.6,-0.3835244861114345,1.0958664534785427,0.22010808804005508,1.6294095991027189,139.726965091278,,,0.11975343574900389,0.38786796564403575,0.546334368540005,0.09686107193117247,,0.633596947556784,0.0743995773442029,5.413541917029049,8
UGC05986,9,90.0,1.67,5.0145,862.58,113.0,0.7002276356482497,2.935799384263986,0.22271647114758325,2.0530784434834195,1576.8433296903572,1137.8532570596233,,0.11975343574900389,0.38786796564403575,0.546334368540005,0.08664924878988406,0.4783665719736307,0.3554718940534846,0.18818441894167004,5.014453083456282,15
UGC05999,10,22.0,3.22,3.714,25.81,97.7,0.5698418994037616,1.4117880045438689,0.5078558716958309,1.989894563718773,,405.94811661628086,253.3319082429447,0.11975343574900389,0.38786796564403575,0.546334368540005,,0.5482310476063341,0.4312918342304893,0.1863985711445334,5.1052109263880565,5
UGC06399,9,75.0,2.05,1.822,155.525,85.0,0.26054837263697944,2.191800210014707,0.31175386105575426,1.9294189257142926,608.9394481877837,470.4840940573305,,0.11975343574900389,0.38786796564403575,0.546334368540005,0.10093363961533537,0.4596696241228499,0.3979252435042355,0.1101067532390185,5.007582132636955,9
UGC06446,7,51.0,1.49,1.873,43.23,82.2,0.2725377773752374,1.6357852355336517,0.17318626841227402,1.9148718175400503,519.0923624715613,279.32462271300665,156.15600259418835,0.11975343574900389,0.38786796564403575,0.546334368540005,0.10353024057405694,0.49036636139526885,0.5935189023585961,0.07591690233373963,5.070486415985061,17
UGC06614,1,36.0,5.1,84.063,270.27,199.8,1.9246048848390245,2.4317978416383057,0.7075701760979364,2.3005954838899636,,14990.940143076838,3722.795568189825,0.11975343574900389,0.38786796564403575,0.546334368540005,,0.5805176627021693,0.1052731383330693,0.25686611686434696,5.372520691224151,13
UGC06628,9,20.0,2.82,3.3695,51.5,41.8,0.5275654607077211,1.711807229041191,0.45024910831936105,1.6211762817750353,658.6367768595039,488.6186768312318,,0.11975343574900389,0.38786796564403575,0.546334368540005,0.09047714716679946,0.4625644726846996,-0.1214172214925396,0.09290145793978113,6.3534484744950985,7
UGC06667,6,89.0,5.15,1.5075,307.47,83.8,0.17825732081218892,2.487802747851106,0.7118072290411911,1.9232440186302764,80.48435636587837,167.53550256962717,,0.11975343574900389,0.38786796564403575,0.546334368540005,0.10093363961533537,0.4596696241228499,0.9609803099265898,0.16115180498009585,4.946903255606222,9
UGC06786,0,64.0,3.6,41.7335,539.26,219.4,1.620484808554168,2.7317982073759755,0.5563025007672873,2.3412366232386925,23658.048387485545,8535.227870626548,3307.879429962849,0.11975343574900389,0.38786796564403575,0.546334368540005,0.033834200282863484,0.5181976259837096,0.15830614811246618,0.21589069033313377,4.926156627218745,45
UGC06787,2,66.0,5.37,54.158,214.685,248.1,1.733662617918564,2.331801701423655,0.7299742856995556,2.394626764272209,46923.88835537919,11780.423217591764,3988.101700681297,0.11975343574900389,0.38786796564403575,0.546334368540005,0.05418394489050104,0.5325583306943901,0.08794662636083996,0.26793333553501136,4.852468942965832,71
UGC06818,9,75.0,1.39,1.873,143.155,71.2,0.2725377773752374,2.155806521302692,0.14301480025409505,1.8524799936368563,807.6191189941429,367.88008227204193,,0.11975343574900389,0.38786796564403575,0.546334368540005,0.10093363961533537,0.44390227321795533,0.16196179226408874,0.3126974051255079,5.288857799646241,8
UGC06917,9,56.0,2.76,5.439,130.555,108.7,0.7355190588151711,2.1157935091028732,0.4409090820652177,2.0362295440862948,1674.7877277931916,886.9700269265726,486.3512704607581,0.11975343574900389,0.38786796564403575,0.546334368540005,0.13827425528902484,0.4939533580597476,0.3007421202322801,0.10799419510461392,5.10871565451314,11
UGC06923,10,65.0,1.44,2.254,173.7,79.6,0.3529539117100877,2.2397998184470986,0.15836249209524964,1.900913067737669,1679.8333735511444,733.5509342589515,,0.11975343574900389,0.38786796564403575,0.546334368540005,0.11741808800418353,0.3978081736287487,0.10088074074401132,0.18948409630448418,5.199758174628246,6
UGC06930,7,32.0,3.94,7.703,94.58,107.2,0.8866598978612028,1.9757993096794075,0.5954962218255742,2.030194785356751,1509.0766018472907,841.3106408566161,563.8131533767449,0.11975343574900389,0.38786796564403575,0.546334368540005,0.0945451160794414,0.5343963940071856,0.30457714229796695,0.10665340121264401,5.280978149112574,10
UGC06973,2,71.0,1.07,28.688,6365.025,174.2,1.4577002722181076,3.8038001137776907,0.029383777685209667,2.241048150671644,62043.68455498304,10434.760769962664,,0.11975343574900389,0.38786796564403575,0.546334368540005,0.13827425528902484,0.4675028525614559,-0.2537817025344499,0.2216570057972529,5.114031744867354,9
UGC06983,6,49.0,3.21,5.616,60.785,109.0,0.7494270991217489,1.783796421033452,0.5065050324048721,2.037426497940624,1790.5901429074736,721.7975344830597,384.48017302274417,0.11975343574900389,0.38786796564403575,0.546334368540005,0.13827425528902484,0.5306999118334097,0.43544238619050757,0.1343097593694823,5.118434356329565,17
UGC07089,8,80.0,2.26,3.0065,260.495,77.6,0.4780612081815179,2.4157993917689433,0.35410843914740087,1.8898617212581883,689.7923402475009,573.6443414487012,,0.11975343574900389,0.38786796564403575,0.546334368540005,0.10093363961533537,0.4806858690349621,0.17074850689992857,0.1207103115352798,5.36354518377786,12
UGC07125,9,90.0,3.38,5.984999999999999,51.5,65.2,0.7770641547424294,1.711807229041191,0.5289167002776547,1.8142475957319202,580.2269097222222,374.19999272683305,196.45134461346265,0.11975343574900389,0.38786796564403575,0.546334368540005,0.13859982073446658,0.5464792822929398,0.2092768171934784,0.12145096814243139,5.927197569680709,13
UGC07151,6,90.0,1.25,1.758,482.835,73.5,0.24501887073775308,2.6837987439355215,0.09691001300805642,1.866287339084195,1257.588,596.3386359908245,,0.11975343574900389,0.38786796564403575,0.546334368540005,0.0810646717852225,0.40293865488345876,0.20342544468403362,0.09704313420006168,5.213013183943072,11
UGC07232,10,59.0,0.29,0.1025,113.71,0.0,-0.9892761346082269,2.055798659532481,-0.5376020021010439,,,,,0.11975343574900389,0.38786796564403575,0.546334368540005,0.011144930444765548,,0.16303067526641046,0.18864482226736015,,4
UGC07261,8,30.0,1.2,2.2645,283.01,74.7,0.354972325018976,2.451801781347931,0.07918124604762482,1.8733206018153987,1335.3852888832662,450.8883949873657,,0.11975343574900389,0.38786796564403575,0.546334368540005,0.11618679912985343,0.44974371955780995,0.336650150013447,0.10998781546195972,5.29835021866508,7
UGC07323,8,47.0,2.26,2.7765,141.84,82.8,0.44349767780858534,2.1517987225928614,0.35410843914740087,1.91803033678488,1044.197183619104,896.2814230640798,,0.11975343574900389,0.38786796564403575,0.546334368540005,0.10386575518770683,0.4179870747436376,0.10344829966562501,0.07900565984687014,5.230391499061505,10
UGC07399,8,55.0,1.64,1.323,67.89,103.0,0.12155984418750096,1.831805808674391,0.21484384804769785,2.012837224705172,813.3117160094258,324.54701839272263,,0.11975343574900389,0.38786796564403575,0.546334368540005,0.083151428688883,0.4334758221956617,0.6797397051632599,0.15591010281507908,4.5766295577194,10
UGC07524,9,46.0,3.46,2.997,53.43,79.5,0.4766867429456447,1.727785174182906,0.5390760987927766,1.9003671286564703,311.22165616222895,300.4535866742951,261.0485538122664,0.11975343574900389,0.38786796564403575,0.546334368540005,0.08726978411322783,0.49698469141070994,0.4285740916921296,0.10851342527772373,5.325401792647999,31
UGC07559,10,61.0,0.58,0.2235,27.53,31.1,-0.6507224725320447,1.4398062113933303,-0.23657200643706275,1.4927603890268375,219.59500849697628,,,0.11975343574900389,0.38786796564403575,0.546334368540005,0.07739749315924635,,0.18158756322065575,0.16102477205624602,5.6246161658740235,7
UGC07577,10,63.0,0.9,0.0665,27.275,15.9,-1.1771783546968955,1.4357647592603795,-0.045757490560675115,1.2013971243204515,,,,0.11975343574900389,0.38786796564403575,0.546334368540005,0.036943761852291784,,-0.0837523205309132,0.11570305072907194,6.117931710181524,9
UGC07603,7,78.0,0.53,0.446,260.495,61.6,-0.35066514128785814,2.4157993917689433,-0.27572413039921095,1.7895807121644254,603.5451271615192,,,0.11975343574900389,0.38786796564403575,0.546334368540005,0.0861135374776447,,0.45730347417251543,0.2469194185264941,4.8858023661366525,12
UGC07608,10,25.0,1.5,0.667,23.325,66.0,-0.17587416608345102,1.3678216524185376,0.17609125905568124,1.8195439355418688,178.96327311362006,,,0.11975343574900389,0.38786796564403575,0.546334368540005,0.10772353274388569,,0.7029158364174135,0.1800410950538666,4.955722059520008,8
UGC07690,10,41.0,0.57,0.819,197.605,57.4,-0.08671609823958155,2.2957979293454196,-0.24412514432750865,1.7589118923979734,1143.113241884516,,,0.11975343574900389,0.38786796564403575,0.546334368540005,0.10589668146086532,,0.20219257612278577,0.11066826206905976,5.257092278367512,7
UGC07866,10,44.0,0.61,0.18,48.73,30.6,-0.744727494896694,1.6877964113812947,-0.21467016498923297,1.4857214264815801,225.97984999999994,,,0.11975343574900389,0.38786796564403575,0.546334368540005,0.06741882012331457,,0.27990684943911404,0.0542055594370301,5.555247512417776,7
UGC08286,6,90.0,1.05,1.2695,744.39,82.4,0.10363270520974105,2.871800530264761,0.021189299069938092,1.9159272116971158,673.190190298666,372.9938785021262,,0.11975343574900389,0.38786796564403575,0.546334368540005,0.09626461394570314,0.46304279390916114,0.561843144978405,0.10527206073374541,4.897887464269836,17
UGC08490,9,50.0,0.67,1.2285,288.27,78.6,0.0893751608160997,2.4597994481031464,-0.17392519729917355,1.8954225460394079,1136.918938254755,313.42441231191964,94.97124231979022,0.11975343574900389,0.38786796564403575,0.546334368540005,0.08475897313202145,0.4893996377658525,0.583237682056185,0.1840606008817816,4.955396249678173,30
UGC08550,7,90.0,0.45,0.4325,642.39,56.9,-0.36401388819916697,2.807798771718598,-0.3467874862246563,1.7551122663950711,464.18088635681266,144.69996253364326,,0.11975343574900389,0.38786796564403575,0.546334368540005,0.10066594370360633,0.409567594963594,0.5535068794436057,0.151662477259222,4.993093179418084,11
UGC08699,2,73.0,3.09,28.889,685.175,182.4,1.4607325088916727,2.835801508467259,0.4899584794248346,2.2610248339923973,24277.78408523778,7180.828869949427,2615.440438458225,0.11975343574900389,0.38786796564403575,0.546334368540005,0.08550864734291383,0.5261196133757973,0.062367235797425244,0.19122566851520068,5.047145589918282,41
UGC08837,10,80.0,1.72,0.5705,38.71,46.6,-0.24374435124576654,1.587823171318955,0.2355284469075489,1.6683859166900001,334.8600801570203,,,0.11975343574900389,0.38786796564403575,0.546334368540005,0.08779212653336463,,0.052124946343227924,0.24069750800336887,5.416904940339233,8
UGC09037,6,65.0,4.28,53.385000000000005,420.535,152.3,1.727419247059527,2.6238021468029173,0.631443769013172,2.182699903336043,,4632.062335046976,2507.178809809169,0.11975343574900389,0.38786796564403575,0.546334368540005,0.16346381432489138,0.5681014369271244,-0.05138186336754182,0.22769143202636885,5.587969585383378,22
UGC09133,2,53.0,6.97,174.891,432.315,226.8,2.242767460988647,2.635800304477006,0.8432327780980095,2.355643050220869,59140.70809122046,22933.4485795206,9498.333413495413,0.11975343574900389,0.38786796564403575,0.546334368540005,0.08995905385914095,0.5613228518658587,0.09540975410767229,0.24616054166136017,5.498016785215606,68
UGC09992,10,30.0,1.04,0.486,36.625,33.6,-0.3133637307377066,1.5637776333621658,0.01703333929878037,1.526339277389844,362.23652932122997,,,0.11975343574900389,0.38786796564403575,0.546334368540005,0.08420442951120356,,0.1780071478317639,0.03829101601570235,5.84444879839784,5
UGC10310,9,34.0,1.8,2.0665,79.395,71.4,0.315235409617727,1.8997931530469492,0.25527250510330607,1.8536982117761744,558.885875270993,412.57859460978074,,0.11975343574900389,0.38786796564403575,0.546334368540005,0.09098619948064604,0.464000219675597,0.37487038196150657,0.026751687308121934,5.327291668401117,7
UGC11455,6,90.0,5.93,200.496,4784.1,269.4,2.3021057126407083,3.679800248947389,0.7730546933642626,2.4303975913869666,10557.341840587738,8059.539685480219,9249.123947257092,0.11975343574900389,0.38786796564403575,0.546334368540005,0.08372289588030159,0.5597082746707198,-0.1129911331168823,0.17345811117899762,5.295714142786325,36
UGC11557,8,30.0,2.75,8.6555,168.965,81.6,0.937292160711573,2.2277967526546187,0.43933269383026263,1.911690158753861,2064.2279531367394,1629.6117831726351,796.0345586260331,0.11975343574900389,0.38786796564403575,0.546334368540005,0.0740991076575638,0.4817732271758814,-0.394310859275478,0.41450550324938684,5.74637660507306,12
UGC11820,9,45.0,2.08,2.462,17.055,81.25,0.39128804859529753,1.2318517237434161,0.31806333496276157,1.909823369650912,506.37199321435594,216.13740919545313,167.24997293127663,0.11975343574900389,0.38786796564403575,0.546334368540005,0.01584017861699542,0.5242764129404536,0.4947777450081321,0.12667126269767617,5.206906254817106,10
UGC11914,2,31.0,2.44,75.902,1584.165,288.1,1.8802532196045731,3.1998004139059715,0.3873898263387294,2.459543258280413,46609.88993874786,18942.251470412364,,0.11975343574900389,0.38786796564403575,0.546334368540005,0.0929725059591436,0.44731466389340874,-0.05040101954707665,0.043243549843088515,4.771851815623126,65
UGC12506,6,86.0,7.38,105.3415,2804.14,234.0,2.0225994981593467,3.447799692500632,0.8680563618230416,2.369215857410143,2399.316315189372,2972.5313251890884,2713.2365635737265,0.11975343574900389,0.38786796564403575,0.546334368540005,0.09498553906455183,0.5809504025334559,0.3826492351182724,0.13617801436642862,5.230343997223846,31
UGC12632,9,46.0,2.42,2.3945,33.405,71.7,0.3792148413786265,1.5238114760897195,0.38381536598043126,1.8555191556678001,292.3375187574042,211.6715555621367,166.7422256639007,0.11975343574900389,0.38786796564403575,0.546334368540005,0.10599124157982534,0.5046075065280629,0.5297173549098322,0.04589990438270938,5.384897796541326,15
UGC12732,9,39.0,1.98,4.4935,60.23,93.15,0.6525847460266594,1.7798128631705805,0.2966651902615311,1.9691828592322616,495.9735532407407,271.2217883391204,154.84857594339624,0.11975343574900389,0.38786796564403575,0.546334368540005,0.11772452169013635,0.535594025244122,0.5743360904721895,0.07409115488804979,5.260444738713745,16
UGCA281,11,67.0,1.72,0.159,6.025,28.8,-0.7986028756795485,0.7799570512469061,0.2355284469075489,1.4593924877592308,,,,0.11975343574900389,0.38786796564403575,0.546334368540005,0.015331858881862356,,0.29141045258614173,0.09872869301152364,5.593523417163143,7
UGCA442,9,64.0,1.18,0.333,58.05,56.4,-0.4775557664936801,1.7638022240745925,0.07188200730612536,1.7512791039833422,265.25398025497725,113.85370703771055,,0.11975343574900389,0.38786796564403575,0.546334368540005,0.10191858641869897,0.43669495279872417,0.6510572250861711,0.163027664290055,4.892967369564623,8
UGCA444,10,78.0,0.83,0.073,11.37,37.0,-1.136677139879544,1.0557604646877348,-0.08092190762392612,1.568201724066995,136.4128035021115,,,0.11975343574900389,0.38786796564403575,0.546334368540005,0.07212307237463697,,0.6429033159761739,0.15769438152455925,4.8746168258859734,36
