system,system_label,variant,stage,model,image_id,source_family,source_redshift,observed_x_arcsec,observed_y_arcsec,predicted_x_arcsec,predicted_y_arcsec,delta_x_arcsec,delta_y_arcsec,radial_residual_arcsec,root_converged,source_plane_closure_arcsec,source_x_arcsec,source_y_arcsec
MACS J0329.7-0211,MACS0329,hard_A3p0,heldout,P0554,2d,2,2.1446,-29.28367398958684,-14.328349919999717,-23.830546838572346,-5.263319868790584,5.453127151014495,9.065030051209131,10.578816831501342,True,1.9410128934236367e-12,-5.676232465279004,5.325756753293811
MACS J0329.7-0211,MACS0329,hard_A3p0,heldout,P0554,3c,3,2.7836,-37.91498926838438,-3.053938319999716,-24.222763258089074,19.46313531104681,13.692226010295308,22.517073631046525,26.353285526153623,True,1.0048591735576161e-14,-14.673652912769896,26.788849816940804
MACS J0329.7-0211,MACS0329,hard_A3p0,heldout,P0554,9d,9,6.17,-4.984112150802212,-18.278010719999926,-13.585489815630734,5.526315587495162,-8.601377664828522,23.80432630749509,25.31066274688819,True,1.0395861869767154e-14,-2.05712550652603,11.345142615680878
MACS J0329.7-0211,MACS0329,hard_A5p0,heldout,P0554,2d,2,2.1446,-29.28367398958684,-14.328349919999717,-23.77809870208636,-5.239432090085994,5.505575287500481,9.088917829913722,10.626372220342159,True,6.595578498685477e-13,-5.676232465279004,5.325756753293811
MACS J0329.7-0211,MACS0329,hard_A5p0,heldout,P0554,3c,3,2.7836,-37.91498926838438,-3.053938319999716,-23.570866894582853,19.90892521084699,14.344122373801529,22.962863530846708,27.0748397633464,True,5.329070518200751e-15,-14.673652912769896,26.788849816940804
MACS J0329.7-0211,MACS0329,hard_A5p0,heldout,P0554,9d,9,6.17,-4.984112150802212,-18.278010719999926,-13.70186454767947,5.423778515618837,-8.717752396877259,23.70178923561876,25.25418816400465,True,5.347542221830668e-14,-2.05712550652603,11.345142615680878
MACS J0329.7-0211,MACS0329,hard_A7p5,heldout,P0554,2d,2,2.1446,-29.28367398958684,-14.328349919999717,-23.757826722452325,-5.212055515012071,5.525847267134516,9.116294404987645,10.660291351464416,True,1.44871130262054e-13,-5.676232465279004,5.325756753293811
MACS J0329.7-0211,MACS0329,hard_A7p5,heldout,P0554,3c,3,2.7836,-37.91498926838438,-3.053938319999716,-23.2660804835135,20.135664161766773,14.64890878487088,23.18960248176649,27.42896629203911,True,1.0658141036401503e-14,-14.673652912769896,26.788849816940804
MACS J0329.7-0211,MACS0329,hard_A7p5,heldout,P0554,9d,9,6.17,-4.984112150802212,-18.278010719999926,-13.77637113695904,5.386386009112645,-8.792258986156828,23.66439672911257,25.244949804515144,True,3.66205343881779e-15,-2.05712550652603,11.345142615680878
MACS J0329.7-0211,MACS0329,hard_A10p0,heldout,P0554,2d,2,2.1446,-29.28367398958684,-14.328349919999717,-23.745879301775254,-5.197116434634188,5.537794687811587,9.131233485365529,10.679260038439692,True,6.092929853502403e-14,-5.676232465279004,5.325756753293811
MACS J0329.7-0211,MACS0329,hard_A10p0,heldout,P0554,3c,3,2.7836,-37.91498926838438,-3.053938319999716,-23.005355756265576,20.319650510152346,14.909633512118805,23.373588830152062,27.72402976240477,True,2.8788102809589357e-12,-14.673652912769896,26.788849816940804
MACS J0329.7-0211,MACS0329,hard_A10p0,heldout,P0554,9d,9,6.17,-4.984112150802212,-18.278010719999926,-13.819475903651846,5.3632950480905555,-8.835363752849634,23.641305768090483,25.23836347835409,True,4.440892098500626e-15,-2.05712550652603,11.345142615680878
MACS J0329.7-0211,MACS0329,hard_A15p0,heldout,P0554,2d,2,2.1446,-29.28367398958684,-14.328349919999717,-23.730206265661085,-5.181295585959761,5.553467723925756,9.147054334039955,10.700916164075123,True,2.495291390781735e-13,-5.676232465279004,5.325756753293811
MACS J0329.7-0211,MACS0329,hard_A15p0,heldout,P0554,3c,3,2.7836,-37.91498926838438,-3.053938319999716,-22.52934391697366,20.640683835366097,15.385645351410723,23.694622155365813,28.251605298901847,True,3.552713678800501e-15,-14.673652912769896,26.788849816940804
MACS J0329.7-0211,MACS0329,hard_A15p0,heldout,P0554,9d,9,6.17,-4.984112150802212,-18.278010719999926,-13.870687066942551,5.331413522971848,-8.88657491614034,23.609424242971773,25.226496522997362,True,5.356776277359908e-13,-2.05712550652603,11.345142615680878
MACS J0329.7-0211,MACS0329,hard_A20p0,heldout,P0554,2d,2,2.1446,-29.28367398958684,-14.328349919999717,-23.71979874074622,-5.173345966442885,5.5638752488406205,9.155003953556832,10.713113701174953,True,3.5880759271923767e-13,-5.676232465279004,5.325756753293811
MACS J0329.7-0211,MACS0329,hard_A20p0,heldout,P0554,3c,3,2.7836,-37.91498926838438,-3.053938319999716,,,,,,False,0.001764865372526367,-14.673652912769896,26.788849816940804
MACS J0329.7-0211,MACS0329,hard_A20p0,heldout,P0554,9d,9,6.17,-4.984112150802212,-18.278010719999926,-13.900145410911108,5.310066633235237,-8.916033260108897,23.588077353235164,25.21691976268263,True,7.993605777301127e-15,-2.05712550652603,11.345142615680878
MACS J0329.7-0211,MACS0329,tanh_A3p0,heldout,P0554,2d,2,2.1446,-29.28367398958684,-14.328349919999717,-23.74646757157523,-4.958988454375014,5.5372064180116105,9.369361465624703,10.88327107028039,True,6.15600556938298e-13,-5.676232465279004,5.325756753293811
MACS J0329.7-0211,MACS0329,tanh_A3p0,heldout,P0554,3c,3,2.7836,-37.91498926838438,-3.053938319999716,-25.99530639583896,18.24021619144132,11.919682872545422,21.294154511441036,24.403275520699623,True,7.944109290391274e-15,-14.673652912769896,26.788849816940804
MACS J0329.7-0211,MACS0329,tanh_A3p0,heldout,P0554,9d,9,6.17,-4.984112150802212,-18.278010719999926,-20.32630545031926,0.8855143696245079,-15.34219329951705,19.163525089624436,24.548392800760116,True,3.66205343881779e-15,-2.05712550652603,11.345142615680878
MACS J0329.7-0211,MACS0329,tanh_A5p0,heldout,P0554,2d,2,2.1446,-29.28367398958684,-14.328349919999717,-23.762545813413176,-5.114976618758289,5.521128176173665,9.213373301241429,10.741001067208174,True,1.945191849636581e-13,-5.676232465279004,5.325756753293811
MACS J0329.7-0211,MACS0329,tanh_A5p0,heldout,P0554,3c,3,2.7836,-37.91498926838438,-3.053938319999716,-25.031989629619787,18.92770266361344,12.882999638764595,21.981640983613158,25.47870130177106,True,1.7763568394002505e-15,-14.673652912769896,26.788849816940804
MACS J0329.7-0211,MACS0329,tanh_A5p0,heldout,P0554,9d,9,6.17,-4.984112150802212,-18.278010719999926,-20.295972354880373,0.7310647993748526,-15.311860204078162,19.00907551937478,24.408974067144364,True,4.470105896871821e-14,-2.05712550652603,11.345142615680878
MACS J0329.7-0211,MACS0329,tanh_A7p5,heldout,P0554,2d,2,2.1446,-29.28367398958684,-14.328349919999717,-23.755150214025747,-5.1601422549135,5.528523775561094,9.168207665086218,10.706101387857766,True,9.885948490045411e-14,-5.676232465279004,5.325756753293811
MACS J0329.7-0211,MACS0329,tanh_A7p5,heldout,P0554,3c,3,2.7836,-37.91498926838438,-3.053938319999716,-24.294200867503015,19.446543769495005,13.620788400881366,22.50048208949472,26.30204499504282,True,5.912893988513175e-14,-14.673652912769896,26.788849816940804
MACS J0329.7-0211,MACS0329,tanh_A7p5,heldout,P0554,9d,9,6.17,-4.984112150802212,-18.278010719999926,-13.587790496034254,5.603124907465989,-8.60367834523204,23.881135627465916,25.3836939771507,True,8.881784197001252e-16,-2.05712550652603,11.345142615680878
MACS J0329.7-0211,MACS0329,tanh_A10p0,heldout,P0554,2d,2,2.1446,-29.28367398958684,-14.328349919999717,-23.74635486879896,-5.171025182181611,5.537319120787881,9.157324737818104,10.701331664764833,True,1.3541444436197498e-13,-5.676232465279004,5.325756753293811
MACS J0329.7-0211,MACS0329,tanh_A10p0,heldout,P0554,3c,3,2.7836,-37.91498926838438,-3.053938319999716,-23.871492976966017,19.740162836948777,14.043496291418364,22.794101156948493,26.772949700028985,True,1.3504985793665164e-13,-14.673652912769896,26.788849816940804
MACS J0329.7-0211,MACS0329,tanh_A10p0,heldout,P0554,9d,9,6.17,-4.984112150802212,-18.278010719999926,-13.711372568788752,5.486769014068384,-8.727260417986539,23.76477973406831,25.316591994424098,True,2.1397727870017589e-13,-2.05712550652603,11.345142615680878
MACS J0329.7-0211,MACS0329,tanh_A15p0,heldout,P0554,2d,2,2.1446,-29.28367398958684,-14.328349919999717,-23.73268586360137,-5.172520980237451,5.550988125985473,9.155828939762266,10.707131863810211,True,2.5042536661300906e-13,-5.676232465279004,5.325756753293811
MACS J0329.7-0211,MACS0329,tanh_A15p0,heldout,P0554,3c,3,2.7836,-37.91498926838438,-3.053938319999716,-23.32089367110195,20.119938207665527,14.594095597282433,23.173876527665243,27.386423271798247,True,3.972054645195637e-15,-14.673652912769896,26.788849816940804
MACS J0329.7-0211,MACS0329,tanh_A15p0,heldout,P0554,9d,9,6.17,-4.984112150802212,-18.278010719999926,-13.813082336918159,5.391727787799442,-8.828970186115946,23.66973850779937,25.262763815048515,True,4.782987168225453e-15,-2.05712550652603,11.345142615680878
MACS J0329.7-0211,MACS0329,tanh_A20p0,heldout,P0554,2d,2,2.1446,-29.28367398958684,-14.328349919999717,-23.72321896609762,-5.169157304887169,5.560455023489222,9.159192615112548,10.71491807850059,True,3.37223696548664e-13,-5.676232465279004,5.325756753293811
MACS J0329.7-0211,MACS0329,tanh_A20p0,heldout,P0554,3c,3,2.7836,-37.91498926838438,-3.053938319999716,-22.83824235833914,20.442992018260043,15.076746910045241,23.49693033825976,27.917987619285718,True,3.552713678800501e-15,-14.673652912769896,26.788849816940804
MACS J0329.7-0211,MACS0329,tanh_A20p0,heldout,P0554,9d,9,6.17,-4.984112150802212,-18.278010719999926,-13.863532676993595,5.3479990758564,-8.879420526191382,23.626009795856326,25.239501733490062,True,2.130980478771393e-13,-2.05712550652603,11.345142615680878
MACS J0329.7-0211,MACS0329,exponential_A3p0,heldout,P0554,2d,2,2.1446,-29.28367398958684,-14.328349919999717,-23.65283798103332,-4.815569593933292,5.630836008553523,9.512780326066425,11.054379389509815,True,1.8993317034093036e-13,-5.676232465279004,5.325756753293811
MACS J0329.7-0211,MACS0329,exponential_A3p0,heldout,P0554,3c,3,2.7836,-37.91498926838438,-3.053938319999716,-26.36974274668422,17.91254804622258,11.545246521700161,20.966486366222295,23.935042673699478,True,5.0242958677880805e-15,-14.673652912769896,26.788849816940804
MACS J0329.7-0211,MACS0329,exponential_A3p0,heldout,P0554,9d,9,6.17,-4.984112150802212,-18.278010719999926,-20.280816127585435,0.9952868855785814,-15.296703976783224,19.27329760557851,24.605876394604074,True,1.9860273225978185e-15,-2.05712550652603,11.345142615680878
MACS J0329.7-0211,MACS0329,exponential_A5p0,heldout,P0554,2d,2,2.1446,-29.28367398958684,-14.328349919999717,-23.69054188013295,-4.954128080748455,5.59313210945389,9.374221839251263,10.916004850003478,True,3.240536948104518e-13,-5.676232465279004,5.325756753293811
MACS J0329.7-0211,MACS0329,exponential_A5p0,heldout,P0554,3c,3,2.7836,-37.91498926838438,-3.053938319999716,-25.810830826187143,18.346154601052575,12.104158442197239,21.40009292105229,24.58606574105518,True,1.9860273225978185e-14,-14.673652912769896,26.788849816940804
MACS J0329.7-0211,MACS0329,exponential_A5p0,heldout,P0554,9d,9,6.17,-4.984112150802212,-18.278010719999926,-12.580539770450548,6.600756170700411,-7.596427619648336,24.878766890700337,26.0126652725622,True,9.769962616701378e-15,-2.05712550652603,11.345142615680878
MACS J0329.7-0211,MACS0329,exponential_A7p5,heldout,P0554,2d,2,2.1446,-29.28367398958684,-14.328349919999717,-23.704472057518288,-5.025108800826638,5.579201932068553,9.303241119173078,10.84793941356008,True,2.808666774861361e-15,-5.676232465279004,5.325756753293811
MACS J0329.7-0211,MACS0329,exponential_A7p5,heldout,P0554,3c,3,2.7836,-37.91498926838438,-3.053938319999716,-25.35753939643668,18.687984610949552,12.5574498719477,21.74192293094927,25.107782857548713,True,3.552713678800501e-15,-14.673652912769896,26.788849816940804
MACS J0329.7-0211,MACS0329,exponential_A7p5,heldout,P0554,9d,9,6.17,-4.984112150802212,-18.278010719999926,-12.973493928565418,6.210747594496469,-7.989381777763206,24.488758314496394,25.759066461668812,True,5.050135945278633e-14,-2.05712550652603,11.345142615680878
MACS J0329.7-0211,MACS0329,exponential_A10p0,heldout,P0554,2d,2,2.1446,-29.28367398958684,-14.328349919999717,-23.708486043287127,-5.059777493459615,5.575187946299714,9.268572426540102,10.816152525856182,True,5.529479566930247e-13,-5.676232465279004,5.325756753293811
MACS J0329.7-0211,MACS0329,exponential_A10p0,heldout,P0554,3c,3,2.7836,-37.91498926838438,-3.053938319999716,-25.01787436255535,18.937669160912243,12.897114905829032,21.99160748091196,25.49443806967826,True,7.944109290391274e-15,-14.673652912769896,26.788849816940804
MACS J0329.7-0211,MACS0329,exponential_A10p0,heldout,P0554,9d,9,6.17,-4.984112150802212,-18.278010719999926,-13.193674177220908,5.997813660653685,-8.209562026418695,24.27582438065361,25.626403532800932,True,6.217248937900877e-15,-2.05712550652603,11.345142615680878
MACS J0329.7-0211,MACS0329,exponential_A15p0,heldout,P0554,2d,2,2.1446,-29.28367398958684,-14.328349919999717,-23.708936752498925,-5.092717727094097,5.574737237087916,9.23563219290562,10.78770583883382,True,5.227818480148479e-13,-5.676232465279004,5.325756753293811
MACS J0329.7-0211,MACS0329,exponential_A15p0,heldout,P0554,3c,3,2.7836,-37.91498926838438,-3.053938319999716,-24.54806110122223,19.278131703896467,13.36692816716215,22.332070023896183,26.026834616954005,True,1.7738681965539525e-13,-14.673652912769896,26.788849816940804
MACS J0329.7-0211,MACS0329,exponential_A15p0,heldout,P0554,9d,9,6.17,-4.984112150802212,-18.278010719999926,-13.440153998703607,5.767079168772242,-8.456041847901396,24.045089888772168,25.488644363570874,True,1.0695084443661336e-14,-2.05712550652603,11.345142615680878
MACS J0329.7-0211,MACS0329,exponential_A20p0,heldout,P0554,2d,2,2.1446,-29.28367398958684,-14.328349919999717,-23.70710412718934,-5.107995430666446,5.576569862397502,9.220354489333271,10.775577401660122,True,5.253971376582314e-13,-5.676232465279004,5.325756753293811
MACS J0329.7-0211,MACS0329,exponential_A20p0,heldout,P0554,3c,3,2.7836,-37.91498926838438,-3.053938319999716,-24.225976516512453,19.50567809646463,13.689012751871928,22.559616416464348,26.38797762199521,True,0.0,-14.673652912769896,26.788849816940804
MACS J0329.7-0211,MACS0329,exponential_A20p0,heldout,P0554,9d,9,6.17,-4.984112150802212,-18.278010719999926,-13.575660805909513,5.642103130688298,-8.5915486551073,23.920113850688224,25.416265558161033,True,6.936895214610187e-15,-2.05712550652603,11.345142615680878
MACS J0329.7-0211,MACS0329,rational_A3p0,heldout,P0554,2d,2,2.1446,-29.28367398958684,-14.328349919999717,-23.5663631800836,-4.637785631154539,5.7173108095032426,9.690564288845177,11.251430092601742,True,2.773194000606457e-13,-5.676232465279004,5.325756753293811
MACS J0329.7-0211,MACS0329,rational_A3p0,heldout,P0554,3c,3,2.7836,-37.91498926838438,-3.053938319999716,-26.76457808884136,17.57618923996817,11.15041117954302,20.630127559967885,23.450668063264732,True,9.565974336450907e-14,-14.673652912769896,26.788849816940804
MACS J0329.7-0211,MACS0329,rational_A3p0,heldout,P0554,9d,9,6.17,-4.984112150802212,-18.278010719999926,-20.276767407122797,1.124017295340497,-15.292655256320586,19.402028015340424,24.704331520944347,True,3.66205343881779e-15,-2.05712550652603,11.345142615680878
MACS J0329.7-0211,MACS0329,rational_A5p0,heldout,P0554,2d,2,2.1446,-29.28367398958684,-14.328349919999717,-23.627693148610145,-4.797695032378706,5.655980840976696,9.530654887621012,11.08257649919141,True,2.9587008262321905e-13,-5.676232465279004,5.325756753293811
MACS J0329.7-0211,MACS0329,rational_A5p0,heldout,P0554,3c,3,2.7836,-37.91498926838438,-3.053938319999716,-26.325467464315455,17.945330171086994,11.589521804068927,20.99926849108671,23.98512649138495,True,8.881784197001252e-15,-14.673652912769896,26.788849816940804
MACS J0329.7-0211,MACS0329,rational_A5p0,heldout,P0554,9d,9,6.17,-4.984112150802212,-18.278010719999926,-20.238741606389063,1.024413310179442,-15.254629455586851,19.302424030179367,24.602587125505803,True,8.188600426433445e-15,-2.05712550652603,11.345142615680878
MACS J0329.7-0211,MACS0329,rational_A7p5,heldout,P0554,2d,2,2.1446,-29.28367398958684,-14.328349919999717,-23.66082241244729,-4.900081974127347,5.622851577139553,9.42826794587237,10.977645299321033,True,1.2243016809636605e-13,-5.676232465279004,5.325756753293811
MACS J0329.7-0211,MACS0329,rational_A7p5,heldout,P0554,3c,3,2.7836,-37.91498926838438,-3.053938319999716,-25.934176227402222,18.25479294452852,11.98081304098216,21.308731264528237,24.445897595033227,True,8.881784197001252e-15,-14.673652912769896,26.788849816940804
MACS J0329.7-0211,MACS0329,rational_A7p5,heldout,P0554,9d,9,6.17,-4.984112150802212,-18.278010719999926,-12.39452368150291,6.791556947466439,-7.410411530700698,25.069567667466366,26.141871051782367,True,1.0911636080083687e-12,-2.05712550652603,11.345142615680878
MACS J0329.7-0211,MACS0329,rational_A10p0,heldout,P0554,2d,2,2.1446,-29.28367398958684,-14.328349919999717,-23.676789168051336,-4.95800829034545,5.606884821535505,9.370341629654266,10.919728002949388,True,1.1553832367725421e-13,-5.676232465279004,5.325756753293811
MACS J0329.7-0211,MACS0329,rational_A10p0,heldout,P0554,3c,3,2.7836,-37.91498926838438,-3.053938319999716,-25.64448074397345,18.477531751528737,12.270508524410932,21.531470071528453,24.78244505469077,True,3.552713678800501e-15,-14.673652912769896,26.788849816940804
MACS J0329.7-0211,MACS0329,rational_A10p0,heldout,P0554,9d,9,6.17,-4.984112150802212,-18.278010719999926,-12.709009715269866,6.485610984741666,-7.724897564467654,24.763621704741592,25.940528181150576,True,1.1546319456101628e-14,-2.05712550652603,11.345142615680878
MACS J0329.7-0211,MACS0329,rational_A15p0,heldout,P0554,2d,2,2.1446,-29.28367398958684,-14.328349919999717,-23.69076857214582,-5.020346101869729,5.59290541744102,9.308003818129988,10.859075747353618,True,7.506668365788404e-13,-5.676232465279004,5.325756753293811
MACS J0329.7-0211,MACS0329,rational_A15p0,heldout,P0554,3c,3,2.7836,-37.91498926838438,-3.053938319999716,-25.210564522255254,18.801891826743017,12.704424746129128,21.855830146742733,25.280026098351374,True,3.552713678800501e-15,-14.673652912769896,26.788849816940804
MACS J0329.7-0211,MACS0329,rational_A15p0,heldout,P0554,9d,9,6.17,-4.984112150802212,-18.278010719999926,-13.058166094131032,6.140372393656364,-8.07405394332882,24.41838311365629,25.71862712053422,True,8.881784197001252e-16,-2.05712550652603,11.345142615680878
MACS J0329.7-0211,MACS0329,rational_A20p0,heldout,P0554,2d,2,2.1446,-29.28367398958684,-14.328349919999717,-23.69609533815714,-5.052809956783665,5.587578651429702,9.275539963216051,10.828512215218256,True,3.66205343881779e-15,-5.676232465279004,5.325756753293811
MACS J0329.7-0211,MACS0329,rational_A20p0,heldout,P0554,3c,3,2.7836,-37.91498926838438,-3.053938319999716,-24.891344538444002,19.035355509924617,13.02364472994038,22.089293829924333,25.64278112756955,True,3.552713678800501e-15,-14.673652912769896,26.788849816940804
MACS J0329.7-0211,MACS0329,rational_A20p0,heldout,P0554,9d,9,6.17,-4.984112150802212,-18.278010719999926,-20.15100743981361,0.8514628802316543,-15.1668952890114,19.12947360023158,24.41252696731318,True,5.4025784115714076e-15,-2.05712550652603,11.345142615680878
MACS J0429.6-0253,MACS0429,hard_A3p0,heldout,P0554,1d,1,2.9286,0.6416416085282667,-12.15726948000082,-3.2294093453641897,7.063325746775807,-3.8710509538924565,19.220595226776627,19.606537592324152,True,1.897149936107019e-15,1.7848577792519793,3.2430535948925274
MACS J0429.6-0253,MACS0429,hard_A3p0,heldout,P0554,2c,2,3.8665,9.164983518005787,-5.89188708000048,2.960676928474353,0.31112262523772416,-6.204306589531434,6.203009705238204,8.77329753628489,True,4.440892098500626e-16,-4.095814566865733,-2.8631452695809387
MACS J0429.6-0253,MACS0429,hard_A5p0,heldout,P0554,1d,1,2.9286,0.6416416085282667,-12.15726948000082,-3.206827460176025,7.044128789216184,-3.8484690687042917,19.201398269217005,19.583268615475394,True,1.897149936107019e-15,1.7848577792519793,3.2430535948925274
MACS J0429.6-0253,MACS0429,hard_A5p0,heldout,P0554,2c,2,3.8665,9.164983518005787,-5.89188708000048,3.01865660703194,0.28131659242257306,-6.146326910973848,6.173203672423052,8.711244347266284,True,1.9860273225978185e-15,-4.095814566865733,-2.8631452695809387
MACS J0429.6-0253,MACS0429,hard_A7p5,heldout,P0554,1d,1,2.9286,0.6416416085282667,-12.15726948000082,-3.198244061003264,7.05221842390553,-3.839885669531531,19.20948790390635,19.58951626471154,True,2.094764613337708e-15,1.7848577792519793,3.2430535948925274
MACS J0429.6-0253,MACS0429,hard_A7p5,heldout,P0554,2c,2,3.8665,9.164983518005787,-5.89188708000048,3.0502863584799504,0.2957048252725753,-6.114697159525837,6.187591905273055,8.699184728404953,True,9.860380650283726e-15,-4.095814566865733,-2.8631452695809387
MACS J0429.6-0253,MACS0429,hard_A10p0,heldout,P0554,1d,1,2.9286,0.6416416085282667,-12.15726948000082,-3.193453166253343,7.061523424706724,-3.8350947747816098,19.218792904707545,19.59770273898434,True,1.3506446028928519e-15,1.7848577792519793,3.2430535948925274
MACS J0429.6-0253,MACS0429,hard_A10p0,heldout,P0554,2c,2,3.8665,9.164983518005787,-5.89188708000048,3.07149323183933,0.31183067525425107,-6.093490286166457,6.203717755254731,8.695788512519597,True,1.1348195573628883e-14,-4.095814566865733,-2.8631452695809387
MACS J0429.6-0253,MACS0429,hard_A15p0,heldout,P0554,1d,1,2.9286,0.6416416085282667,-12.15726948000082,-3.1886242341886777,7.073737921816653,-3.8302658427169445,19.23100740181747,19.608737392158694,True,2.673771110915334e-15,1.7848577792519793,3.2430535948925274
MACS J0429.6-0253,MACS0429,hard_A15p0,heldout,P0554,2c,2,3.8665,9.164983518005787,-5.89188708000048,3.0950493209024814,0.33299730883300066,-6.069934197103306,6.22488438883348,8.69443999412883,True,4.3919951371690735e-14,-4.095814566865733,-2.8631452695809387
MACS J0429.6-0253,MACS0429,hard_A20p0,heldout,P0554,1d,1,2.9286,0.6416416085282667,-12.15726948000082,-3.186084773791076,7.081163808548993,-3.8277263823193426,19.238433288549814,19.6155245827351,True,1.4895204919483639e-15,1.7848577792519793,3.2430535948925274
MACS J0429.6-0253,MACS0429,hard_A20p0,heldout,P0554,2c,2,3.8665,9.164983518005787,-5.89188708000048,3.1079820489509147,0.3457238984963175,-6.057001469054873,6.2376109784967975,8.694541823189804,True,1.2560739669470201e-15,-4.095814566865733,-2.8631452695809387
MACS J0429.6-0253,MACS0429,tanh_A3p0,heldout,P0554,1d,1,2.9286,0.6416416085282667,-12.15726948000082,-3.2877457776991124,6.932893046660114,-3.929387386227379,19.090162526660933,19.490366608285544,True,1.1957467920563633e-15,1.7848577792519793,3.2430535948925274
MACS J0429.6-0253,MACS0429,tanh_A3p0,heldout,P0554,2c,2,3.8665,9.164983518005787,-5.89188708000048,2.714420299501827,-0.012000132781776493,-6.4505632185039605,5.879886947218703,8.728277971512425,True,6.217248937900877e-15,-4.095814566865733,-2.8631452695809387
MACS J0429.6-0253,MACS0429,tanh_A5p0,heldout,P0554,1d,1,2.9286,0.6416416085282667,-12.15726948000082,-3.234300887712548,7.011441312146504,-3.875942496240815,19.168710792147323,19.556646022954723,True,1.7342238036525468e-15,1.7848577792519793,3.2430535948925274
MACS J0429.6-0253,MACS0429,tanh_A5p0,heldout,P0554,2c,2,3.8665,9.164983518005787,-5.89188708000048,2.9115868208428357,0.18670912554921812,-6.253396697162952,6.078596205549697,8.720911768972995,True,8.881784197001252e-16,-4.095814566865733,-2.8631452695809387
MACS J0429.6-0253,MACS0429,tanh_A7p5,heldout,P0554,1d,1,2.9286,0.6416416085282667,-12.15726948000082,-3.211944791453244,7.0412586061441464,-3.853586399981511,19.198528086144968,19.581460844804703,True,1.4895204919483639e-15,1.7848577792519793,3.2430535948925274
MACS J0429.6-0253,MACS0429,tanh_A7p5,heldout,P0554,2c,2,3.8665,9.164983518005787,-5.89188708000048,2.998626884758066,0.25914676132456294,-6.166356633247721,6.1510338413250425,8.70971707034873,True,6.951095629092365e-15,-4.095814566865733,-2.8631452695809387
MACS J0429.6-0253,MACS0429,tanh_A10p0,heldout,P0554,1d,1,2.9286,0.6416416085282667,-12.15726948000082,-3.202019656287935,7.05520599972521,-3.843661264816202,19.21247547972603,19.593186213010952,True,4.076197102228689e-15,1.7848577792519793,3.2430535948925274
MACS J0429.6-0253,MACS0429,tanh_A10p0,heldout,P0554,2c,2,3.8665,9.164983518005787,-5.89188708000048,3.0388689639378414,0.290753128233747,-6.126114554067946,6.182640208234226,8.703695736526964,True,5.4930801582266845e-15,-4.095814566865733,-2.8631452695809387
MACS J0429.6-0253,MACS0429,tanh_A15p0,heldout,P0554,1d,1,2.9286,0.6416416085282667,-12.15726948000082,-3.192948206183829,7.0698583019487415,-3.834589814712096,19.227127781949562,19.605777765508574,True,8.005932084973442e-16,1.7848577792519793,3.2430535948925274
MACS J0429.6-0253,MACS0429,tanh_A15p0,heldout,P0554,2c,2,3.8665,9.164983518005787,-5.89188708000048,3.077441070666584,0.32144051972990334,-6.087542447339203,6.213327599730383,8.69848336836531,True,1.618100449895237e-13,-4.095814566865733,-2.8631452695809387
MACS J0429.6-0253,MACS0429,tanh_A20p0,heldout,P0554,1d,1,2.9286,0.6416416085282667,-12.15726948000082,-3.188668122244198,7.0780694812478515,-3.830309730772465,19.235338961248672,19.612994100539098,True,2.482534153247273e-15,1.7848577792519793,3.2430535948925274
MACS J0429.6-0253,MACS0429,tanh_A20p0,heldout,P0554,2c,2,3.8665,9.164983518005787,-5.89188708000048,3.0965694889830266,0.33742391393209,-6.06841402902276,6.22931099393257,8.696548987200005,True,9.930136612989092e-16,-4.095814566865733,-2.8631452695809387
MACS J0429.6-0253,MACS0429,exponential_A3p0,heldout,P0554,1d,1,2.9286,0.6416416085282667,-12.15726948000082,-3.3558281904683382,6.780170571892034,-3.997469798996605,18.937440051892857,19.354751367892217,True,3.1165445441279525e-15,1.7848577792519793,3.2430535948925274
MACS J0429.6-0253,MACS0429,exponential_A3p0,heldout,P0554,2c,2,3.8665,9.164983518005787,-5.89188708000048,2.4834018965852893,-0.36610444309867884,-6.681581621420498,5.525782636901801,8.670513636111162,True,4.440892098500626e-16,-4.095814566865733,-2.8631452695809387
MACS J0429.6-0253,MACS0429,exponential_A5p0,heldout,P0554,1d,1,2.9286,0.6416416085282667,-12.15726948000082,-3.2929851981883593,6.894292322401972,-3.934626806716626,19.051561802402794,19.453619077665376,True,2.401779625492033e-15,1.7848577792519793,3.2430535948925274
MACS J0429.6-0253,MACS0429,exponential_A5p0,heldout,P0554,2c,2,3.8665,9.164983518005787,-5.89188708000048,2.6845805035891286,-0.09274634549422552,-6.480403014416659,5.7991407345062544,8.696301310779788,True,8.881784197001252e-16,-4.095814566865733,-2.8631452695809387
MACS J0429.6-0253,MACS0429,exponential_A7p5,heldout,P0554,1d,1,2.9286,0.6416416085282667,-12.15726948000082,-3.258495320939728,6.955411539842182,-3.900136929467995,19.112681019843002,19.5065538687608,True,4.965068306494546e-16,1.7848577792519793,3.2430535948925274
MACS J0429.6-0253,MACS0429,exponential_A7p5,heldout,P0554,2c,2,3.8665,9.164983518005787,-5.89188708000048,2.8089914403829184,0.05118370748367415,-6.355992077622869,5.943070787484154,8.701650744304336,True,9.930136612989092e-16,-4.095814566865733,-2.8631452695809387
MACS J0429.6-0253,MACS0429,exponential_A10p0,heldout,P0554,1d,1,2.9286,0.6416416085282667,-12.15726948000082,-3.24017343430565,6.987880023655822,-3.881815042833917,19.145149503656643,19.534718773100774,True,2.1868857395626282e-15,1.7848577792519793,3.2430535948925274
MACS J0429.6-0253,MACS0429,exponential_A10p0,heldout,P0554,2c,2,3.8665,9.164983518005787,-5.89188708000048,2.879660015288792,0.12645029340536346,-6.285323502716995,6.018337373405843,8.702050119020239,True,3.744333109919633e-14,-4.095814566865733,-2.8631452695809387
MACS J0429.6-0253,MACS0429,exponential_A15p0,heldout,P0554,1d,1,2.9286,0.6416416085282667,-12.15726948000082,-3.220821979645761,7.022571972368003,-3.8624635881740277,19.179841452368823,19.564890572348613,True,2.0471501066083613e-15,1.7848577792519793,3.2430535948925274
MACS J0429.6-0253,MACS0429,exponential_A15p0,heldout,P0554,2c,2,3.8665,9.164983518005787,-5.89188708000048,2.9576754414187296,0.2053936448418285,-6.207308076587058,6.097280724842308,8.70100602201817,True,8.881784197001252e-16,-4.095814566865733,-2.8631452695809387
MACS J0429.6-0253,MACS0429,exponential_A20p0,heldout,P0554,1d,1,2.9286,0.6416416085282667,-12.15726948000082,-3.210576495836927,7.041282767479258,-3.852218104365194,19.19855224748008,19.58121530249901,True,8.005932084973442e-16,1.7848577792519793,3.2430535948925274
MACS J0429.6-0253,MACS0429,exponential_A20p0,heldout,P0554,2c,2,3.8665,9.164983518005787,-5.89188708000048,3.000660009991568,0.2471300571089497,-6.164323508014219,6.1390171371094295,8.699794004525623,True,6.233089088255905e-15,-4.095814566865733,-2.8631452695809387
MACS J0429.6-0253,MACS0429,rational_A3p0,heldout,P0554,1d,1,2.9286,0.6416416085282667,-12.15726948000082,-3.43441899395181,6.6147297078809375,-4.0760606024800765,18.771999187881757,19.20943058877393,True,2.452664341233149e-13,1.7848577792519793,3.2430535948925274
MACS J0429.6-0253,MACS0429,rational_A3p0,heldout,P0554,2c,2,3.8665,9.164983518005787,-5.89188708000048,2.269295875954986,-0.7645579311317273,-6.895687642050801,5.1273291488687525,8.593021136804639,True,9.930136612989092e-16,-4.095814566865733,-2.8631452695809387
MACS J0429.6-0253,MACS0429,rational_A5p0,heldout,P0554,1d,1,2.9286,0.6416416085282667,-12.15726948000082,-3.3552408815032013,6.77437368420516,-3.996882490031468,18.93164316420598,19.348958177016847,True,9.155133597044475e-16,1.7848577792519793,3.2430535948925274
MACS J0429.6-0253,MACS0429,rational_A5p0,heldout,P0554,2c,2,3.8665,9.164983518005787,-5.89188708000048,2.483149395995294,-0.3828462985038553,-6.681834122010493,5.5090407814966245,8.660048358193889,True,2.2561305349953887e-14,-4.095814566865733,-2.8631452695809387
MACS J0429.6-0253,MACS0429,rational_A7p5,heldout,P0554,1d,1,2.9286,0.6416416085282667,-12.15726948000082,-3.3068432670611547,6.86690478378576,-3.9484848755894215,19.02417426378658,19.429609857937912,True,4.965068306494546e-16,1.7848577792519793,3.2430535948925274
MACS J0429.6-0253,MACS0429,rational_A7p5,heldout,P0554,2c,2,3.8665,9.164983518005787,-5.89188708000048,2.635746979757108,-0.1635503964744871,-6.529236538248679,5.728336683525993,8.68589494135355,True,1.6011864169946884e-15,-4.095814566865733,-2.8631452695809387
MACS J0429.6-0253,MACS0429,rational_A10p0,heldout,P0554,1d,1,2.9286,0.6416416085282667,-12.15726948000082,-3.279593720080364,6.917477898677387,-3.9212353286086308,19.074747378678207,19.47362508786486,True,1.1957467920563633e-15,1.7848577792519793,3.2430535948925274
MACS J0429.6-0253,MACS0429,rational_A10p0,heldout,P0554,2c,2,3.8665,9.164983518005787,-5.89188708000048,2.7302806078530577,-0.044256421258542365,-6.43470291015273,5.847630658741937,8.69483673584425,True,1.2560739669470201e-15,-4.095814566865733,-2.8631452695809387
MACS J0429.6-0253,MACS0429,rational_A15p0,heldout,P0554,1d,1,2.9286,0.6416416085282667,-12.15726948000082,-3.249680045548473,6.971993933362345,-3.89132165407674,19.129263413363166,19.521042568298473,True,2.220446049250313e-16,1.7848577792519793,3.2430535948925274
MACS J0429.6-0253,MACS0429,rational_A15p0,heldout,P0554,2c,2,3.8665,9.164983518005787,-5.89188708000048,2.8417782476801925,0.08340482165424401,-6.3232052703255945,5.975291901654724,8.699829779981554,True,2.808666774861361e-15,-4.095814566865733,-2.8631452695809387
MACS J0429.6-0253,MACS0429,rational_A20p0,heldout,P0554,1d,1,2.9286,0.6416416085282667,-12.15726948000082,-3.2334428754767304,7.001275210454847,-3.875084484004997,19.158544690455667,19.54651156637325,True,3.8778423131653425e-15,1.7848577792519793,3.2430535948925274
MACS J0429.6-0253,MACS0429,rational_A20p0,heldout,P0554,2c,2,3.8665,9.164983518005787,-5.89188708000048,2.905764518000695,0.15131937512373433,-6.259219000005093,6.043206455124214,8.700469340747068,True,1.285682363883128e-13,-4.095814566865733,-2.8631452695809387
MACS J1115.9+0129,MACS1115,hard_A3p0,heldout,P0554,1c,1,2.552,-28.171760932153965,6.107068439999708,-15.657987325444264,23.911138798841876,12.513773606709702,17.804070358842168,21.761880691304846,True,3.552713678800501e-15,-4.156034289584557,19.971225404818128
MACS J1115.9+0129,MACS1115,hard_A3p0,heldout,P0554,2c,2,2.9175,-31.152980884445302,7.703402040000196,-11.705345113361236,29.16223250921774,19.447635771084066,21.458830469217546,28.960178559383362,True,1.6304788408914756e-14,-4.857054025432607,22.4433380624867
MACS J1115.9+0129,MACS1115,hard_A5p0,heldout,P0554,1c,1,2.552,-28.171760932153965,6.107068439999708,-15.943251036653022,23.9061663578979,12.228509895500943,17.79909791789819,21.59500731547207,True,7.32410687763558e-15,-4.156034289584557,19.971225404818128
MACS J1115.9+0129,MACS1115,hard_A5p0,heldout,P0554,2c,2,2.9175,-31.152980884445302,7.703402040000196,-13.40482240774875,28.531990888720504,17.748158476696553,20.828588848720308,27.3647079783975,True,7.944109290391274e-15,-4.857054025432607,22.4433380624867
MACS J1115.9+0129,MACS1115,hard_A7p5,heldout,P0554,1c,1,2.552,-28.171760932153965,6.107068439999708,-15.984105797813438,23.933021434006733,12.187655134340527,17.825952994007025,21.594062559374162,True,3.552713678800501e-15,-4.156034289584557,19.971225404818128
MACS J1115.9+0129,MACS1115,hard_A7p5,heldout,P0554,2c,2,2.9175,-31.152980884445302,7.703402040000196,-13.542137111781106,28.51560237222295,17.610843772664197,20.812200332222755,27.263336205493236,True,6.179066904694994e-13,-4.857054025432607,22.4433380624867
MACS J1115.9+0129,MACS1115,hard_A10p0,heldout,P0554,1c,1,2.552,-28.171760932153965,6.107068439999708,-15.987579600688614,23.941795368959323,12.184181331465352,17.834726928959615,21.59934627132465,True,6.4047456679787536e-15,-4.156034289584557,19.971225404818128
MACS J1115.9+0129,MACS1115,hard_A10p0,heldout,P0554,2c,2,2.9175,-31.152980884445302,7.703402040000196,-13.552652432931138,28.521361191759183,17.600328451514166,20.817959151758988,27.260942479039215,True,3.1063905319559397e-13,-4.857054025432607,22.4433380624867
MACS J1115.9+0129,MACS1115,hard_A15p0,heldout,P0554,1c,1,2.552,-28.171760932153965,6.107068439999708,-15.978864417741125,23.943051562067865,12.19289651441284,17.835983122068157,21.605300723245694,True,5.0242958677880805e-15,-4.156034289584557,19.971225404818128
MACS J1115.9+0129,MACS1115,hard_A15p0,heldout,P0554,2c,2,2.9175,-31.152980884445302,7.703402040000196,-13.526114000648898,28.53104046784886,17.626866883796403,20.827638427848665,27.285471566756488,True,1.0736310142264625e-13,-4.857054025432607,22.4433380624867
MACS J1115.9+0129,MACS1115,hard_A20p0,heldout,P0554,1c,1,2.552,-28.171760932153965,6.107068439999708,-15.973082767971187,23.94183818060914,12.198678164182779,17.83476974060943,21.607562580121513,True,6.4047456679787536e-15,-4.156034289584557,19.971225404818128
MACS J1115.9+0129,MACS1115,hard_A20p0,heldout,P0554,2c,2,2.9175,-31.152980884445302,7.703402040000196,-13.507952938871687,28.535701972988324,17.645027945573617,20.83229993298813,27.300764306115152,True,7.809911983607026e-14,-4.857054025432607,22.4433380624867
MACS J1115.9+0129,MACS1115,tanh_A3p0,heldout,P0554,1c,1,2.552,-28.171760932153965,6.107068439999708,-15.490193443136008,23.97861117673911,12.681567489017958,17.871542736739404,21.913790036632644,True,2.5618982671915014e-14,-4.156034289584557,19.971225404818128
MACS J1115.9+0129,MACS1115,tanh_A3p0,heldout,P0554,2c,2,2.9175,-31.152980884445302,7.703402040000196,-12.171423476335153,28.89057812492124,18.98155740811015,21.187176084921045,28.446369752410085,True,3.66205343881779e-15,-4.857054025432607,22.4433380624867
MACS J1115.9+0129,MACS1115,tanh_A5p0,heldout,P0554,1c,1,2.552,-28.171760932153965,6.107068439999708,-15.757881168987051,23.94450096691145,12.413879763166914,17.83743252691174,21.73196746561374,True,1.7763568394002505e-15,-4.156034289584557,19.971225404818128
MACS J1115.9+0129,MACS1115,tanh_A5p0,heldout,P0554,2c,2,2.9175,-31.152980884445302,7.703402040000196,-12.957054962564515,28.665175998018253,18.195925921880786,20.961773958018057,27.75765998101456,True,1.7763568394002505e-14,-4.857054025432607,22.4433380624867
MACS J1115.9+0129,MACS1115,tanh_A7p5,heldout,P0554,1c,1,2.552,-28.171760932153965,6.107068439999708,-15.8724171982471,23.93869672482081,12.299343733906866,17.831628284821104,21.661967213824926,True,1.0048591735576161e-14,-4.156034289584557,19.971225404818128
MACS J1115.9+0129,MACS1115,tanh_A7p5,heldout,P0554,2c,2,2.9175,-31.152980884445302,7.703402040000196,-13.26444026288728,28.585566096204246,17.888540621558022,20.88216405620405,27.4966299978625,True,0.0,-4.857054025432607,22.4433380624867
MACS J1115.9+0129,MACS1115,tanh_A10p0,heldout,P0554,1c,1,2.552,-28.171760932153965,6.107068439999708,-15.916273875620638,23.938851163017794,12.255487056533328,17.831782723018087,21.63722343725697,True,3.972054645195637e-15,-4.156034289584557,19.971225404818128
MACS J1115.9+0129,MACS1115,tanh_A10p0,heldout,P0554,2c,2,2.9175,-31.152980884445302,7.703402040000196,-13.37539417069671,28.560324671568573,17.77758671374859,20.856922631568377,27.40536099058138,True,0.0,-4.857054025432607,22.4433380624867
MACS J1115.9+0129,MACS1115,tanh_A15p0,heldout,P0554,1c,1,2.552,-28.171760932153965,6.107068439999708,-15.947646433694574,23.939778509894822,12.224114498459391,17.832710069895114,21.620234127048295,True,1.1234667099445444e-14,-4.156034289584557,19.971225404818128
MACS J1115.9+0129,MACS1115,tanh_A15p0,heldout,P0554,2c,2,2.9175,-31.152980884445302,7.703402040000196,-13.450619653238038,28.545120212895,17.702361231207263,20.841718172894804,27.345032630416142,True,3.552713678800501e-15,-4.857054025432607,22.4433380624867
MACS J1115.9+0129,MACS1115,tanh_A20p0,heldout,P0554,1c,1,2.552,-28.171760932153965,6.107068439999708,-15.957845915403569,23.94003594500287,12.213915016750397,17.83296750500316,21.61468135483148,True,1.1916163935586911e-14,-4.156034289584557,19.971225404818128
MACS J1115.9+0129,MACS1115,tanh_A20p0,heldout,P0554,2c,2,2.9175,-31.152980884445302,7.703402040000196,-13.472844056423698,28.541277590612683,17.680136828021602,20.837875550612488,27.327720280337683,True,3.552713678800501e-15,-4.857054025432607,22.4433380624867
MACS J1115.9+0129,MACS1115,exponential_A3p0,heldout,P0554,1c,1,2.552,-28.171760932153965,6.107068439999708,-15.467523516064912,23.995733967440966,12.704237416089054,17.88866552744126,21.940875157500493,True,6.4047456679787536e-15,-4.156034289584557,19.971225404818128
MACS J1115.9+0129,MACS1115,exponential_A3p0,heldout,P0554,2c,2,2.9175,-31.152980884445302,7.703402040000196,-12.934410183845236,28.513649409401626,18.21857070060007,20.81024736940143,27.658320880856856,True,3.552713678800501e-15,-4.857054025432607,22.4433380624867
MACS J1115.9+0129,MACS1115,exponential_A5p0,heldout,P0554,1c,1,2.552,-28.171760932153965,6.107068439999708,-15.648139363967799,23.97301224525772,12.523621568186167,17.865943805258013,21.818181529077417,True,6.4047456679787536e-15,-4.156034289584557,19.971225404818128
MACS J1115.9+0129,MACS1115,exponential_A5p0,heldout,P0554,2c,2,2.9175,-31.152980884445302,7.703402040000196,-13.111263296637093,28.532584091374737,18.041717587808208,20.82918205137454,27.556458379979297,True,3.552713678800501e-15,-4.857054025432607,22.4433380624867
MACS J1115.9+0129,MACS1115,exponential_A7p5,heldout,P0554,1c,1,2.552,-28.171760932153965,6.107068439999708,-15.749655557516004,23.96179169900852,12.422105374637962,17.85472325900881,21.750858479480748,True,1.7763568394002505e-15,-4.156034289584557,19.971225404818128
MACS J1115.9+0129,MACS1115,exponential_A7p5,heldout,P0554,2c,2,2.9175,-31.152980884445302,7.703402040000196,-13.228086941975874,28.535869235850665,17.924893942469428,20.83246719585047,27.482603812502248,True,3.552713678800501e-15,-4.857054025432607,22.4433380624867
MACS J1115.9+0129,MACS1115,exponential_A10p0,heldout,P0554,1c,1,2.552,-28.171760932153965,6.107068439999708,-15.802849420745943,23.956244306139013,12.368911511408022,17.849175866139305,21.71596304743153,True,5.0242958677880805e-15,-4.156034289584557,19.971225404818128
MACS J1115.9+0129,MACS1115,exponential_A10p0,heldout,P0554,2c,2,2.9175,-31.152980884445302,7.703402040000196,-13.291707041690488,28.536650635548725,17.861273842754812,20.83324859554853,27.441744666289022,True,3.552713678800501e-15,-4.857054025432607,22.4433380624867
MACS J1115.9+0129,MACS1115,exponential_A15p0,heldout,P0554,1c,1,2.552,-28.171760932153965,6.107068439999708,-15.85739961595364,23.95065905176016,12.314361316200326,17.84359061176045,21.680341799566644,True,3.972054645195637e-15,-4.156034289584557,19.971225404818128
MACS J1115.9+0129,MACS1115,exponential_A15p0,heldout,P0554,2c,2,2.9175,-31.152980884445302,7.703402040000196,-13.357588993501212,28.53720893413336,17.79539189094409,20.833806894133165,27.399333609675786,True,5.0242958677880805e-15,-4.857054025432607,22.4433380624867
MACS J1115.9+0129,MACS1115,exponential_A20p0,heldout,P0554,1c,1,2.552,-28.171760932153965,6.107068439999708,-15.884980313227278,23.947852163463015,12.286780618926688,17.840783723463307,21.662376181874087,True,1.0048591735576161e-14,-4.156034289584557,19.971225404818128
MACS J1115.9+0129,MACS1115,exponential_A20p0,heldout,P0554,2c,2,2.9175,-31.152980884445302,7.703402040000196,-13.391090165601414,28.537466093003253,17.761890718843887,20.834064053003058,27.377782723821642,True,5.0242958677880805e-15,-4.857054025432607,22.4433380624867
MACS J1115.9+0129,MACS1115,rational_A3p0,heldout,P0554,1c,1,2.552,-28.171760932153965,6.107068439999708,-15.339128301580468,24.022671028156726,12.832632630573498,17.915602588157018,22.037360920219964,True,5.0242958677880805e-15,-4.156034289584557,19.971225404818128
MACS J1115.9+0129,MACS1115,rational_A3p0,heldout,P0554,2c,2,2.9175,-31.152980884445302,7.703402040000196,-13.10454849378491,28.35849448835462,18.048432390660395,20.655092448354424,27.429523433889756,True,3.972054645195637e-15,-4.857054025432607,22.4433380624867
MACS J1115.9+0129,MACS1115,rational_A5p0,heldout,P0554,1c,1,2.552,-28.171760932153965,6.107068439999708,-15.503199939735305,23.99748436027772,12.66856099241866,17.890415920278013,21.921665525665897,True,1.7763568394002505e-15,-4.156034289584557,19.971225404818128
MACS J1115.9+0129,MACS1115,rational_A5p0,heldout,P0554,2c,2,2.9175,-31.152980884445302,7.703402040000196,-13.103135338618355,28.453877944079245,18.049845545826948,20.75047590407905,27.502348526516318,True,3.552713678800501e-15,-4.857054025432607,22.4433380624867
MACS J1115.9+0129,MACS1115,rational_A7p5,heldout,P0554,1c,1,2.552,-28.171760932153965,6.107068439999708,-15.61835897348789,23.98092961341096,12.553401958666075,17.873861173411253,21.84176764783976,True,3.552713678800501e-15,-4.156034289584557,19.971225404818128
MACS J1115.9+0129,MACS1115,rational_A7p5,heldout,P0554,2c,2,2.9175,-31.152980884445302,7.703402040000196,-13.152298867217658,28.497001607862586,18.000682017227646,20.79359956786239,27.50269688728634,True,3.972054645195637e-15,-4.857054025432607,22.4433380624867
MACS J1115.9+0129,MACS1115,rational_A10p0,heldout,P0554,1c,1,2.552,-28.171760932153965,6.107068439999708,-15.68844973814001,23.971468981619097,12.483311194013956,17.86440054161939,21.793803364213534,True,8.881784197001252e-15,-4.156034289584557,19.971225404818128
MACS J1115.9+0129,MACS1115,rational_A10p0,heldout,P0554,2c,2,2.9175,-31.152980884445302,7.703402040000196,-13.200527063586504,28.514407742010132,17.9524538208588,20.811005702009936,27.484332928400462,True,1.7763568394002505e-15,-4.857054025432607,22.4433380624867
MACS J1115.9+0129,MACS1115,rational_A15p0,heldout,P0554,1c,1,2.552,-28.171760932153965,6.107068439999708,-15.769134242188144,23.961244793304367,12.402626689965821,17.85417635330466,21.739290744308008,True,5.0242958677880805e-15,-4.156034289584557,19.971225404818128
MACS J1115.9+0129,MACS1115,rational_A15p0,heldout,P0554,2c,2,2.9175,-31.152980884445302,7.703402040000196,-13.270741340292583,28.52751299089498,17.882239544152718,20.824110950894784,27.448462397912845,True,5.0242958677880805e-15,-4.857054025432607,22.4433380624867
MACS J1115.9+0129,MACS1115,rational_A20p0,heldout,P0554,1c,1,2.552,-28.171760932153965,6.107068439999708,-15.81408528795698,23.955882385783408,12.357675644196986,17.8488139457837,21.709267758226716,True,3.552713678800501e-15,-4.156034289584557,19.971225404818128
MACS J1115.9+0129,MACS1115,rational_A20p0,heldout,P0554,2c,2,2.9175,-31.152980884445302,7.703402040000196,-13.315677250804246,28.532116349030115,17.837303633641056,20.82871430902992,27.422704838981367,True,1.7763568394002505e-15,-4.857054025432607,22.4433380624867
MACS J1931.8-2635,MACS1931,hard_A3p0,heldout,P0554,1d,1,1.1784,-3.1028751978238702,-6.714119879998748,,,,,,False,0.3179109114783224,-3.6832622671114414,2.140184835623221
MACS J1931.8-2635,MACS1931,hard_A3p0,heldout,P0554,2c,2,1.8347,-23.9983449662302,18.077748120002468,-14.627163885660735,5.421109567629298,9.371181080569464,-12.65663855237317,15.748318459132134,True,1.5280799322856756e-14,-4.636041697040826,-4.434825593098335
MACS J1931.8-2635,MACS1931,hard_A3p0,heldout,P0554,4c,4,4.0005,-10.13650281819407,-29.464319879998868,,,,,,False,0.29254157713553863,-1.3234759558800762,23.135757202031268
MACS J1931.8-2635,MACS1931,hard_A3p0,heldout,P0554,6c,6,5.0785,11.863947724317606,-10.868735880002589,6.412728947899584,-0.20660600007489785,-5.451218776418022,10.662129879927692,11.974840279720615,True,1.7763568394002505e-14,-12.900502588930998,2.2644814305959104
MACS J1931.8-2635,MACS1931,hard_A5p0,heldout,P0554,1d,1,1.1784,-3.1028751978238702,-6.714119879998748,-10.98432110468287,0.11062070431583162,-7.881445906859,6.824740584314579,10.42565458980562,True,4.803559250984066e-15,-3.6832622671114414,2.140184835623221
MACS J1931.8-2635,MACS1931,hard_A5p0,heldout,P0554,2c,2,1.8347,-23.9983449662302,18.077748120002468,-15.253875904761399,6.423072218081022,8.7444690614688,-11.654675901921447,14.5704224216669,True,1.706135029904003e-14,-4.636041697040826,-4.434825593098335
MACS J1931.8-2635,MACS1931,hard_A5p0,heldout,P0554,4c,4,4.0005,-10.13650281819407,-29.464319879998868,-7.404535048447289,-29.253693716699836,2.731967769746782,0.2106261632990325,2.740075049264395,True,2.98069554719224e-14,-1.3234759558800762,23.135757202031268
MACS J1931.8-2635,MACS1931,hard_A5p0,heldout,P0554,6c,6,5.0785,11.863947724317606,-10.868735880002589,7.321141886568578,0.26032736749550967,-4.542805837749029,11.129063247498099,12.020529674115846,True,5.347542221830668e-15,-12.900502588930998,2.2644814305959104
MACS J1931.8-2635,MACS1931,hard_A7p5,heldout,P0554,1d,1,1.1784,-3.1028751978238702,-6.714119879998748,-10.222722721067308,0.20376038257754672,-7.119847523243438,6.917880262576294,9.927199810700818,True,7.283604593613869e-15,-3.6832622671114414,2.140184835623221
MACS J1931.8-2635,MACS1931,hard_A7p5,heldout,P0554,2c,2,1.8347,-23.9983449662302,18.077748120002468,-15.253519151347026,6.63970499720164,8.744825814883173,-11.438043122800828,14.397944610662261,True,2.3699556209291356e-14,-4.636041697040826,-4.434825593098335
MACS J1931.8-2635,MACS1931,hard_A7p5,heldout,P0554,4c,4,4.0005,-10.13650281819407,-29.464319879998868,-7.219569760659822,-30.423067225669666,2.9169330575342487,-0.9587473456707976,3.070455167392434,True,7.229248575812844e-15,-1.3234759558800762,23.135757202031268
MACS J1931.8-2635,MACS1931,hard_A7p5,heldout,P0554,6c,6,5.0785,11.863947724317606,-10.868735880002589,7.437663374596463,0.39516424336096884,-4.4262843497211435,11.263900123363557,12.102373285174107,True,9.240897845457147e-15,-12.900502588930998,2.2644814305959104
MACS J1931.8-2635,MACS1931,hard_A10p0,heldout,P0554,1d,1,1.1784,-3.1028751978238702,-6.714119879998748,-10.457106149467064,0.23102579974606552,-7.354230951643194,6.9451456797448134,10.115323099287773,True,1.8508453422483046e-14,-3.6832622671114414,2.140184835623221
MACS J1931.8-2635,MACS1931,hard_A10p0,heldout,P0554,2c,2,1.8347,-23.9983449662302,18.077748120002468,-15.170609882417661,6.608555322492549,8.827735083812538,-11.469192797509919,14.473123026369539,True,2.7114910356960115e-14,-4.636041697040826,-4.434825593098335
MACS J1931.8-2635,MACS1931,hard_A10p0,heldout,P0554,4c,4,4.0005,-10.13650281819407,-29.464319879998868,-7.272920981286412,-30.583689274990494,2.8635818369076587,-1.119369394991626,3.0745875787024444,True,2.0872192862952943e-14,-1.3234759558800762,23.135757202031268
MACS J1931.8-2635,MACS1931,hard_A10p0,heldout,P0554,6c,6,5.0785,11.863947724317606,-10.868735880002589,7.328410019038857,0.40508650508686805,-4.53553770527875,11.273822385089456,12.15196171186156,True,8.152394204457378e-15,-12.900502588930998,2.2644814305959104
MACS J1931.8-2635,MACS1931,hard_A15p0,heldout,P0554,1d,1,1.1784,-3.1028751978238702,-6.714119879998748,-10.722670364068023,0.25658734175393455,-7.6197951662441525,6.970707221752682,10.327247336387018,True,1.6085595323533783e-14,-3.6832622671114414,2.140184835623221
MACS J1931.8-2635,MACS1931,hard_A15p0,heldout,P0554,2c,2,1.8347,-23.9983449662302,18.077748120002468,-15.109952535045647,6.578618818100682,8.888392431184553,-11.499129301901785,14.533874043509359,True,1.3203721447146771e-14,-4.636041697040826,-4.434825593098335
MACS J1931.8-2635,MACS1931,hard_A15p0,heldout,P0554,4c,4,4.0005,-10.13650281819407,-29.464319879998868,-7.326175886427732,-30.686799206439154,2.8103269317663386,-1.2224793264402862,3.0647011545964964,True,3.8676575488599603e-14,-1.3234759558800762,23.135757202031268
MACS J1931.8-2635,MACS1931,hard_A15p0,heldout,P0554,6c,6,5.0785,11.863947724317606,-10.868735880002589,7.247348777156477,0.409099922999925,-4.61659894716113,11.277835803002514,12.1861629005366,True,4.3737714791252564e-15,-12.900502588930998,2.2644814305959104
MACS J1931.8-2635,MACS1931,hard_A20p0,heldout,P0554,1d,1,1.1784,-3.1028751978238702,-6.714119879998748,-10.784405054030223,0.25966816804736886,-7.681529856206353,6.973788048046116,10.374951598482784,True,1.4895204919483637e-14,-3.6832622671114414,2.140184835623221
MACS J1931.8-2635,MACS1931,hard_A20p0,heldout,P0554,2c,2,1.8347,-23.9983449662302,18.077748120002468,-15.104887501947006,6.571826414307345,8.893457464283193,-11.505921705695123,14.542345751858624,True,5.4025784115714076e-15,-4.636041697040826,-4.434825593098335
MACS J1931.8-2635,MACS1931,hard_A20p0,heldout,P0554,4c,4,4.0005,-10.13650281819407,-29.464319879998868,-7.3453167409358056,-30.700261390981332,2.7911860772582653,-1.2359415109824639,3.0525843373197734,True,8.343678738167853e-15,-1.3234759558800762,23.135757202031268
MACS J1931.8-2635,MACS1931,hard_A20p0,heldout,P0554,6c,6,5.0785,11.863947724317606,-10.868735880002589,7.233273949921719,0.4085771906326495,-4.630673774395888,11.27731307063524,12.191018402824199,True,1.831026719408895e-15,-12.900502588930998,2.2644814305959104
MACS J1931.8-2635,MACS1931,tanh_A3p0,heldout,P0554,1d,1,1.1784,-3.1028751978238702,-6.714119879998748,,,,,,False,0.609056606909946,-3.6832622671114414,2.140184835623221
MACS J1931.8-2635,MACS1931,tanh_A3p0,heldout,P0554,2c,2,1.8347,-23.9983449662302,18.077748120002468,-13.849440814804218,5.414036395899872,10.148904151425981,-12.663711724102596,16.22867370138438,True,8.491282985344469e-14,-4.636041697040826,-4.434825593098335
MACS J1931.8-2635,MACS1931,tanh_A3p0,heldout,P0554,4c,4,4.0005,-10.13650281819407,-29.464319879998868,,,,,,False,1.6612294899215352,-1.3234759558800762,23.135757202031268
MACS J1931.8-2635,MACS1931,tanh_A3p0,heldout,P0554,6c,6,5.0785,11.863947724317606,-10.868735880002589,,,,,,False,0.21695204131183787,-12.900502588930998,2.2644814305959104
MACS J1931.8-2635,MACS1931,tanh_A5p0,heldout,P0554,1d,1,1.1784,-3.1028751978238702,-6.714119879998748,,,,,,False,0.26177462802913115,-3.6832622671114414,2.140184835623221
MACS J1931.8-2635,MACS1931,tanh_A5p0,heldout,P0554,2c,2,1.8347,-23.9983449662302,18.077748120002468,-14.681333767297751,5.974689801475539,9.317011198932448,-12.10305831852693,15.27385734982151,True,3.977016614207349e-14,-4.636041697040826,-4.434825593098335
MACS J1931.8-2635,MACS1931,tanh_A5p0,heldout,P0554,4c,4,4.0005,-10.13650281819407,-29.464319879998868,,,,,,False,0.2955367922877357,-1.3234759558800762,23.135757202031268
MACS J1931.8-2635,MACS1931,tanh_A5p0,heldout,P0554,6c,6,5.0785,11.863947724317606,-10.868735880002589,8.02582437073086,0.25720450447144777,-3.838123353586747,11.125940384474037,11.76935598561868,True,1.1546319456101628e-14,-12.900502588930998,2.2644814305959104
MACS J1931.8-2635,MACS1931,tanh_A7p5,heldout,P0554,1d,1,1.1784,-3.1028751978238702,-6.714119879998748,,,,,,False,0.1073160154397726,-3.6832622671114414,2.140184835623221
MACS J1931.8-2635,MACS1931,tanh_A7p5,heldout,P0554,2c,2,1.8347,-23.9983449662302,18.077748120002468,-14.938229520770303,6.267484710632277,9.060115445459896,-11.81026340937019,14.885160855152671,True,3.7440697490534786e-14,-4.636041697040826,-4.434825593098335
MACS J1931.8-2635,MACS1931,tanh_A7p5,heldout,P0554,4c,4,4.0005,-10.13650281819407,-29.464319879998868,-8.953652333006419,-30.05762923104372,1.182850485187652,-0.5933093510448515,1.3233107179895152,True,1.7769118642034836e-14,-1.3234759558800762,23.135757202031268
MACS J1931.8-2635,MACS1931,tanh_A7p5,heldout,P0554,6c,6,5.0785,11.863947724317606,-10.868735880002589,7.516818754908354,0.31519100839384956,-4.347128969409252,11.183926888396439,11.999072919258136,True,6.0402662910232525e-15,-12.900502588930998,2.2644814305959104
MACS J1931.8-2635,MACS1931,tanh_A10p0,heldout,P0554,1d,1,1.1784,-3.1028751978238702,-6.714119879998748,,,,,,False,0.04684477352171941,-3.6832622671114414,2.140184835623221
MACS J1931.8-2635,MACS1931,tanh_A10p0,heldout,P0554,2c,2,1.8347,-23.9983449662302,18.077748120002468,-15.0190031577622,6.392363330522415,8.979341808468,-11.685384789480054,14.736919521783145,True,1.3557455178480058e-14,-4.636041697040826,-4.434825593098335
MACS J1931.8-2635,MACS1931,tanh_A10p0,heldout,P0554,4c,4,4.0005,-10.13650281819407,-29.464319879998868,-8.079048050009563,-30.278746833243915,2.057454768184508,-0.8144269532450465,2.212783628215189,True,1.3359632472723714e-14,-1.3234759558800762,23.135757202031268
MACS J1931.8-2635,MACS1931,tanh_A10p0,heldout,P0554,6c,6,5.0785,11.863947724317606,-10.868735880002589,7.391189976578661,0.3489780802239902,-4.472757747738945,11.217713960226579,12.076533789271698,True,4.440892098500626e-15,-12.900502588930998,2.2644814305959104
MACS J1931.8-2635,MACS1931,tanh_A15p0,heldout,P0554,1d,1,1.1784,-3.1028751978238702,-6.714119879998748,,,,,,False,0.0027428262725568016,-3.6832622671114414,2.140184835623221
MACS J1931.8-2635,MACS1931,tanh_A15p0,heldout,P0554,2c,2,1.8347,-23.9983449662302,18.077748120002468,-15.068814165549162,6.488663334625861,8.929530800681038,-11.589084785376606,14.630222366148741,True,1.4238583238573986e-14,-4.636041697040826,-4.434825593098335
MACS J1931.8-2635,MACS1931,tanh_A15p0,heldout,P0554,4c,4,4.0005,-10.13650281819407,-29.464319879998868,-7.614619888733018,-30.489473305605365,2.5218829294610527,-1.0251534256064971,2.7222845288359916,True,1.3593773098298426e-14,-1.3234759558800762,23.135757202031268
MACS J1931.8-2635,MACS1931,tanh_A15p0,heldout,P0554,6c,6,5.0785,11.863947724317606,-10.868735880002589,7.303458715392154,0.3792819244742424,-4.560489008925452,11.24801780447683,12.137378816299574,True,3.66205343881779e-15,-12.900502588930998,2.2644814305959104
MACS J1931.8-2635,MACS1931,tanh_A20p0,heldout,P0554,1d,1,1.1784,-3.1028751978238702,-6.714119879998748,-11.168387426735086,0.2747640028645036,-8.065512228911215,6.988883882863251,10.67225306310069,True,5.329070518200751e-15,-3.6832622671114414,2.140184835623221
MACS J1931.8-2635,MACS1931,tanh_A20p0,heldout,P0554,2c,2,1.8347,-23.9983449662302,18.077748120002468,-15.086092175703515,6.523213959084613,8.912252790526685,-11.554534160917855,14.592309943188171,True,2.3832327871173822e-14,-4.636041697040826,-4.434825593098335
MACS J1931.8-2635,MACS1931,tanh_A20p0,heldout,P0554,4c,4,4.0005,-10.13650281819407,-29.464319879998868,-7.477006807914367,-30.573169845037366,2.659496010279704,-1.1088499650384982,2.8814002279550723,True,5.130143462948771e-14,-1.3234759558800762,23.135757202031268
MACS J1931.8-2635,MACS1931,tanh_A20p0,heldout,P0554,6c,6,5.0785,11.863947724317606,-10.868735880002589,7.2702729658328655,0.391132563939699,-4.593674758484741,11.259868443942288,12.160858734547785,True,8.62265274246159e-15,-12.900502588930998,2.2644814305959104
MACS J1931.8-2635,MACS1931,exponential_A3p0,heldout,P0554,1d,1,1.1784,-3.1028751978238702,-6.714119879998748,,,,,,False,0.8172896495130059,-3.6832622671114414,2.140184835623221
MACS J1931.8-2635,MACS1931,exponential_A3p0,heldout,P0554,2c,2,1.8347,-23.9983449662302,18.077748120002468,-13.869858257787202,5.570363553816298,10.128486708442997,-12.50738456618617,16.09412662090051,True,3.202372833989377e-14,-4.636041697040826,-4.434825593098335
MACS J1931.8-2635,MACS1931,exponential_A3p0,heldout,P0554,4c,4,4.0005,-10.13650281819407,-29.464319879998868,,,,,,False,2.4236532282137557,-1.3234759558800762,23.135757202031268
MACS J1931.8-2635,MACS1931,exponential_A3p0,heldout,P0554,6c,6,5.0785,11.863947724317606,-10.868735880002589,,,,,,False,0.840308307225727,-12.900502588930998,2.2644814305959104
MACS J1931.8-2635,MACS1931,exponential_A5p0,heldout,P0554,1d,1,1.1784,-3.1028751978238702,-6.714119879998748,,,,,,False,0.4692762056951029,-3.6832622671114414,2.140184835623221
MACS J1931.8-2635,MACS1931,exponential_A5p0,heldout,P0554,2c,2,1.8347,-23.9983449662302,18.077748120002468,-14.365967213184787,5.871247981420389,9.632377753045413,-12.20650013858208,15.549319818261134,True,3.76822190084106e-14,-4.636041697040826,-4.434825593098335
MACS J1931.8-2635,MACS1931,exponential_A5p0,heldout,P0554,4c,4,4.0005,-10.13650281819407,-29.464319879998868,,,,,,False,1.3107031397785782,-1.3234759558800762,23.135757202031268
MACS J1931.8-2635,MACS1931,exponential_A5p0,heldout,P0554,6c,6,5.0785,11.863947724317606,-10.868735880002589,,,,,,False,0.37736567213445443,-12.900502588930998,2.2644814305959104
MACS J1931.8-2635,MACS1931,exponential_A7p5,heldout,P0554,1d,1,1.1784,-3.1028751978238702,-6.714119879998748,,,,,,False,0.32425493765969876,-3.6832622671114414,2.140184835623221
MACS J1931.8-2635,MACS1931,exponential_A7p5,heldout,P0554,2c,2,1.8347,-23.9983449662302,18.077748120002468,-14.61514608173573,6.066480722452485,9.383198884494469,-12.011267397549982,15.24188196389886,True,3.8928162028659456e-14,-4.636041697040826,-4.434825593098335
MACS J1931.8-2635,MACS1931,exponential_A7p5,heldout,P0554,4c,4,4.0005,-10.13650281819407,-29.464319879998868,,,,,,False,0.8034034539953187,-1.3234759558800762,23.135757202031268
MACS J1931.8-2635,MACS1931,exponential_A7p5,heldout,P0554,6c,6,5.0785,11.863947724317606,-10.868735880002589,,,,,,False,0.14662194627638506,-12.900502588930998,2.2644814305959104
MACS J1931.8-2635,MACS1931,exponential_A10p0,heldout,P0554,1d,1,1.1784,-3.1028751978238702,-6.714119879998748,,,,,,False,0.2441127440895635,-3.6832622671114414,2.140184835623221
MACS J1931.8-2635,MACS1931,exponential_A10p0,heldout,P0554,2c,2,1.8347,-23.9983449662302,18.077748120002468,-14.738728995978049,6.177324357903996,9.25961597025215,-11.900423762098473,15.07848048160247,True,1.551136925266137e-14,-4.636041697040826,-4.434825593098335
MACS J1931.8-2635,MACS1931,exponential_A10p0,heldout,P0554,4c,4,4.0005,-10.13650281819407,-29.464319879998868,,,,,,False,0.4811580545514978,-1.3234759558800762,23.135757202031268
MACS J1931.8-2635,MACS1931,exponential_A10p0,heldout,P0554,6c,6,5.0785,11.863947724317606,-10.868735880002589,,,,,,False,0.03234358516739733,-12.900502588930998,2.2644814305959104
MACS J1931.8-2635,MACS1931,exponential_A15p0,heldout,P0554,1d,1,1.1784,-3.1028751978238702,-6.714119879998748,,,,,,False,0.1586882882884142,-3.6832622671114414,2.140184835623221
MACS J1931.8-2635,MACS1931,exponential_A15p0,heldout,P0554,2c,2,1.8347,-23.9983449662302,18.077748120002468,-14.860268059946875,6.296497881523653,9.138076906283324,-11.781250238478815,14.909805723979295,True,2.3364326363345898e-14,-4.636041697040826,-4.434825593098335
MACS J1931.8-2635,MACS1931,exponential_A15p0,heldout,P0554,4c,4,4.0005,-10.13650281819407,-29.464319879998868,,,,,,False,0.1736409120228629,-1.3234759558800762,23.135757202031268
MACS J1931.8-2635,MACS1931,exponential_A15p0,heldout,P0554,6c,6,5.0785,11.863947724317606,-10.868735880002589,8.350386647604623,0.43605744712829153,-3.5135610767129837,11.30479332713088,11.838220457861704,True,9.739636741317752e-15,-12.900502588930998,2.2644814305959104
MACS J1931.8-2635,MACS1931,exponential_A20p0,heldout,P0554,1d,1,1.1784,-3.1028751978238702,-6.714119879998748,,,,,,False,0.11400396735122849,-3.6832622671114414,2.140184835623221
MACS J1931.8-2635,MACS1931,exponential_A20p0,heldout,P0554,2c,2,1.8347,-23.9983449662302,18.077748120002468,-14.920687497517306,6.359386124909177,9.077657468712893,-11.718361995093291,14.823085811238016,True,2.0791723739534308e-14,-4.636041697040826,-4.434825593098335
MACS J1931.8-2635,MACS1931,exponential_A20p0,heldout,P0554,4c,4,4.0005,-10.13650281819407,-29.464319879998868,,,,,,False,0.0166774203136446,-1.3234759558800762,23.135757202031268
MACS J1931.8-2635,MACS1931,exponential_A20p0,heldout,P0554,6c,6,5.0785,11.863947724317606,-10.868735880002589,7.9909407509999575,0.4284913714050965,-3.873006973317649,11.297227251407685,11.942676692656281,True,7.160723346098895e-15,-12.900502588930998,2.2644814305959104
MACS J1931.8-2635,MACS1931,rational_A3p0,heldout,P0554,1d,1,1.1784,-3.1028751978238702,-6.714119879998748,,,,,,False,0.831177722374883,-3.6832622671114414,2.140184835623221
MACS J1931.8-2635,MACS1931,rational_A3p0,heldout,P0554,2c,2,1.8347,-23.9983449662302,18.077748120002468,-13.615281774403744,5.508755310550902,10.383063191826455,-12.568992809451565,16.302993022433228,True,5.9580819677934555e-15,-4.636041697040826,-4.434825593098335
MACS J1931.8-2635,MACS1931,rational_A3p0,heldout,P0554,4c,4,4.0005,-10.13650281819407,-29.464319879998868,,,,,,False,3.8061540205985653,-1.3234759558800762,23.135757202031268
MACS J1931.8-2635,MACS1931,rational_A3p0,heldout,P0554,6c,6,5.0785,11.863947724317606,-10.868735880002589,-36.13503555024427,3.7114137397705003,-47.99898327456187,14.580149619773088,50.16456078076075,True,2.9727452448432886e-14,-12.900502588930998,2.2644814305959104
MACS J1931.8-2635,MACS1931,rational_A5p0,heldout,P0554,1d,1,1.1784,-3.1028751978238702,-6.714119879998748,,,,,,False,0.6723779640574874,-3.6832622671114414,2.140184835623221
MACS J1931.8-2635,MACS1931,rational_A5p0,heldout,P0554,2c,2,1.8347,-23.9983449662302,18.077748120002468,-13.96516390722371,5.677272136067168,10.03318105900649,-12.400475983935301,15.951066634898206,True,3.218344867404965e-14,-4.636041697040826,-4.434825593098335
MACS J1931.8-2635,MACS1931,rational_A5p0,heldout,P0554,4c,4,4.0005,-10.13650281819407,-29.464319879998868,,,,,,False,2.5745340514515274,-1.3234759558800762,23.135757202031268
MACS J1931.8-2635,MACS1931,rational_A5p0,heldout,P0554,6c,6,5.0785,11.863947724317606,-10.868735880002589,-36.35798083640492,4.684076392055271,-48.221928560722525,15.55281227205786,50.66798164211103,True,1.897149936107019e-14,-12.900502588930998,2.2644814305959104
MACS J1931.8-2635,MACS1931,rational_A7p5,heldout,P0554,1d,1,1.1784,-3.1028751978238702,-6.714119879998748,,,,,,False,0.52451850884003,-3.6832622671114414,2.140184835623221
MACS J1931.8-2635,MACS1931,rational_A7p5,heldout,P0554,2c,2,1.8347,-23.9983449662302,18.077748120002468,-14.265645370628569,5.846141840562465,9.73269959560163,-12.231606279440003,15.631303003699347,True,2.8086667748613607e-14,-4.636041697040826,-4.434825593098335
MACS J1931.8-2635,MACS1931,rational_A7p5,heldout,P0554,4c,4,4.0005,-10.13650281819407,-29.464319879998868,,,,,,False,1.7619286634884763,-1.3234759558800762,23.135757202031268
MACS J1931.8-2635,MACS1931,rational_A7p5,heldout,P0554,6c,6,5.0785,11.863947724317606,-10.868735880002589,,,,,,False,0.5219765218579742,-12.900502588930998,2.2644814305959104
MACS J1931.8-2635,MACS1931,rational_A10p0,heldout,P0554,1d,1,1.1784,-3.1028751978238702,-6.714119879998748,,,,,,False,0.42428513070409996,-3.6832622671114414,2.140184835623221
MACS J1931.8-2635,MACS1931,rational_A10p0,heldout,P0554,2c,2,1.8347,-23.9983449662302,18.077748120002468,-14.44653482751185,5.964240260079996,9.551810138718348,-12.113507859922471,15.42641078146586,True,3.1539714670296176e-14,-4.636041697040826,-4.434825593098335
MACS J1931.8-2635,MACS1931,rational_A10p0,heldout,P0554,4c,4,4.0005,-10.13650281819407,-29.464319879998868,,,,,,False,1.2804134897227897,-1.3234759558800762,23.135757202031268
MACS J1931.8-2635,MACS1931,rational_A10p0,heldout,P0554,6c,6,5.0785,11.863947724317606,-10.868735880002589,,,,,,False,0.32571732765562983,-12.900502588930998,2.2644814305959104
MACS J1931.8-2635,MACS1931,rational_A15p0,heldout,P0554,1d,1,1.1784,-3.1028751978238702,-6.714119879998748,,,,,,False,0.3021988459936025,-3.6832622671114414,2.140184835623221
MACS J1931.8-2635,MACS1931,rational_A15p0,heldout,P0554,2c,2,1.8347,-23.9983449662302,18.077748120002468,-14.646009766059628,6.115014974277364,9.352335200170572,-11.962733145725103,15.184635590365005,True,4.1402835012173487e-14,-4.636041697040826,-4.434825593098335
MACS J1931.8-2635,MACS1931,rational_A15p0,heldout,P0554,4c,4,4.0005,-10.13650281819407,-29.464319879998868,,,,,,False,0.7274031704217382,-1.3234759558800762,23.135757202031268
MACS J1931.8-2635,MACS1931,rational_A15p0,heldout,P0554,6c,6,5.0785,11.863947724317606,-10.868735880002589,,,,,,False,0.1213181034639516,-12.900502588930998,2.2644814305959104
MACS J1931.8-2635,MACS1931,rational_A20p0,heldout,P0554,1d,1,1.1784,-3.1028751978238702,-6.714119879998748,,,,,,False,0.2317235277411054,-3.6832622671114414,2.140184835623221
MACS J1931.8-2635,MACS1931,rational_A20p0,heldout,P0554,2c,2,1.8347,-23.9983449662302,18.077748120002468,-14.752850080477272,6.205663335033229,9.245494885752928,-11.872084784969239,15.047444062829463,True,3.412270059808006e-14,-4.636041697040826,-4.434825593098335
MACS J1931.8-2635,MACS1931,rational_A20p0,heldout,P0554,4c,4,4.0005,-10.13650281819407,-29.464319879998868,,,,,,False,0.428148075384144,-1.3234759558800762,23.135757202031268
MACS J1931.8-2635,MACS1931,rational_A20p0,heldout,P0554,6c,6,5.0785,11.863947724317606,-10.868735880002589,,,,,,False,0.0164699118591214,-12.900502588930998,2.2644814305959104
