system,cohort,candidate_id,carrier,arrival_smoothing_kpc,route_fraction_f,jensen_shannon,pearson,normalized_RMSE,centroid_offset_kpc
A2163,development,local_control,local_control,0.0,0.0,0.09141538379654411,0.46189086722366,0.6523464821994867,54.230901058404406
A2163,development,activation_only__w20__f0.05,activation_only,20.0,0.05,0.09057807514169064,0.46189964178954124,0.6509781267955411,52.712589823825766
A2163,development,activation_only__w20__f0.1,activation_only,20.0,0.1,0.08995390734751231,0.46151770983328483,0.6500023262005714,51.21496191925842
A2163,development,activation_only__w20__f0.2,activation_only,20.0,0.2,0.08922709734440562,0.4593212537219468,0.6492347575270492,48.289427700962634
A2163,development,activation_only__w20__f0.4,activation_only,20.0,0.4,0.08945616475025497,0.4470373915740293,0.6524402104960589,42.78324742010258
A2163,development,activation_only__w20__f0.6,activation_only,20.0,0.6,0.09158514099150256,0.41968232986047727,0.6618710648690205,37.90254511211689
A2163,development,activation_only__w20__f0.8,activation_only,20.0,0.8,0.09549789856644034,0.3730828876399952,0.6772673069751222,33.91841426401809
A2163,development,activation_only__w20__f1,activation_only,20.0,1.0,0.10129627819181315,0.30818789709030164,0.6982344334330639,31.176496923774984
A2163,development,activation_only__w50__f0.05,activation_only,50.0,0.05,0.09008499954869659,0.46518099852843825,0.6495207693571379,52.52841812286935
A2163,development,activation_only__w50__f0.1,activation_only,50.0,0.1,0.08893438822866773,0.4684622029730938,0.6469475541799786,50.8404925736184
A2163,development,activation_only__w50__f0.2,activation_only,50.0,0.2,0.087071498127609,0.4749173405784233,0.6425704529937297,47.51450637079405
A2163,development,activation_only__w50__f0.4,activation_only,50.0,0.4,0.08471925722617268,0.48659476973171156,0.6369610804451772,41.11807755422872
A2163,development,activation_only__w50__f0.6,activation_only,50.0,0.6,0.08381791598574423,0.494261830266265,0.6356286853674922,35.21639657733903
A2163,development,activation_only__w50__f0.8,activation_only,50.0,0.8,0.08413768270274895,0.49349897881346105,0.6386000391801772,30.10187990924848
A2163,development,activation_only__w50__f1,activation_only,50.0,1.0,0.08557266359942292,0.47835512737517166,0.6458157408569719,26.23894167627093
A2163,development,activation_only__w100__f0.05,activation_only,100.0,0.05,0.08957506384527662,0.46888213208560636,0.6476711906705857,52.171800965746094
A2163,development,activation_only__w100__f0.1,activation_only,100.0,0.1,0.0879484582938059,0.4761592675893588,0.6432374128118712,50.119974350258744
A2163,development,activation_only__w100__f0.2,activation_only,100.0,0.2,0.08520620639294395,0.4916030487740009,0.6351143551852374,46.04202790893817
A2163,development,activation_only__w100__f0.4,activation_only,100.0,0.4,0.08128484240909822,0.5261451219102754,0.621976132629716,38.02745405176565
A2163,development,activation_only__w100__f0.6,activation_only,100.0,0.6,0.07896506101057646,0.5650467132318873,0.6131950171307818,30.32568898939624
A2163,development,activation_only__w100__f0.8,activation_only,100.0,0.8,0.07794686327485507,0.6054147087942133,0.6089595245838306,23.249705095651706
A2163,development,activation_only__w100__f1,activation_only,100.0,1.0,0.07807791949131122,0.6391725129313922,0.6093644477675519,17.57246097502179
A2163,development,field_weighted__w20__f0.05,field_weighted,20.0,0.05,0.09135964164699878,0.46268499004157243,0.6521414769679112,54.378557422729095
A2163,development,field_weighted__w20__f0.1,field_weighted,20.0,0.1,0.09135686831385445,0.46305893526754477,0.6521884792217948,54.54438017010211
A2163,development,field_weighted__w20__f0.2,field_weighted,20.0,0.2,0.0915072336620526,0.4625842293191012,0.6530379967787865,54.92984870402148
A2163,development,field_weighted__w20__f0.4,field_weighted,20.0,0.4,0.09241761853277668,0.4571606248670362,0.657739348449017,55.91052043734146
A2163,development,field_weighted__w20__f0.6,field_weighted,20.0,0.6,0.09413077600935404,0.44683482945971753,0.666365671851354,57.15841740627038
A2163,development,field_weighted__w20__f0.8,field_weighted,20.0,0.8,0.09665930609520748,0.4330540315528787,0.6787673383480949,58.656486709416065
A2163,development,field_weighted__w20__f1,field_weighted,20.0,1.0,0.100047768546992,0.41719121751984484,0.6947421992774655,60.38611225838075
A2163,development,field_weighted__w50__f0.05,field_weighted,50.0,0.05,0.0909377708419264,0.4649677850361283,0.6508958420804235,54.05175025297445
A2163,development,field_weighted__w50__f0.1,field_weighted,50.0,0.1,0.09048125063877077,0.467907176806473,0.6495226604111566,53.8843591609303
A2163,development,field_weighted__w50__f0.2,field_weighted,50.0,0.2,0.08962980964450046,0.473364793493266,0.6470106173309569,53.58528919997233
A2163,development,field_weighted__w50__f0.4,field_weighted,50.0,0.4,0.0881638716021867,0.48255640104782643,0.6429360318471479,53.1326444214318
A2163,development,field_weighted__w50__f0.6,field_weighted,50.0,0.6,0.08700041872632414,0.48943107849980033,0.6401468106326532,52.877922456497224
A2163,development,field_weighted__w50__f0.8,field_weighted,50.0,0.8,0.08612868757040693,0.4940464126046507,0.6386597946374809,52.82398658704005
A2163,development,field_weighted__w50__f1,field_weighted,50.0,1.0,0.08554285647157842,0.4965390236830848,0.6384840823521374,52.97145014167214
A2163,development,field_weighted__w100__f0.05,field_weighted,100.0,0.05,0.09039925143524694,0.46681813888299906,0.6494125861471982,53.323688112347426
A2163,development,field_weighted__w100__f0.1,field_weighted,100.0,0.1,0.08943014880402021,0.4717862354175981,0.6465432986793396,52.42207112020515
A2163,development,field_weighted__w100__f0.2,field_weighted,100.0,0.2,0.08761887776271376,0.4818300493609748,0.6410020004227514,50.6368188257024
A2163,development,field_weighted__w100__f0.4,field_weighted,100.0,0.4,0.08443494624642346,0.5022200885715502,0.6307323435916813,47.14772623665554
A2163,development,field_weighted__w100__f0.6,field_weighted,100.0,0.6,0.08174753968361345,0.5226982840447477,0.6215907873819416,43.78872726062263
A2163,development,field_weighted__w100__f0.8,field_weighted,100.0,0.8,0.07948744691495127,0.5427653958914165,0.6136277517048195,40.59213049647403
A2163,development,field_weighted__w100__f1,field_weighted,100.0,1.0,0.07760913612115433,0.5617754506333975,0.6068896286519344,37.59937976482351
A2163,development,tidal_weighted__w20__f0.05,tidal_weighted,20.0,0.05,0.09128565057874613,0.46268734784527044,0.6521921436128032,54.24725176067685
A2163,development,tidal_weighted__w20__f0.1,tidal_weighted,20.0,0.1,0.09120205374775649,0.4630719915204995,0.6522865500641646,54.26652277223418
A2163,development,tidal_weighted__w20__f0.2,tidal_weighted,20.0,0.2,0.09117101620563758,0.46265106616647267,0.6532208825196021,54.31381281834108
A2163,development,tidal_weighted__w20__f0.4,tidal_weighted,20.0,0.4,0.09164521187639556,0.45749958333332835,0.6580508943200237,54.4432687822708
A2163,development,tidal_weighted__w20__f0.6,tidal_weighted,20.0,0.6,0.09283633891701623,0.4476870202446611,0.6667505585337976,54.618937998691514
A2163,development,tidal_weighted__w20__f0.8,tidal_weighted,20.0,0.8,0.0947745943220008,0.4346300162469488,0.6791711895604314,54.840376367095715
A2163,development,tidal_weighted__w20__f1,tidal_weighted,20.0,1.0,0.09753024345897762,0.41963486523454163,0.6951133517540752,55.10703214325744
A2163,development,tidal_weighted__w50__f0.05,tidal_weighted,50.0,0.05,0.09078239465078486,0.4654560552255601,0.6506702120400017,53.90990012767618
A2163,development,tidal_weighted__w50__f0.1,tidal_weighted,50.0,0.1,0.09015871392944937,0.46895273837911944,0.6490290492372884,53.58963974579407
A2163,development,tidal_weighted__w50__f0.2,tidal_weighted,50.0,0.2,0.08893868560670924,0.4757352937405254,0.6458531105041133,52.95139434533333
A2163,development,tidal_weighted__w50__f0.4,tidal_weighted,50.0,0.4,0.08660452663013722,0.48842540596928896,0.6399340486099314,51.68439767316083
A2163,development,tidal_weighted__w50__f0.6,tidal_weighted,50.0,0.6,0.08440651198362502,0.49990283054818263,0.634605366748048,50.43085393659024
A2163,development,tidal_weighted__w50__f0.8,tidal_weighted,50.0,0.8,0.08234041940439837,0.5101347980984164,0.6298820486037184,49.1917916010778
A2163,development,tidal_weighted__w50__f1,tidal_weighted,50.0,1.0,0.08040381620447659,0.5191137113728076,0.6257778020301425,47.968332880013904
A2163,development,tidal_weighted__w100__f0.05,tidal_weighted,100.0,0.05,0.090211755298578,0.4673182372098546,0.6491394430338626,53.217741318414326
A2163,development,tidal_weighted__w100__f0.1,tidal_weighted,100.0,0.1,0.08905586966109957,0.4728429045643396,0.6459790048523448,52.20466776270386
A2163,development,tidal_weighted__w100__f0.2,tidal_weighted,100.0,0.2,0.08687349518609544,0.4841873146027369,0.6398006836162199,50.17880008365872
A2163,development,tidal_weighted__w100__f0.4,tidal_weighted,100.0,0.4,0.08295659743527989,0.5080694819716479,0.6280336689769295,46.12835425331988
A2163,development,tidal_weighted__w100__f0.6,tidal_weighted,100.0,0.6,0.07954494359242224,0.5335350719611185,0.6170899907441119,42.080041521585116
A2163,development,tidal_weighted__w100__f0.8,tidal_weighted,100.0,0.8,0.0765641480677274,0.5605052407335275,0.6070141816132608,38.03454302146268
A2163,development,tidal_weighted__w100__f1,tidal_weighted,100.0,1.0,0.07396355157521975,0.5887874160552079,0.597850122838299,33.99286353485514
A3192,development,local_control,local_control,0.0,0.0,0.030783643168385253,0.9353688062238732,0.3545249991879388,16.457039705610313
A3192,development,activation_only__w20__f0.05,activation_only,20.0,0.05,0.032487907498773304,0.9298310766903684,0.3650342093388295,16.999180128790222
A3192,development,activation_only__w20__f0.1,activation_only,20.0,0.1,0.03425779197172983,0.9229650068444119,0.37576950816330795,17.54779098627938
A3192,development,activation_only__w20__f0.2,activation_only,20.0,0.2,0.037995563229161367,0.9044734620515409,0.397844784857606,18.662134877782176
A3192,development,activation_only__w20__f0.4,activation_only,20.0,0.4,0.0462818310450357,0.8423472383073208,0.44398758547468214,20.94646482846677
A3192,development,activation_only__w20__f0.6,activation_only,20.0,0.6,0.055712487196063636,0.7357256069299193,0.4921600194052113,23.286723421576877
A3192,development,activation_only__w20__f0.8,activation_only,20.0,0.8,0.06641139194620169,0.5806075637306345,0.5418210025223223,25.667617242451858
A3192,development,activation_only__w20__f1,activation_only,20.0,1.0,0.07857610627654397,0.3930626533525612,0.5925964210790572,28.078811413344265
A3192,development,activation_only__w50__f0.05,activation_only,50.0,0.05,0.03220161532786202,0.9316701005719407,0.3626548953700977,16.90704032007684
A3192,development,activation_only__w50__f0.1,activation_only,50.0,0.1,0.03365481714547493,0.9274148071808661,0.37087837560698855,17.364649314918353
A3192,development,activation_only__w50__f0.2,activation_only,50.0,0.2,0.03666584365495234,0.9169693726838638,0.38758219388630677,18.30040009177778
A3192,development,activation_only__w50__f0.4,activation_only,50.0,0.4,0.04310266399252878,0.8860973281256924,0.4218738097001668,20.240601821343184
A3192,development,activation_only__w50__f0.6,activation_only,50.0,0.6,0.050093712340860005,0.8366195598856088,0.45712212583601497,22.252328228414537
A3192,development,activation_only__w50__f0.8,activation_only,50.0,0.8,0.057651544974311575,0.7611283911537968,0.49312203040569746,24.317834854360278
A3192,development,activation_only__w50__f1,activation_only,50.0,1.0,0.06580071005842442,0.6532801271928061,0.5297203112386129,26.424513303875763
A3192,development,activation_only__w100__f0.05,activation_only,100.0,0.05,0.032218183761762824,0.9333287901292288,0.36168471798962043,16.808596774002012
A3192,development,activation_only__w100__f0.1,activation_only,100.0,0.1,0.03368250689590434,0.9309517308351516,0.3689375874240135,17.167956475502685
A3192,development,activation_only__w100__f0.2,activation_only,100.0,0.2,0.036698257626832015,0.9250156902065808,0.38370158172111274,17.908194794471683
A3192,development,activation_only__w100__f0.4,activation_only,100.0,0.4,0.04306693273545161,0.9069087253420576,0.41413258834015193,19.463126060286225
A3192,development,activation_only__w100__f0.6,activation_only,100.0,0.6,0.049872474835889885,0.8765992256424538,0.44556106851844435,21.09890190501783
A3192,development,activation_only__w100__f0.8,activation_only,100.0,0.8,0.05710959875287497,0.8275606922829544,0.47779022486572104,22.798127060652615
A3192,development,activation_only__w100__f1,activation_only,100.0,1.0,0.06478183131767704,0.7513439654764876,0.5106684837731116,24.547628880747283
A3192,development,field_weighted__w20__f0.05,field_weighted,20.0,0.05,0.030752580056432027,0.9320791248575122,0.35549160640840705,16.700890781704246
A3192,development,field_weighted__w20__f0.1,field_weighted,20.0,0.1,0.030758056092077928,0.9279123224641423,0.3567650292782395,16.94661021792865
A3192,development,field_weighted__w20__f0.2,field_weighted,20.0,0.2,0.03087813880244094,0.9171064382559624,0.36021852260593745,17.443337744459463
A3192,development,field_weighted__w20__f0.4,field_weighted,20.0,0.4,0.03155413693122515,0.8869915964935139,0.3706183217149753,18.45594415337851
A3192,development,field_weighted__w20__f0.6,field_weighted,20.0,0.6,0.032817225817046075,0.8485409154990433,0.38534354041098173,19.490758955157066
A3192,development,field_weighted__w20__f0.8,field_weighted,20.0,0.8,0.03468693741965653,0.805321057654722,0.4039213973848616,20.54442653941816
A3192,development,field_weighted__w20__f1,field_weighted,20.0,1.0,0.03720077083841803,0.7603205176218653,0.4258479702633712,21.614189925813776
A3192,development,field_weighted__w50__f0.05,field_weighted,50.0,0.05,0.030870637589808528,0.9335600620813488,0.35531961734305045,16.631463406878648
A3192,development,field_weighted__w50__f0.1,field_weighted,50.0,0.1,0.030968224522884346,0.9315178612109393,0.35619181801921057,16.808237475682976
A3192,development,field_weighted__w50__f0.2,field_weighted,50.0,0.2,0.03119537435120334,0.9267477816235041,0.3581666493967747,17.168545349419844
A3192,development,field_weighted__w50__f0.4,field_weighted,50.0,0.4,0.03177921287565323,0.9145938076837581,0.3630194592548084,17.914278880129576
A3192,development,field_weighted__w50__f0.6,field_weighted,50.0,0.6,0.0325395841698118,0.8992586720834719,0.36903565169483565,18.690143686230435
A3192,development,field_weighted__w50__f0.8,field_weighted,50.0,0.8,0.033482269376508944,0.8811748588896084,0.37615941037364453,19.492542139642534
A3192,development,field_weighted__w50__f1,field_weighted,50.0,1.0,0.034614672329696144,0.8608212312328146,0.38432915212107055,20.318330934318112
A3192,development,field_weighted__w100__f0.05,field_weighted,100.0,0.05,0.03158670243736623,0.9339507137590425,0.35847906151991243,16.5948823675837
A3192,development,field_weighted__w100__f0.1,field_weighted,100.0,0.1,0.03240354866632829,0.9323162758015775,0.36249127255593355,16.7360228643335
A3192,development,field_weighted__w100__f0.2,field_weighted,100.0,0.2,0.034078044959951176,0.9283416725138989,0.370682560740814,17.02786742835455
A3192,development,field_weighted__w100__f0.4,field_weighted,100.0,0.4,0.037587207259606105,0.9171402903230186,0.38768274237843886,17.647560512373218
A3192,development,field_weighted__w100__f0.6,field_weighted,100.0,0.6,0.04130601602703134,0.9007115914420523,0.4054195589155844,18.31115846998219
A3192,development,field_weighted__w100__f0.8,field_weighted,100.0,0.8,0.045232194959045624,0.8779159160772205,0.4238005319452625,19.01406496734469
A3192,development,field_weighted__w100__f1,field_weighted,100.0,1.0,0.049365819178028965,0.8476302705655516,0.4427454405359904,19.752083896305056
A3192,development,tidal_weighted__w20__f0.05,tidal_weighted,20.0,0.05,0.029023814492693534,0.9433813216190449,0.341474241494888,15.937462059208606
A3192,development,tidal_weighted__w20__f0.1,tidal_weighted,20.0,0.1,0.027406931865876134,0.9483097459147045,0.32927467835581425,15.418928592682144
A3192,development,tidal_weighted__w20__f0.2,tidal_weighted,20.0,0.2,0.024585543966761075,0.9508217162123599,0.3078271384226888,14.385445637302848
A3192,development,tidal_weighted__w20__f0.4,tidal_weighted,20.0,0.4,0.020518074717338956,0.937418327723006,0.2797046613734419,12.33701232669677
A3192,development,tidal_weighted__w20__f0.6,tidal_weighted,20.0,0.6,0.01849903451000265,0.9133371017809755,0.27589749252720613,10.325533243752506
A3192,development,tidal_weighted__w20__f0.8,tidal_weighted,20.0,0.8,0.018595742887897636,0.8871861725523844,0.2973411063337948,8.377668950258979
A3192,development,tidal_weighted__w20__f1,tidal_weighted,20.0,1.0,0.021060338762490232,0.8623834149557742,0.3392810324687304,6.550417846666665
A3192,development,tidal_weighted__w50__f0.05,tidal_weighted,50.0,0.05,0.029541497846478047,0.9398021331414618,0.3462057540851207,15.96907319332937
A3192,development,tidal_weighted__w50__f0.1,tidal_weighted,50.0,0.1,0.02833913722016628,0.943522110205686,0.33803566030019666,15.481833483205849
A3192,development,tidal_weighted__w50__f0.2,tidal_weighted,50.0,0.2,0.02605204999269163,0.9491036779105622,0.32218810912568924,14.509827235194344
A3192,development,tidal_weighted__w50__f0.4,tidal_weighted,50.0,0.4,0.021939418329973974,0.9545002754754403,0.2928312313309944,12.578379942324158
A3192,development,tidal_weighted__w50__f0.6,tidal_weighted,50.0,0.6,0.018432781292177482,0.9546684222435797,0.26743752951245636,10.671261528370175
A3192,development,tidal_weighted__w50__f0.8,tidal_weighted,50.0,0.8,0.015532876971228276,0.9516758440912015,0.24723123611041942,8.804296013618083
A3192,development,tidal_weighted__w50__f1,tidal_weighted,50.0,1.0,0.013255718355915226,0.9468551572609439,0.23356259502263244,7.009640435791217
A3192,development,tidal_weighted__w100__f0.05,tidal_weighted,100.0,0.05,0.030950949427895738,0.9356418152066198,0.3551171771847972,16.112159963402647
A3192,development,tidal_weighted__w100__f0.1,tidal_weighted,100.0,0.1,0.031122009649674015,0.9358307211068879,0.35573901477924497,15.767304046027466
A3192,development,tidal_weighted__w100__f0.2,tidal_weighted,100.0,0.2,0.03147543327143307,0.9359501194055062,0.3570710415459119,15.077670224712246
A3192,development,tidal_weighted__w100__f0.4,tidal_weighted,100.0,0.4,0.032227822666665046,0.9351152674719658,0.3600837740343978,13.698769616579993
A3192,development,tidal_weighted__w100__f0.6,tidal_weighted,100.0,0.6,0.03304167044432435,0.932781131784486,0.36355159453057917,12.320495309886056
A3192,development,tidal_weighted__w100__f0.8,tidal_weighted,100.0,0.8,0.03391803007580467,0.9288815940020679,0.3674616189471992,10.943083953966141
A3192,development,tidal_weighted__w100__f1,tidal_weighted,100.0,1.0,0.03485816133128926,0.9233707742689736,0.37179989626621074,9.566908290351305
ACT-CL J0102-4915,development,local_control,local_control,0.0,0.0,0.1340612369060849,0.01779063861438237,0.7346806269374956,43.603418181740466
ACT-CL J0102-4915,development,activation_only__w20__f0.05,activation_only,20.0,0.05,0.1326423827340334,0.027577842191308724,0.7309256681592798,42.28953454386677
ACT-CL J0102-4915,development,activation_only__w20__f0.1,activation_only,20.0,0.1,0.13130016519694246,0.038108858566917266,0.7273540736048412,40.98413822782305
ACT-CL J0102-4915,development,activation_only__w20__f0.2,activation_only,20.0,0.2,0.12883748106955054,0.061341604228617015,0.7207717406616585,38.40226417236183
ACT-CL J0102-4915,development,activation_only__w20__f0.4,activation_only,20.0,0.4,0.12475952542157341,0.1138184024037849,0.7099202043145296,33.38533963523228
ACT-CL J0102-4915,development,activation_only__w20__f0.6,activation_only,20.0,0.6,0.12177506070727488,0.16269240258308776,0.7022677599533604,28.649591692022433
ACT-CL J0102-4915,development,activation_only__w20__f0.8,activation_only,20.0,0.8,0.11989670138673844,0.19342439986079638,0.697919646280443,24.35956687306248
ACT-CL J0102-4915,development,activation_only__w20__f1,activation_only,20.0,1.0,0.11921303951759431,0.20520003929595335,0.6969377120495831,20.793005673317992
ACT-CL J0102-4915,development,activation_only__w50__f0.05,activation_only,50.0,0.05,0.1319408671679514,0.038976324163943074,0.7289875314427604,42.313842937905534
ACT-CL J0102-4915,development,activation_only__w50__f0.1,activation_only,50.0,0.1,0.1298765017616683,0.06167984003131295,0.7234004788488689,41.03244814783249
ACT-CL J0102-4915,development,activation_only__w50__f0.2,activation_only,50.0,0.2,0.12591028765543769,0.11173153067984343,0.712554432722424,38.497462306401125
ACT-CL J0102-4915,development,activation_only__w50__f0.4,activation_only,50.0,0.4,0.11859751467187846,0.2282813116673286,0.692245452101987,33.56795268638391
ACT-CL J0102-4915,development,activation_only__w50__f0.6,activation_only,50.0,0.6,0.1120713852545934,0.3519104400459112,0.6739179940377008,28.905304144729516
ACT-CL J0102-4915,development,activation_only__w50__f0.8,activation_only,50.0,0.8,0.10631029716843453,0.45260371943512856,0.6577377211230309,24.66134798555858
ACT-CL J0102-4915,development,activation_only__w50__f1,activation_only,50.0,1.0,0.10132423792313683,0.5112159463122167,0.6438665290701501,21.09037405670506
ACT-CL J0102-4915,development,activation_only__w100__f0.05,activation_only,100.0,0.05,0.1314458562486851,0.048425615426829285,0.7272198565392847,42.33914165417065
ACT-CL J0102-4915,development,activation_only__w100__f0.1,activation_only,100.0,0.1,0.1288904376261554,0.08125264899337276,0.7198465773235593,41.08251318575454
ACT-CL J0102-4915,development,activation_only__w100__f0.2,activation_only,100.0,0.2,0.12395368411627782,0.1534761713215684,0.7053734345283574,38.59518417168017
ACT-CL J0102-4915,development,activation_only__w100__f0.4,activation_only,100.0,0.4,0.11474232891702041,0.3194185200367228,0.6776018038245304,33.75086016102813
ACT-CL J0102-4915,development,activation_only__w100__f0.6,activation_only,100.0,0.6,0.1063633288049407,0.48876063214752985,0.6515621158577671,29.152273294234927
ACT-CL J0102-4915,development,activation_only__w100__f0.8,activation_only,100.0,0.8,0.09877568320597496,0.6190075001003204,0.6274700319240037,24.93575086263543
ACT-CL J0102-4915,development,activation_only__w100__f1,activation_only,100.0,1.0,0.09195936332562796,0.6908923557578849,0.6055580525195227,21.32909890722642
ACT-CL J0102-4915,development,field_weighted__w20__f0.05,field_weighted,20.0,0.05,0.1333666280124685,0.026991596550916118,0.732769338556099,43.19359084237085
ACT-CL J0102-4915,development,field_weighted__w20__f0.1,field_weighted,20.0,0.1,0.13270436773150754,0.03616473419208739,0.7309753984161373,42.784530271920964
ACT-CL J0102-4915,development,field_weighted__w20__f0.2,field_weighted,20.0,0.2,0.13147738453785662,0.05417733167225627,0.7277429773663614,41.96879907816863
ACT-CL J0102-4915,development,field_weighted__w20__f0.4,field_weighted,20.0,0.4,0.1294198107435816,0.08733440767677197,0.7227210061366056,40.347571959981565
ACT-CL J0102-4915,development,field_weighted__w20__f0.6,field_weighted,20.0,0.6,0.12791103456499603,0.1147727445636985,0.7196548189322605,38.74141812244745
ACT-CL J0102-4915,development,field_weighted__w20__f0.8,field_weighted,20.0,0.8,0.1269915245909146,0.13591875855143343,0.7185694526001004,37.15229254408022
ACT-CL J0102-4915,development,field_weighted__w20__f1,field_weighted,20.0,1.0,0.12672864015566337,0.1515280534039523,0.719473871731182,35.58247676165577
ACT-CL J0102-4915,development,field_weighted__w50__f0.05,field_weighted,50.0,0.05,0.1326168642199816,0.03796742568914805,0.7305898530482705,43.147611730677376
ACT-CL J0102-4915,development,field_weighted__w50__f0.1,field_weighted,50.0,0.1,0.13119283160920822,0.05825097507344527,0.7265473970997334,42.692768726415224
ACT-CL J0102-4915,development,field_weighted__w50__f0.2,field_weighted,50.0,0.2,0.12840591950320504,0.09881515785251338,0.7186106909651795,41.78609883762837
ACT-CL J0102-4915,development,field_weighted__w50__f0.4,field_weighted,50.0,0.4,0.12307871402103612,0.17767312238172392,0.703353296679093,39.985779417015216
ACT-CL J0102-4915,development,field_weighted__w50__f0.6,field_weighted,50.0,0.6,0.11808738251800417,0.24974420481808696,0.688962428537985,38.20486324653038
ACT-CL J0102-4915,development,field_weighted__w50__f0.8,field_weighted,50.0,0.8,0.11344648278428307,0.3120465560372583,0.6754934708287582,36.44619481328267
ACT-CL J0102-4915,development,field_weighted__w50__f1,field_weighted,50.0,1.0,0.10918017367632893,0.3635965519817601,0.6630026120124424,34.713155685290296
ACT-CL J0102-4915,development,field_weighted__w100__f0.05,field_weighted,100.0,0.05,0.13193726637570136,0.04711823378598333,0.7283514838977941,42.97147638282119
ACT-CL J0102-4915,development,field_weighted__w100__f0.1,field_weighted,100.0,0.1,0.12984676425978797,0.07724800953624794,0.7220620986252188,42.34134032512388
ACT-CL J0102-4915,development,field_weighted__w100__f0.2,field_weighted,100.0,0.2,0.12576423564550138,0.13941161207104394,0.7096068232825808,41.086817525916864
ACT-CL J0102-4915,development,field_weighted__w100__f0.4,field_weighted,100.0,0.4,0.11798135398007553,0.26676344341320773,0.6852215251424524,38.603379044060524
ACT-CL J0102-4915,development,field_weighted__w100__f0.6,field_weighted,100.0,0.6,0.11069004424595064,0.38795339552057884,0.6616008677483195,36.15993604482754
ACT-CL J0102-4915,development,field_weighted__w100__f0.8,field_weighted,100.0,0.8,0.10387498170162728,0.4921277704989796,0.6388296742556175,33.76517255764891
ACT-CL J0102-4915,development,field_weighted__w100__f1,field_weighted,100.0,1.0,0.09752791182743363,0.5738318262562176,0.617002003263503,31.430217671290702
ACT-CL J0102-4915,development,tidal_weighted__w20__f0.05,tidal_weighted,20.0,0.05,0.13557089373097547,-0.0002984985958317729,0.7395578034126578,43.837388430947485
ACT-CL J0102-4915,development,tidal_weighted__w20__f0.1,tidal_weighted,20.0,0.1,0.1371428202176866,-0.017417072710690647,0.7446730303415449,44.072475815740155
ACT-CL J0102-4915,development,tidal_weighted__w20__f0.2,tidal_weighted,20.0,0.2,0.14047351227266625,-0.04837461156454287,0.7555980722525228,44.545931161028776
ACT-CL J0102-4915,development,tidal_weighted__w20__f0.4,tidal_weighted,20.0,0.4,0.1478925523220322,-0.09707215875549476,0.7800860046159729,45.50548464945607
ACT-CL J0102-4915,development,tidal_weighted__w20__f0.6,tidal_weighted,20.0,0.6,0.15636828914602646,-0.131111424299062,0.8078197862241431,46.481023307022824
ACT-CL J0102-4915,development,tidal_weighted__w20__f0.8,tidal_weighted,20.0,0.8,0.16600438114582478,-0.15492433386650303,0.8384773962631639,47.47156166023495
ACT-CL J0102-4915,development,tidal_weighted__w20__f1,tidal_weighted,20.0,1.0,0.17698399307400584,-0.17195848804540928,0.8717504147890123,48.476180228668426
ACT-CL J0102-4915,development,tidal_weighted__w50__f0.05,tidal_weighted,50.0,0.05,0.1345401933663312,0.013976848245452957,0.7363434283109465,43.777691241044806
ACT-CL J0102-4915,development,tidal_weighted__w50__f0.1,tidal_weighted,50.0,0.1,0.1350373890490494,0.010286044745542818,0.7380802944200396,43.95326807912578
ACT-CL J0102-4915,development,tidal_weighted__w50__f0.2,tidal_weighted,50.0,0.2,0.13608724912385067,0.0032917559940191894,0.7417741175891119,44.30827098001203
ACT-CL J0102-4915,development,tidal_weighted__w50__f0.4,tidal_weighted,50.0,0.4,0.13841539062430547,-0.009112698293012152,0.7500265007671858,45.03324656451415
ACT-CL J0102-4915,development,tidal_weighted__w50__f0.6,tidal_weighted,50.0,0.6,0.14106444849351457,-0.01950463792844788,0.7593999964321589,45.7773888927506
ACT-CL J0102-4915,development,tidal_weighted__w50__f0.8,tidal_weighted,50.0,0.8,0.14406141484055235,-0.028135497279644272,0.769853654735357,46.5397785806038
ACT-CL J0102-4915,development,tidal_weighted__w50__f1,tidal_weighted,50.0,1.0,0.147444865677964,-0.03529815890176964,0.7813441221624053,47.31953365810747
ACT-CL J0102-4915,development,tidal_weighted__w100__f0.05,tidal_weighted,100.0,0.05,0.13293261111547688,0.03554661813615928,0.7311796310172917,43.441453352574406
ACT-CL J0102-4915,development,tidal_weighted__w100__f0.1,tidal_weighted,100.0,0.1,0.13182245636390344,0.05331643693590468,0.7277140042736662,43.28194420159534
ACT-CL J0102-4915,development,tidal_weighted__w100__f0.2,tidal_weighted,100.0,0.2,0.12965731326987417,0.08869065973445842,0.7208908935277478,42.97040190112301
ACT-CL J0102-4915,development,tidal_weighted__w100__f0.4,tidal_weighted,100.0,0.4,0.1255465860971775,0.1573815997104114,0.7076917244755054,42.37798151988194
ACT-CL J0102-4915,development,tidal_weighted__w100__f0.6,tidal_weighted,100.0,0.6,0.12172817294434066,0.22103664265214862,0.6951167622471147,41.82788198795089
ACT-CL J0102-4915,development,tidal_weighted__w100__f0.8,tidal_weighted,100.0,0.8,0.11820429482160622,0.2777518933106745,0.6832004750939698,41.321793538514
ACT-CL J0102-4915,development,tidal_weighted__w100__f1,tidal_weighted,100.0,1.0,0.11498070718654961,0.326700890800895,0.6719779050878514,40.861351502664036
CL J0152.7-1357,development,local_control,local_control,0.0,0.0,0.029513990481277497,0.8549828666986669,0.3694329878151918,22.284001891337933
CL J0152.7-1357,development,activation_only__w20__f0.05,activation_only,20.0,0.05,0.030250505320288595,0.8539612832362985,0.37532243398208237,21.134487538475252
CL J0152.7-1357,development,activation_only__w20__f0.1,activation_only,20.0,0.1,0.03107970432559176,0.852083093389728,0.3817670522029031,19.98499909985913
CL J0152.7-1357,development,activation_only__w20__f0.2,activation_only,20.0,0.2,0.03301249359053829,0.8451164352268256,0.39621112395094016,17.686120176452857
CL J0152.7-1357,development,activation_only__w20__f0.4,activation_only,20.0,0.4,0.03796920325301294,0.8127609244739727,0.4305497285232329,13.08899499900618
CL J0152.7-1357,development,activation_only__w20__f0.6,activation_only,20.0,0.6,0.04441565013711203,0.7434657290714444,0.47079738152728334,8.49385482907619
CL J0152.7-1357,development,activation_only__w20__f0.8,activation_only,20.0,0.8,0.05247190613813014,0.6261697210814783,0.5155720821640928,3.9077085633574993
CL J0152.7-1357,development,activation_only__w20__f1,activation_only,20.0,1.0,0.06238295368525887,0.4671215030090687,0.5637962939694126,0.8340498547245255
CL J0152.7-1357,development,activation_only__w50__f0.05,activation_only,50.0,0.05,0.029989235997654646,0.8570491534778902,0.37269326357881183,21.141166010068556
CL J0152.7-1357,development,activation_only__w50__f0.1,activation_only,50.0,0.1,0.030521700918403283,0.8588296956209528,0.3763443217373981,19.99833232720586
CL J0152.7-1357,development,activation_only__w50__f0.2,activation_only,50.0,0.2,0.03175689284183836,0.8612804307179645,0.3847731003407936,17.71267325881196
CL J0152.7-1357,development,activation_only__w50__f0.4,activation_only,50.0,0.4,0.034904414436982216,0.8593853278914966,0.4057879272495918,13.141408515264878
CL J0152.7-1357,development,activation_only__w50__f0.6,activation_only,50.0,0.6,0.03896236346053899,0.842115353181243,0.431649443360026,8.570309893353222
CL J0152.7-1357,development,activation_only__w50__f0.8,activation_only,50.0,0.8,0.04396396671409565,0.7992300229406419,0.4615436478821556,3.9999469599622364
CL J0152.7-1357,development,activation_only__w50__f1,activation_only,50.0,1.0,0.049975327384483924,0.7202819323152091,0.494740065836153,0.5871199266703669
CL J0152.7-1357,development,activation_only__w100__f0.05,activation_only,100.0,0.05,0.030160859485815227,0.8580992918873492,0.3720969153353613,21.145949241721095
CL J0152.7-1357,development,activation_only__w100__f0.1,activation_only,100.0,0.1,0.03085247916344798,0.8611830562259274,0.3750923779696925,20.00808212613999
CL J0152.7-1357,development,activation_only__w100__f0.2,activation_only,100.0,0.2,0.03236877518428902,0.867153923625985,0.3820458536709992,17.73304735261386
CL J0152.7-1357,development,activation_only__w100__f0.4,activation_only,100.0,0.4,0.03593008725997336,0.8772859556498837,0.39955233351054875,13.187464821139457
CL J0152.7-1357,development,activation_only__w100__f0.6,activation_only,100.0,0.6,0.04020174334219849,0.881741757182714,0.42134289029913186,8.6557218237073
CL J0152.7-1357,development,activation_only__w100__f0.8,activation_only,100.0,0.8,0.04520910503126163,0.8734389127620373,0.4467911439172749,4.18304243964453
CL J0152.7-1357,development,activation_only__w100__f1,activation_only,100.0,1.0,0.051002922878125106,0.8400385886869263,0.4753099540779333,1.279921753931323
CL J0152.7-1357,development,field_weighted__w20__f0.05,field_weighted,20.0,0.05,0.029269594253087602,0.8531608568342666,0.3701694573830213,22.11806290802052
CL J0152.7-1357,development,field_weighted__w20__f0.1,field_weighted,20.0,0.1,0.029059222723000204,0.8507078555188442,0.3712000085534329,21.952180600316492
CL J0152.7-1357,development,field_weighted__w20__f0.2,field_weighted,20.0,0.2,0.028740737976585735,0.8439860228857662,0.37413294177961315,21.62059122937105
CL J0152.7-1357,development,field_weighted__w20__f0.4,field_weighted,20.0,0.4,0.02851652983221468,0.8239997979155282,0.3833788927492416,20.958152271932548
CL J0152.7-1357,development,field_weighted__w20__f0.6,field_weighted,20.0,0.6,0.028856643683368776,0.7969793079499669,0.3968532276912473,20.296780161665847
CL J0152.7-1357,development,field_weighted__w20__f0.8,field_weighted,20.0,0.8,0.029790002693134747,0.7651336269860669,0.4141434351702884,19.63658269506277
CL J0152.7-1357,development,field_weighted__w20__f1,field_weighted,20.0,1.0,0.031363457573072934,0.7305413899464516,0.43479452285268266,18.977682463373075
CL J0152.7-1357,development,field_weighted__w50__f0.05,field_weighted,50.0,0.05,0.029281619005284698,0.8562670468784047,0.3688200446400064,21.978932444396662
CL J0152.7-1357,development,field_weighted__w50__f0.1,field_weighted,50.0,0.1,0.029061469968002664,0.8572967879433522,0.36832267004119634,21.67401776395313
CL J0152.7-1357,development,field_weighted__w50__f0.2,field_weighted,50.0,0.2,0.0286580210557588,0.8585837283144673,0.36767639362595006,21.064679582412055
CL J0152.7-1357,development,field_weighted__w50__f0.4,field_weighted,50.0,0.4,0.028000242048856566,0.8580418450682544,0.3677839935433273,19.848178961312733
CL J0152.7-1357,development,field_weighted__w50__f0.6,field_weighted,50.0,0.6,0.02754588288473344,0.8533997911330986,0.36975416010741585,18.63505263756983
CL J0152.7-1357,development,field_weighted__w50__f0.8,field_weighted,50.0,0.8,0.027302825567315676,0.8448721848996761,0.3735574245815113,17.426005339255205
CL J0152.7-1357,development,field_weighted__w50__f1,field_weighted,50.0,1.0,0.027282381808235834,0.8328208652452673,0.3791386257510189,16.22194914048822
CL J0152.7-1357,development,field_weighted__w100__f0.05,field_weighted,100.0,0.05,0.02991794158745502,0.8561668934072495,0.37112048085505417,21.76208249621879
CL J0152.7-1357,development,field_weighted__w100__f0.1,field_weighted,100.0,0.1,0.030337087740355893,0.8572391246092513,0.3729391423329937,21.24058898356923
CL J0152.7-1357,development,field_weighted__w100__f0.2,field_weighted,100.0,0.2,0.03122125328139739,0.8589992939178481,0.37696223986216393,20.199011523215574
CL J0152.7-1357,development,field_weighted__w100__f0.4,field_weighted,100.0,0.4,0.03317595053098825,0.8605868832316838,0.3864926235738854,18.122628314294033
CL J0152.7-1357,development,field_weighted__w100__f0.6,field_weighted,100.0,0.6,0.03538701665706944,0.8586919984102463,0.3978803662804136,16.058191423766246
CL J0152.7-1357,development,field_weighted__w100__f0.8,field_weighted,100.0,0.8,0.03786812146817254,0.8519852493810701,0.41097109833312195,14.010982509010768
CL J0152.7-1357,development,field_weighted__w100__f1,field_weighted,100.0,1.0,0.04063896243033532,0.8388848011876923,0.425607708410121,11.989829615741277
CL J0152.7-1357,development,tidal_weighted__w20__f0.05,tidal_weighted,20.0,0.05,0.028141106946401952,0.8596519723218886,0.36080773983908815,22.61269242807856
CL J0152.7-1357,development,tidal_weighted__w20__f0.1,tidal_weighted,20.0,0.1,0.026876246015859258,0.8627645469647036,0.35308674581735006,22.941962086063178
CL J0152.7-1357,development,tidal_weighted__w20__f0.2,tidal_weighted,20.0,0.2,0.024662872718348182,0.8652824526954043,0.34059638410759124,23.602141772613876
CL J0152.7-1357,development,tidal_weighted__w20__f0.4,tidal_weighted,20.0,0.4,0.02147599657212058,0.860657171729547,0.32880933394002987,24.928453693320044
CL J0152.7-1357,development,tidal_weighted__w20__f0.6,tidal_weighted,20.0,0.6,0.019965665228651713,0.849625934772526,0.3358716661804335,26.2616995289601
CL J0152.7-1357,development,tidal_weighted__w20__f0.8,tidal_weighted,20.0,0.8,0.020287767056076007,0.836446806621845,0.3606778216599534,27.600874480399135
CL J0152.7-1357,development,tidal_weighted__w20__f1,tidal_weighted,20.0,1.0,0.02283281340312944,0.8230943158807495,0.39993964890934713,28.945155610916228
CL J0152.7-1357,development,tidal_weighted__w50__f0.05,tidal_weighted,50.0,0.05,0.028500508734485917,0.8590739126257314,0.3631493095519305,22.41830653402429
CL J0152.7-1357,development,tidal_weighted__w50__f0.1,tidal_weighted,50.0,0.1,0.027523726645618314,0.8626390129430985,0.35711552381003225,22.553040086600088
CL J0152.7-1357,development,tidal_weighted__w50__f0.2,tidal_weighted,50.0,0.2,0.025679516325363146,0.8683842506379762,0.34584940842874135,22.82376351390237
CL J0152.7-1357,development,tidal_weighted__w50__f0.4,tidal_weighted,50.0,0.4,0.022426443583342504,0.8754774320129204,0.3268961586686688,23.37003143618619
CL J0152.7-1357,development,tidal_weighted__w50__f0.6,tidal_weighted,50.0,0.6,0.019758633249981165,0.8784107936614923,0.31341440332493187,23.92235994759989
CL J0152.7-1357,development,tidal_weighted__w50__f0.8,tidal_weighted,50.0,0.8,0.017697373414706435,0.8786493976768003,0.3061278855120604,24.48033883223765
CL J0152.7-1357,development,tidal_weighted__w50__f1,tidal_weighted,50.0,1.0,0.01628805605113475,0.8771738655737604,0.30548024614042996,25.04359041679477
CL J0152.7-1357,development,tidal_weighted__w100__f0.05,tidal_weighted,100.0,0.05,0.029633033413814142,0.8558771824425155,0.36961737974199327,22.071262631406174
CL J0152.7-1357,development,tidal_weighted__w100__f0.1,tidal_weighted,100.0,0.1,0.029759426918094613,0.8566197366864872,0.36988010891235096,21.859041107851542
CL J0152.7-1357,development,tidal_weighted__w100__f0.2,tidal_weighted,100.0,0.2,0.03003464227568422,0.8576317692578481,0.37063986295804674,21.43621274040683
CL J0152.7-1357,development,tidal_weighted__w100__f0.4,tidal_weighted,100.0,0.4,0.03067776671917271,0.8576487252134656,0.37308884436208534,20.597477893017082
CL J0152.7-1357,development,tidal_weighted__w100__f0.6,tidal_weighted,100.0,0.6,0.03145120063809137,0.8548035394675271,0.37675571104853794,19.768949820292722
CL J0152.7-1357,development,tidal_weighted__w100__f0.8,tidal_weighted,100.0,0.8,0.03236494551025021,0.8489357638994344,0.3816053564539144,18.951967206169343
CL J0152.7-1357,development,tidal_weighted__w100__f1,tidal_weighted,100.0,1.0,0.0334318913965502,0.8399713714559147,0.3875933856341273,18.148089362594632
MACS J0035.4-2015,development,local_control,local_control,0.0,0.0,0.0711606360176818,0.5843955952578214,0.5548738902475467,32.09088162655623
MACS J0035.4-2015,development,activation_only__w20__f0.05,activation_only,20.0,0.05,0.07178600629983668,0.5876772010539143,0.5557655179938192,30.572057551722935
MACS J0035.4-2015,development,activation_only__w20__f0.1,activation_only,20.0,0.1,0.07248358562408047,0.5899380347751522,0.557042037959904,29.05416116127512
MACS J0035.4-2015,development,activation_only__w20__f0.2,activation_only,20.0,0.2,0.0740899827872836,0.5903957651036422,0.5607384476161531,26.021800703525674
MACS J0035.4-2015,development,activation_only__w20__f0.4,activation_only,20.0,0.4,0.07813068738245231,0.5675008007910112,0.5725854395712431,19.978099898394028
MACS J0035.4-2015,development,activation_only__w20__f0.6,activation_only,20.0,0.6,0.08328453152124765,0.503302190307115,0.590054633911562,13.992704336841022
MACS J0035.4-2015,development,activation_only__w20__f0.8,activation_only,20.0,0.8,0.08961866143002506,0.4050817779891865,0.6126652942753613,8.194388883749996
MACS J0035.4-2015,development,activation_only__w20__f1,activation_only,20.0,1.0,0.09727152321738364,0.2975943966083355,0.6398726131317204,3.630589361224714
MACS J0035.4-2015,development,activation_only__w50__f0.05,activation_only,50.0,0.05,0.07131919005171597,0.5910590286945858,0.5543190735364555,30.61981446132599
MACS J0035.4-2015,development,activation_only__w50__f0.1,activation_only,50.0,0.1,0.07152440099989954,0.5973889026985415,0.5539999274079203,29.14959279708782
MACS J0035.4-2015,development,activation_only__w50__f0.2,activation_only,50.0,0.2,0.07207302540995075,0.6085918974902952,0.5540699751409656,26.212254976571067
MACS J0035.4-2015,development,activation_only__w50__f0.4,activation_only,50.0,0.4,0.07371851302277783,0.6212349179252976,0.5570358783846451,20.35627260972141
MACS J0035.4-2015,development,activation_only__w50__f0.6,activation_only,50.0,0.6,0.07610395057374358,0.6125215810070743,0.5637120997846111,14.550300834801673
MACS J0035.4-2015,development,activation_only__w50__f0.8,activation_only,50.0,0.8,0.07926555719526404,0.5754567724916494,0.5739691823261743,8.892838153400085
MACS J0035.4-2015,development,activation_only__w50__f1,activation_only,50.0,1.0,0.08327160594440813,0.5125796144806642,0.5876196408030948,4.061007594096004
MACS J0035.4-2015,development,activation_only__w100__f0.05,activation_only,100.0,0.05,0.07094692588791238,0.5956160157478962,0.552788279077497,30.62456289879811
MACS J0035.4-2015,development,activation_only__w100__f0.1,activation_only,100.0,0.1,0.07077542504210886,0.6068696247194288,0.5508952631280213,29.158336782767297
MACS J0035.4-2015,development,activation_only__w100__f0.2,activation_only,100.0,0.2,0.07055765119953131,0.6291562110980216,0.5476948018495372,26.226224516558673
MACS J0035.4-2015,development,activation_only__w100__f0.4,activation_only,100.0,0.4,0.07061811734015813,0.6697640357256027,0.5436800075211798,20.364045118010687
MACS J0035.4-2015,development,activation_only__w100__f0.6,activation_only,100.0,0.6,0.07134200944693592,0.6971779755091462,0.5428997125566797,14.507347348702444
MACS J0035.4-2015,development,activation_only__w100__f0.8,activation_only,100.0,0.8,0.07274811353916873,0.7010110986608077,0.5453678005902892,8.667250600710497
MACS J0035.4-2015,development,activation_only__w100__f1,activation_only,100.0,1.0,0.07487443093309738,0.6756153404804554,0.5510406252336778,2.944257326941826
MACS J0035.4-2015,development,field_weighted__w20__f0.05,field_weighted,20.0,0.05,0.07095950247655886,0.5890320233115371,0.553092166126233,31.657806241125293
MACS J0035.4-2015,development,field_weighted__w20__f0.1,field_weighted,20.0,0.1,0.07080271004727796,0.5925536841290553,0.5515564777406202,31.231440606021632
MACS J0035.4-2015,development,field_weighted__w20__f0.2,field_weighted,20.0,0.2,0.07062206144585798,0.596351444889951,0.5492311327842835,30.3999634320259
MACS J0035.4-2015,development,field_weighted__w20__f0.4,field_weighted,20.0,0.4,0.07079657104061142,0.5924334779820054,0.547601808298027,28.830498644668126
MACS J0035.4-2015,development,field_weighted__w20__f0.6,field_weighted,20.0,0.6,0.07170633749894456,0.5770918674695007,0.5500215848252974,27.403363112303186
MACS J0035.4-2015,development,field_weighted__w20__f0.8,field_weighted,20.0,0.8,0.07340007458225019,0.5552185353078651,0.5564376399803446,26.141877322833942
MACS J0035.4-2015,development,field_weighted__w20__f1,field_weighted,20.0,1.0,0.07596371108420442,0.5306612022231387,0.5667142584149091,25.071058461746127
MACS J0035.4-2015,development,field_weighted__w50__f0.05,field_weighted,50.0,0.05,0.07075243846921202,0.5909930757315663,0.5525163649959668,31.60463267132699
MACS J0035.4-2015,development,field_weighted__w50__f0.1,field_weighted,50.0,0.1,0.07036418253997105,0.5970877358200816,0.5502560604766696,31.123484891836057
MACS J0035.4-2015,development,field_weighted__w50__f0.2,field_weighted,50.0,0.2,0.06964816532373466,0.6077602396171672,0.5460318910799212,30.177466283088673
MACS J0035.4-2015,development,field_weighted__w50__f0.4,field_weighted,50.0,0.4,0.06846399543345866,0.6231655312342538,0.538800707091958,28.3580744023957
MACS J0035.4-2015,development,field_weighted__w50__f0.6,field_weighted,50.0,0.6,0.06762516535702476,0.6312943087321893,0.5332458736248074,26.65196843019691
MACS J0035.4-2015,development,field_weighted__w50__f0.8,field_weighted,50.0,0.8,0.06715643764776297,0.6333225758430251,0.5294201596101011,25.08227628115474
MACS J0035.4-2015,development,field_weighted__w50__f1,field_weighted,50.0,1.0,0.06709344056134756,0.6306094017486898,0.5273611978083872,23.676145601251743
MACS J0035.4-2015,development,field_weighted__w100__f0.05,field_weighted,100.0,0.05,0.07080159891686394,0.5927609851423892,0.5525889859064669,31.359762751532728
MACS J0035.4-2015,development,field_weighted__w100__f0.1,field_weighted,100.0,0.1,0.0704600584704258,0.6008946574814311,0.550381446165915,30.630352424633717
MACS J0035.4-2015,development,field_weighted__w100__f0.2,field_weighted,100.0,0.2,0.06982962094672673,0.616356057599401,0.5462021797616193,29.17716967070507
MACS J0035.4-2015,development,field_weighted__w100__f0.4,field_weighted,100.0,0.4,0.06878104992073505,0.6433123575053387,0.5388117844144965,26.297709280646828
MACS J0035.4-2015,development,field_weighted__w100__f0.6,field_weighted,100.0,0.6,0.06802063579740322,0.6637644821863743,0.532756030112485,23.465113121793735
MACS J0035.4-2015,development,field_weighted__w100__f0.8,field_weighted,100.0,0.8,0.06755742854746595,0.6767509517150823,0.5280808337444067,20.698630177394797
MACS J0035.4-2015,development,field_weighted__w100__f1,field_weighted,100.0,1.0,0.06740430794734974,0.6820437653977829,0.5248230912077442,18.02872113088938
MACS J0035.4-2015,development,tidal_weighted__w20__f0.05,tidal_weighted,20.0,0.05,0.07146938802704851,0.5839597710247842,0.554293966350072,32.22033694525992
MACS J0035.4-2015,development,tidal_weighted__w20__f0.1,tidal_weighted,20.0,0.1,0.07187333392401704,0.5813315777120789,0.5542713417718234,32.36546835086462
MACS J0035.4-2015,development,tidal_weighted__w20__f0.2,tidal_weighted,20.0,0.2,0.07296542857456532,0.5704713255334278,0.5558965866380241,32.701902042618805
MACS J0035.4-2015,development,tidal_weighted__w20__f0.4,tidal_weighted,20.0,0.4,0.07629630815058869,0.5340746595406064,0.565727345966127,33.552527496042785
MACS J0035.4-2015,development,tidal_weighted__w20__f0.6,tidal_weighted,20.0,0.6,0.08122532985188718,0.49058496811656377,0.5839214663742567,34.625103553240095
MACS J0035.4-2015,development,tidal_weighted__w20__f0.8,tidal_weighted,20.0,0.8,0.08792442626713964,0.44878618207169646,0.6097307289223323,35.899742078526124
MACS J0035.4-2015,development,tidal_weighted__w20__f1,tidal_weighted,20.0,1.0,0.09671518928198422,0.4119171473055852,0.6422377119668131,37.35576471000241
MACS J0035.4-2015,development,tidal_weighted__w50__f0.05,tidal_weighted,50.0,0.05,0.07116371616689943,0.5846310151717002,0.5542647477620061,32.10300133972829
MACS J0035.4-2015,development,tidal_weighted__w50__f0.1,tidal_weighted,50.0,0.1,0.07118599117771271,0.5845038761243055,0.5537519583289567,32.125947247894175
MACS J0035.4-2015,development,tidal_weighted__w50__f0.2,tidal_weighted,50.0,0.2,0.07128866925912546,0.5832460402370558,0.5530164603886806,32.20421416534037
MACS J0035.4-2015,development,tidal_weighted__w50__f0.4,tidal_weighted,50.0,0.4,0.07173133946219594,0.5773213505061567,0.5527101267165768,32.48893070194458
MACS J0035.4-2015,development,tidal_weighted__w50__f0.6,tidal_weighted,50.0,0.6,0.0725024695447334,0.5679695004358429,0.5539574624654263,32.94058754812352
MACS J0035.4-2015,development,tidal_weighted__w50__f0.8,tidal_weighted,50.0,0.8,0.07362170628164214,0.556381467461878,0.556748025231401,33.552443720042305
MACS J0035.4-2015,development,tidal_weighted__w50__f1,tidal_weighted,50.0,1.0,0.07511625864023935,0.5435119454155861,0.5610587886388074,34.315931181724046
MACS J0035.4-2015,development,tidal_weighted__w100__f0.05,tidal_weighted,100.0,0.05,0.07105816522987131,0.5877842010143232,0.5539354703559278,31.710629120280238
MACS J0035.4-2015,development,tidal_weighted__w100__f0.1,tidal_weighted,100.0,0.1,0.07096520301572173,0.5909821450483349,0.5530440902385689,31.334733890911394
MACS J0035.4-2015,development,tidal_weighted__w100__f0.2,tidal_weighted,100.0,0.2,0.07080795115064896,0.5967801478037564,0.551403349803603,30.59665578396688
MACS J0035.4-2015,development,tidal_weighted__w100__f0.4,tidal_weighted,100.0,0.4,0.0706093324496905,0.6058362548319383,0.5486956363054982,29.18015999905308
MACS J0035.4-2015,development,tidal_weighted__w100__f0.6,tidal_weighted,100.0,0.6,0.0705679632204003,0.6113223214893668,0.5467620830458435,27.85325583828598
MACS J0035.4-2015,development,tidal_weighted__w100__f0.8,tidal_weighted,100.0,0.8,0.07068788400330295,0.6131830310754572,0.545610920567429,26.629339361511487
MACS J0035.4-2015,development,tidal_weighted__w100__f1,tidal_weighted,100.0,1.0,0.07097409358738696,0.6115506057889512,0.5452471044014063,25.523230588680327
MACS J0257.1-2325,development,local_control,local_control,0.0,0.0,0.19064743949423302,-0.12927635042623004,0.8608757938328073,32.98221081184916
MACS J0257.1-2325,development,activation_only__w20__f0.05,activation_only,20.0,0.05,0.18884257938894966,-0.1300518990811123,0.855618467400281,30.87643608645216
MACS J0257.1-2325,development,activation_only__w20__f0.1,activation_only,20.0,0.1,0.18712638972290158,-0.1307186899018222,0.850632547207918,28.77873278611503
MACS J0257.1-2325,development,activation_only__w20__f0.2,activation_only,20.0,0.2,0.18394924415870662,-0.13144711153624206,0.8414939603984929,24.61578785156558
MACS J0257.1-2325,development,activation_only__w20__f0.4,activation_only,20.0,0.4,0.1785689829798956,-0.12675442624983274,0.8266728897146631,16.53411845955155
MACS J0257.1-2325,development,activation_only__w20__f0.6,activation_only,20.0,0.6,0.17446553913488544,-0.10177921171031853,0.8166609308724276,9.49454659691009
MACS J0257.1-2325,development,activation_only__w20__f0.8,activation_only,20.0,0.8,0.17173006040245914,-0.053100893358393825,0.811636072177565,7.499669132202541
MACS J0257.1-2325,development,activation_only__w20__f1,activation_only,20.0,1.0,0.17069245944935568,-0.007206942124131729,0.8116909384294048,13.10240204196637
MACS J0257.1-2325,development,activation_only__w50__f0.05,activation_only,50.0,0.05,0.18792541797469295,-0.12097114169347552,0.8536581214933668,30.91659198915795
MACS J0257.1-2325,development,activation_only__w50__f0.1,activation_only,50.0,0.1,0.18528406828292904,-0.11155663668910784,0.8466516304320526,28.8585442111033
MACS J0257.1-2325,development,activation_only__w50__f0.2,activation_only,50.0,0.2,0.18023339839075236,-0.08857546362423942,0.833293339688158,24.772703772994305
MACS J0257.1-2325,development,activation_only__w50__f0.4,activation_only,50.0,0.4,0.1710097830145086,-0.01820648801124238,0.809343110508539,16.82483912509667
MACS J0257.1-2325,development,activation_only__w50__f0.6,activation_only,50.0,0.6,0.16290800635734956,0.09817143054097237,0.7893557968902527,9.797515405437885
MACS J0257.1-2325,development,activation_only__w50__f0.8,activation_only,50.0,0.8,0.15595136936482973,0.22804085827588116,0.7736386111347272,7.2412113508564335
MACS J0257.1-2325,development,activation_only__w50__f1,activation_only,50.0,1.0,0.1503183328342218,0.2936605628893717,0.7624556709673744,12.345311365425877
MACS J0257.1-2325,development,activation_only__w100__f0.05,activation_only,100.0,0.05,0.1870623796298761,-0.11177493326935284,0.8516594029226657,30.998914138104723
MACS J0257.1-2325,development,activation_only__w100__f0.1,activation_only,100.0,0.1,0.18357393026355076,-0.0920896908103417,0.8426183901347042,29.02258936515734
MACS J0257.1-2325,development,activation_only__w100__f0.2,activation_only,100.0,0.2,0.17687268950967736,-0.04471282157858497,0.8250854482344668,25.097438692628792
MACS J0257.1-2325,development,activation_only__w100__f0.4,activation_only,100.0,0.4,0.16449660548760836,0.09449922688914106,0.7923833462446185,17.443672664465527
MACS J0257.1-2325,development,activation_only__w100__f0.6,activation_only,100.0,0.6,0.15339554280065923,0.30509559700645844,0.7631665899133094,10.536939371636612
MACS J0257.1-2325,development,activation_only__w100__f0.8,activation_only,100.0,0.8,0.1435342467336491,0.5067277761269521,0.7378493251000117,7.079375312824075
MACS J0257.1-2325,development,activation_only__w100__f1,activation_only,100.0,1.0,0.1349944277499992,0.5814462168991674,0.7168448334037978,11.025112540008635
MACS J0257.1-2325,development,field_weighted__w20__f0.05,field_weighted,20.0,0.05,0.1898781717938247,-0.12895918570492218,0.8587240501218715,32.035829843902256
MACS J0257.1-2325,development,field_weighted__w20__f0.1,field_weighted,20.0,0.1,0.1891446637990046,-0.12843670769305618,0.8566979900122106,31.089464885180593
MACS J0257.1-2325,development,field_weighted__w20__f0.2,field_weighted,20.0,0.2,0.18778426253505798,-0.1266898602255568,0.853026447248785,29.196789222334786
MACS J0257.1-2325,development,field_weighted__w20__f0.4,field_weighted,20.0,0.4,0.18548986511578086,-0.11988605597382437,0.8472275649017857,25.411711486978042
MACS J0257.1-2325,development,field_weighted__w20__f0.6,field_weighted,20.0,0.6,0.18377709789802532,-0.10829591200209639,0.8435214362882799,21.627158145469085
MACS J0257.1-2325,development,field_weighted__w20__f0.8,field_weighted,20.0,0.8,0.18268709388257998,-0.09275010788958776,0.8419356982283047,17.843462868754788
MACS J0257.1-2325,development,field_weighted__w20__f1,field_weighted,20.0,1.0,0.18230689003049405,-0.07526412087734484,0.8424823239388652,14.061318351985605
MACS J0257.1-2325,development,field_weighted__w50__f0.05,field_weighted,50.0,0.05,0.18873807837243622,-0.11980704842562022,0.8561131719496273,31.97677064618393
MACS J0257.1-2325,development,field_weighted__w50__f0.1,field_weighted,50.0,0.1,0.18685913592685327,-0.10972088039613806,0.8514341551673934,30.97133525839005
MACS J0257.1-2325,development,field_weighted__w50__f0.2,field_weighted,50.0,0.2,0.18319143811620542,-0.08758635419961279,0.8423324849786221,28.960480806923798
MACS J0257.1-2325,development,field_weighted__w50__f0.4,field_weighted,50.0,0.4,0.17621204720134054,-0.034997382877942344,0.8251936282100452,24.938855627720077
MACS J0257.1-2325,development,field_weighted__w50__f0.6,field_weighted,50.0,0.6,0.1697060880289716,0.028051596212537402,0.8095484289230996,20.91739573640662
MACS J0257.1-2325,development,field_weighted__w50__f0.8,field_weighted,50.0,0.8,0.16368663644447534,0.09726060165020654,0.795485021512324,16.89621915363768
MACS J0257.1-2325,development,field_weighted__w50__f1,field_weighted,50.0,1.0,0.1581914717797331,0.16453757778012149,0.7830886323234868,12.875591322466251
MACS J0257.1-2325,development,field_weighted__w100__f0.05,field_weighted,100.0,0.05,0.18745066646291153,-0.11036126357284065,0.8529953536273783,31.80842975835825
MACS J0257.1-2325,development,field_weighted__w100__f0.1,field_weighted,100.0,0.1,0.18431698786191628,-0.08988457874930805,0.8452049805813524,30.63495332758344
MACS J0257.1-2325,development,field_weighted__w100__f0.2,field_weighted,100.0,0.2,0.17823167981469917,-0.04375156764277442,0.8299045523069344,28.28906595969135
MACS J0257.1-2325,development,field_weighted__w100__f0.4,field_weighted,100.0,0.4,0.16674791419153362,0.07202619135810781,0.8004992937312584,23.603035488610615
MACS J0257.1-2325,development,field_weighted__w100__f0.6,field_weighted,100.0,0.6,0.15612253913777313,0.21837258596847678,0.7728387880927543,18.929403695091814
MACS J0257.1-2325,development,field_weighted__w100__f0.8,field_weighted,100.0,0.8,0.1463172633374138,0.37526709734935326,0.7471168484842744,14.280349183308976
MACS J0257.1-2325,development,field_weighted__w100__f1,field_weighted,100.0,1.0,0.13733288215855302,0.5040908126201661,0.7235402531922012,9.691306924921047
MACS J0257.1-2325,development,tidal_weighted__w20__f0.05,tidal_weighted,20.0,0.05,0.19156904465286087,-0.13622640547781956,0.8630819885563936,32.59659928417891
MACS J0257.1-2325,development,tidal_weighted__w20__f0.1,tidal_weighted,20.0,0.1,0.1925542175711618,-0.14271670996529356,0.8654825447388222,32.21942735750006
MACS J0257.1-2325,development,tidal_weighted__w20__f0.2,tidal_weighted,20.0,0.2,0.19471573002950363,-0.15421110601146426,0.8708601822012845,31.491608508244603
MACS J0257.1-2325,development,tidal_weighted__w20__f0.4,tidal_weighted,20.0,0.4,0.19981640854231864,-0.1711696027534317,0.8838698189795962,30.150872869108845
MACS J0257.1-2325,development,tidal_weighted__w20__f0.6,tidal_weighted,20.0,0.6,0.2060055174345059,-0.1811475693846382,0.8997734894324103,28.980811152124705
MACS J0257.1-2325,development,tidal_weighted__w20__f0.8,tidal_weighted,20.0,0.8,0.2133940383794835,-0.18616358416179563,0.9184208638150096,28.00282570088956
MACS J0257.1-2325,development,tidal_weighted__w20__f1,tidal_weighted,20.0,1.0,0.2221752124536129,-0.18807104098497093,0.9396486094913478,27.237614274510427
MACS J0257.1-2325,development,tidal_weighted__w50__f0.05,tidal_weighted,50.0,0.05,0.19012255863220912,-0.12646025362485888,0.8596956596753854,32.594033836509915
MACS J0257.1-2325,development,tidal_weighted__w50__f0.1,tidal_weighted,50.0,0.1,0.18961503448279426,-0.12349955767351316,0.8585824576634714,32.20951768152035
MACS J0257.1-2325,development,tidal_weighted__w50__f0.2,tidal_weighted,50.0,0.2,0.18865207882409285,-0.11716541008904607,0.8565578782247626,31.45200362273322
MACS J0257.1-2325,development,tidal_weighted__w50__f0.4,tidal_weighted,50.0,0.4,0.1869355705415019,-0.10306330712882843,0.8533223874103328,29.98709134292522
MACS J0257.1-2325,development,tidal_weighted__w50__f0.6,tidal_weighted,50.0,0.6,0.1855027369389935,-0.08760913857613417,0.8511816649385457,28.59750996172219
MACS J0257.1-2325,development,tidal_weighted__w50__f0.8,tidal_weighted,50.0,0.8,0.18436340619592856,-0.07158975830553929,0.8501439809612024,27.294767232749745
MACS J0257.1-2325,development,tidal_weighted__w50__f1,tidal_weighted,50.0,1.0,0.18353394492393466,-0.05576239545312023,0.8502133742577148,26.091873716667834
MACS J0257.1-2325,development,tidal_weighted__w100__f0.05,tidal_weighted,100.0,0.05,0.1880630736020369,-0.11336314279772158,0.854700883539068,32.30657968590191
MACS J0257.1-2325,development,tidal_weighted__w100__f0.1,tidal_weighted,100.0,0.1,0.18552174945406533,-0.09652173847589708,0.8485819434227845,31.634264707948137
MACS J0257.1-2325,development,tidal_weighted__w100__f0.2,tidal_weighted,100.0,0.2,0.1805642115070238,-0.05990907108970429,0.8365168754192768,30.300465075222384
MACS J0257.1-2325,development,tidal_weighted__w100__f0.4,tidal_weighted,100.0,0.4,0.17112543093049165,0.025605550322484807,0.8131136309050894,27.683463725841882
MACS J0257.1-2325,development,tidal_weighted__w100__f0.6,tidal_weighted,100.0,0.6,0.1622848553558398,0.1264453403401723,0.790750917871456,25.151424816359345
MACS J0257.1-2325,development,tidal_weighted__w100__f0.8,tidal_weighted,100.0,0.8,0.15401084458116146,0.23629677811806446,0.769519457137964,22.73275616975809
MACS J0257.1-2325,development,tidal_weighted__w100__f1,tidal_weighted,100.0,1.0,0.14628578901680156,0.3429649809876625,0.7495153895429552,20.467688247628107
MACS J0553.4-3342,development,local_control,local_control,0.0,0.0,0.004293851029300836,0.9638928862566055,0.13493174870919936,9.682105489089622
MACS J0553.4-3342,development,activation_only__w20__f0.05,activation_only,20.0,0.05,0.004654866816771852,0.9624499322989764,0.1381050814501394,9.58535923362085
MACS J0553.4-3342,development,activation_only__w20__f0.1,activation_only,20.0,0.1,0.00514515848736404,0.9601183500447982,0.1441737888887052,9.506123964299046
MACS J0553.4-3342,development,activation_only__w20__f0.2,activation_only,20.0,0.2,0.006497580606269277,0.9520777830221021,0.16356072470345717,9.401859600782071
MACS J0553.4-3342,development,activation_only__w20__f0.4,activation_only,20.0,0.4,0.01063372987456284,0.9159312968281372,0.22100620625242348,9.416376225784793
MACS J0553.4-3342,development,activation_only__w20__f0.6,activation_only,20.0,0.6,0.016687630673142276,0.8368712681997191,0.29065697036098825,9.724335376773887
MACS J0553.4-3342,development,activation_only__w20__f0.8,activation_only,20.0,0.8,0.024842922237185365,0.6966610669130381,0.3656026590679275,10.299448326787655
MACS J0553.4-3342,development,activation_only__w20__f1,activation_only,20.0,1.0,0.03556415553175107,0.49800319240814195,0.44316501768124816,11.100268157756972
MACS J0553.4-3342,development,activation_only__w50__f0.05,activation_only,50.0,0.05,0.004552761397650327,0.9630428648274395,0.13688242098417225,9.587678498045491
MACS J0553.4-3342,development,activation_only__w50__f0.1,activation_only,50.0,0.1,0.004893004975770001,0.961823933532805,0.14065098479850832,9.523647551576381
MACS J0553.4-3342,development,activation_only__w50__f0.2,activation_only,50.0,0.2,0.0058097667417222444,0.9580239358319743,0.15304100817102448,9.488943269427573
MACS J0553.4-3342,development,activation_only__w50__f0.4,activation_only,50.0,0.4,0.008552044721920515,0.9425629561018178,0.19206101979024084,9.791366852226473
MACS J0553.4-3342,development,activation_only__w50__f0.6,activation_only,50.0,0.6,0.012474282797995145,0.9098229192301905,0.24208311017564527,10.546830239235485
MACS J0553.4-3342,development,activation_only__w50__f0.8,activation_only,50.0,0.8,0.017587297386808483,0.8473995511835051,0.29761038441281346,11.667661897378474
MACS J0553.4-3342,development,activation_only__w50__f1,activation_only,50.0,1.0,0.02395616146628511,0.7391296290356028,0.3560766228734402,13.06012951711187
MACS J0553.4-3342,development,activation_only__w100__f0.05,activation_only,100.0,0.05,0.004542439500209246,0.9634614822675592,0.1361049488592547,9.573112967135893
MACS J0553.4-3342,development,activation_only__w100__f0.1,activation_only,100.0,0.1,0.004863492515424147,0.9629145943076031,0.13867914721822233,9.532889122270845
MACS J0553.4-3342,development,activation_only__w100__f0.2,activation_only,100.0,0.2,0.005713291104916863,0.9613988397923311,0.14769803260830908,9.66071504383982
MACS J0553.4-3342,development,activation_only__w100__f0.4,activation_only,100.0,0.4,0.008191901863648269,0.955945251681984,0.17791215939887664,10.686355361634936
MACS J0553.4-3342,development,activation_only__w100__f0.6,activation_only,100.0,0.6,0.011641913182299603,0.9450209110724278,0.2184505886614659,12.503979125561687
MACS J0553.4-3342,development,activation_only__w100__f0.8,activation_only,100.0,0.8,0.01601767598209508,0.9236465384983826,0.2646100499037674,14.825091039527486
MACS J0553.4-3342,development,activation_only__w100__f1,activation_only,100.0,1.0,0.02130386816478181,0.8816686810902428,0.31392067936434365,17.449919254499118
MACS J0553.4-3342,development,field_weighted__w20__f0.05,field_weighted,20.0,0.05,0.0044560854490840515,0.9617850489922112,0.13876790980922482,9.84508027980532
MACS J0553.4-3342,development,field_weighted__w20__f0.1,field_weighted,20.0,0.1,0.004663323636904096,0.9588715135510105,0.1439214401521011,10.02684121898346
MACS J0553.4-3342,development,field_weighted__w20__f0.2,field_weighted,20.0,0.2,0.005212481070392157,0.9506879695847701,0.15763170271023288,10.442697130687755
MACS J0553.4-3342,development,field_weighted__w20__f0.4,field_weighted,20.0,0.4,0.006852012554677184,0.92562020356764,0.19493384811646355,11.45550879008125
MACS J0553.4-3342,development,field_weighted__w20__f0.6,field_weighted,20.0,0.6,0.009230971955204325,0.8909344976952442,0.2401269063145949,12.660151718321522
MACS J0553.4-3342,development,field_weighted__w20__f0.8,field_weighted,20.0,0.8,0.012393437517218041,0.8495016384373136,0.28953917124200057,14.007219675479663
MACS J0553.4-3342,development,field_weighted__w20__f1,field_weighted,20.0,1.0,0.016417643010786624,0.8042006919172539,0.3413432389594839,15.459526711976856
MACS J0553.4-3342,development,field_weighted__w50__f0.05,field_weighted,50.0,0.05,0.0044052947320140975,0.9624642633666907,0.13751408128292614,9.794004789271733
MACS J0553.4-3342,development,field_weighted__w50__f0.1,field_weighted,50.0,0.1,0.004530663574211113,0.9607991814092545,0.14046610089415956,9.910428276185675
MACS J0553.4-3342,development,field_weighted__w50__f0.2,field_weighted,50.0,0.2,0.004823223211930867,0.9567503685904128,0.14738759453535794,10.15621943992523
MACS J0553.4-3342,development,field_weighted__w50__f0.4,field_weighted,50.0,0.4,0.005576342971672792,0.9457412254673218,0.1646588733212282,10.695305093248813
MACS J0553.4-3342,development,field_weighted__w50__f0.6,field_weighted,50.0,0.6,0.006555865258988691,0.9308576224875124,0.1854046963569535,11.290059339044191
MACS J0553.4-3342,development,field_weighted__w50__f0.8,field_weighted,50.0,0.8,0.007766363817557633,0.9122307290487318,0.2085909241225817,11.932160736275513
MACS J0553.4-3342,development,field_weighted__w50__f1,field_weighted,50.0,1.0,0.009214550216478122,0.8901257542861429,0.23349167254682077,12.614381114790675
MACS J0553.4-3342,development,field_weighted__w100__f0.05,field_weighted,100.0,0.05,0.004447147193541404,0.9631201503917797,0.13638584455595895,9.70249639765521
MACS J0553.4-3342,development,field_weighted__w100__f0.1,field_weighted,100.0,0.1,0.0046237820385364465,0.9622563491084266,0.13831053765565396,9.729733826220794
MACS J0553.4-3342,development,field_weighted__w100__f0.2,field_weighted,100.0,0.2,0.005045594234902242,0.9602266639109824,0.1434913608089577,9.804505663627085
MACS J0553.4-3342,development,field_weighted__w100__f0.4,field_weighted,100.0,0.4,0.006154685551950362,0.9547230745374271,0.1584926357192593,10.032832367845923
MACS J0553.4-3342,development,field_weighted__w100__f0.6,field_weighted,100.0,0.6,0.007604745988929034,0.9467385636385128,0.17831716591796928,10.360084398375877
MACS J0553.4-3342,development,field_weighted__w100__f0.8,field_weighted,100.0,0.8,0.009384790687135833,0.9354050559522621,0.20154666675026595,10.777253897380914
MACS J0553.4-3342,development,field_weighted__w100__f1,field_weighted,100.0,1.0,0.011488248687129167,0.9195607417341802,0.2271388501085103,11.274364008791
MACS J0553.4-3342,development,tidal_weighted__w20__f0.05,tidal_weighted,20.0,0.05,0.004409088171181815,0.9615076598045492,0.139794874070679,9.600552438505987
MACS J0553.4-3342,development,tidal_weighted__w20__f0.1,tidal_weighted,20.0,0.1,0.004606048497355436,0.9582166647986288,0.14690397222021884,9.521915638630302
MACS J0553.4-3342,development,tidal_weighted__w20__f0.2,tidal_weighted,20.0,0.2,0.005240462624578758,0.9493676275668018,0.16662394252370955,9.373681650489228
MACS J0553.4-3342,development,tidal_weighted__w20__f0.4,tidal_weighted,20.0,0.4,0.0074536061173141365,0.9253550178966644,0.22035140873024556,9.115367616303846
MACS J0553.4-3342,development,tidal_weighted__w20__f0.6,tidal_weighted,20.0,0.6,0.010928265873485075,0.8970000675320482,0.28386650406749353,8.911521979369683
MACS J0553.4-3342,development,tidal_weighted__w20__f0.8,tidal_weighted,20.0,0.8,0.015722945411402248,0.8675594770963306,0.3519089152443204,8.765945431611923
MACS J0553.4-3342,development,tidal_weighted__w20__f1,tidal_weighted,20.0,1.0,0.021973411383887167,0.8388682013302218,0.4222958924974354,8.681569716588838
MACS J0553.4-3342,development,tidal_weighted__w50__f0.05,tidal_weighted,50.0,0.05,0.00432755844431444,0.9627433640159276,0.1372356295002753,9.574892929808899
MACS J0553.4-3342,development,tidal_weighted__w50__f0.1,tidal_weighted,50.0,0.1,0.00438228081580986,0.9614090741080312,0.14006752210747228,9.46783799000295
MACS J0553.4-3342,development,tidal_weighted__w50__f0.2,tidal_weighted,50.0,0.2,0.0045553960109233835,0.9582363306899014,0.14718780822621275,9.254222841321592
MACS J0553.4-3342,development,tidal_weighted__w50__f0.4,tidal_weighted,50.0,0.4,0.00516205755512305,0.9501986172362875,0.1662947677383986,8.829138850818017
MACS J0553.4-3342,development,tidal_weighted__w50__f0.6,tidal_weighted,50.0,0.6,0.006130959000999999,0.9404506648525935,0.19019903645896108,8.407278040628427
MACS J0553.4-3342,development,tidal_weighted__w50__f0.8,tidal_weighted,50.0,0.8,0.007487588253256773,0.9295398945776057,0.2173233120691017,7.9891510195423034
MACS J0553.4-3342,development,tidal_weighted__w50__f1,tidal_weighted,50.0,1.0,0.009268874619712358,0.9178999826122728,0.24660737067952532,7.575376078379541
MACS J0553.4-3342,development,tidal_weighted__w100__f0.05,tidal_weighted,100.0,0.05,0.004357948611475058,0.9636911801344457,0.13529714914038646,9.536119308357225
MACS J0553.4-3342,development,tidal_weighted__w100__f0.1,tidal_weighted,100.0,0.1,0.0044365542812682315,0.9634242036723654,0.1359402573721844,9.404787498223115
MACS J0553.4-3342,development,tidal_weighted__w100__f0.2,tidal_weighted,100.0,0.2,0.004636792521074048,0.9626791638133825,0.13804239693490616,9.18853066165321
MACS J0553.4-3342,development,tidal_weighted__w100__f0.4,tidal_weighted,100.0,0.4,0.00520653404207279,0.9602270359430263,0.14531318571639268,8.955660295734289
MACS J0553.4-3342,development,tidal_weighted__w100__f0.6,tidal_weighted,100.0,0.6,0.005998097703272063,0.9562373545715934,0.1561641206688029,9.003745528346958
MACS J0553.4-3342,development,tidal_weighted__w100__f0.8,tidal_weighted,100.0,0.8,0.007009062362916765,0.9503532834313424,0.16991066851488462,9.328442653521135
MACS J0553.4-3342,development,tidal_weighted__w100__f1,tidal_weighted,100.0,1.0,0.008239457369488369,0.9421551037163829,0.1859116188294603,9.902579347574996
RXC J0032.1+1808,holdout,local_control,local_control,0.0,0.0,0.05016306853303489,0.7976869263836701,0.44606416710090663,9.607155865729242
RXC J0032.1+1808,holdout,activation_only__w20__f0.05,activation_only,20.0,0.05,0.05111108972473155,0.7966337039173815,0.4498892714856937,9.48373982219956
RXC J0032.1+1808,holdout,activation_only__w20__f0.1,activation_only,20.0,0.1,0.05211771142715263,0.7935927880388229,0.45407002300661625,9.360470126975022
RXC J0032.1+1808,holdout,activation_only__w20__f0.2,activation_only,20.0,0.2,0.054309648839225594,0.7804928891838439,0.4634591519111741,9.114393526276311
RXC J0032.1+1808,holdout,activation_only__w20__f0.4,activation_only,20.0,0.4,0.05943657016160901,0.7208702468070829,0.4860548838452232,8.624276179034648
RXC J0032.1+1808,holdout,activation_only__w20__f0.6,activation_only,20.0,0.6,0.0656326900177158,0.6173841844474364,0.5131648224792221,8.137281770328954
RXC J0032.1+1808,holdout,activation_only__w20__f0.8,activation_only,20.0,0.8,0.07304291310565103,0.48890215138366266,0.5441146388871,7.654006424365118
RXC J0032.1+1808,holdout,activation_only__w20__f1,activation_only,20.0,1.0,0.081909829515391,0.36067278285896825,0.5782881338685038,7.1752016568000245
RXC J0032.1+1808,holdout,activation_only__w50__f0.05,activation_only,50.0,0.05,0.05084263424334132,0.7994664818076747,0.4487892731320427,9.56252244716151
RXC J0032.1+1808,holdout,activation_only__w50__f0.1,activation_only,50.0,0.1,0.051573444421431615,0.7998071733691665,0.4518164766549616,9.518065697809696
RXC J0032.1+1808,holdout,activation_only__w50__f0.2,activation_only,50.0,0.2,0.053190167913866694,0.7953064240371572,0.45875265835589407,9.42969219182172
RXC J0032.1+1808,holdout,activation_only__w50__f0.4,activation_only,50.0,0.4,0.05705797670303187,0.7602171836918258,0.47596082211737467,9.255177116493385
RXC J0032.1+1808,holdout,activation_only__w50__f0.6,activation_only,50.0,0.6,0.06181065409925536,0.6860462638148711,0.49721961857670904,9.083780584310125
RXC J0032.1+1808,holdout,activation_only__w50__f0.8,activation_only,50.0,0.8,0.06751764345436248,0.5812366996984445,0.5220344205791053,8.915682451230838
RXC J0032.1+1808,holdout,activation_only__w50__f1,activation_only,50.0,1.0,0.07428266138363732,0.46500916755617966,0.549924054489372,8.75107279478042
RXC J0032.1+1808,holdout,activation_only__w100__f0.05,activation_only,100.0,0.05,0.050871326186609486,0.800963711078855,0.4487050142854804,9.715245021825856
RXC J0032.1+1808,holdout,activation_only__w100__f0.1,activation_only,100.0,0.1,0.0516316226032376,0.802963698021667,0.45165624472238625,9.828150294850714
RXC J0032.1+1808,holdout,activation_only__w100__f0.2,activation_only,100.0,0.2,0.05330961327952797,0.8021621392599462,0.4584652496484111,10.067754174660022
RXC J0032.1+1808,holdout,activation_only__w100__f0.4,activation_only,100.0,0.4,0.05730806745844054,0.7745213036012302,0.47551564343513597,10.597644571703487
RXC J0032.1+1808,holdout,activation_only__w100__f0.6,activation_only,100.0,0.6,0.06219871762180598,0.703876164646493,0.4967368188693889,11.186984976692361
RXC J0032.1+1808,holdout,activation_only__w100__f0.8,activation_only,100.0,0.8,0.06804363098729123,0.5956084942423508,0.5216199817319367,11.826891448015058
RXC J0032.1+1808,holdout,activation_only__w100__f1,activation_only,100.0,1.0,0.07493283421396005,0.47094556421591516,0.5496680284646079,12.50960654182774
RXC J0032.1+1808,holdout,field_weighted__w20__f0.05,field_weighted,20.0,0.05,0.04988111350380464,0.7975624679420533,0.4453500238431502,9.011203278111298
RXC J0032.1+1808,holdout,field_weighted__w20__f0.1,field_weighted,20.0,0.1,0.04964762829277053,0.7957285313898836,0.44494648552860927,8.42885638482863
RXC J0032.1+1808,holdout,field_weighted__w20__f0.2,field_weighted,20.0,0.2,0.049327239395260666,0.7873117953755959,0.44507395286972923,7.317907833945291
RXC J0032.1+1808,holdout,field_weighted__w20__f0.4,field_weighted,20.0,0.4,0.04928610103209893,0.7552157839248472,0.4490497353063532,5.462419082545894
RXC J0032.1+1808,holdout,field_weighted__w20__f0.6,field_weighted,20.0,0.6,0.05008570008026605,0.7107163561677536,0.4578621680574682,4.599585343284805
RXC J0032.1+1808,holdout,field_weighted__w20__f0.8,field_weighted,20.0,0.8,0.051808170479197654,0.6619731718434614,0.4712399855719209,5.244641489798183
RXC J0032.1+1808,holdout,field_weighted__w20__f1,field_weighted,20.0,1.0,0.05459779814427797,0.6141967234444784,0.48880849212071054,6.992013966834589
RXC J0032.1+1808,holdout,field_weighted__w50__f0.05,field_weighted,50.0,0.05,0.049863645032239196,0.8009415109531985,0.44504182945476223,9.181184211086393
RXC J0032.1+1808,holdout,field_weighted__w50__f0.1,field_weighted,50.0,0.1,0.04960034538880226,0.8029827525173616,0.44422902727024327,8.759875614320475
RXC J0032.1+1808,holdout,field_weighted__w50__f0.2,field_weighted,50.0,0.2,0.04918245997930548,0.803426632607333,0.44323634306715304,7.934211240709908
RXC J0032.1+1808,holdout,field_weighted__w50__f0.4,field_weighted,50.0,0.4,0.04878603106920549,0.7906393285102795,0.4437961570944501,6.381160813802059
RXC J0032.1+1808,holdout,field_weighted__w50__f0.6,field_weighted,50.0,0.6,0.048989904478340354,0.7630256734700795,0.44773090230651047,5.059640282331307
RXC J0032.1+1808,holdout,field_weighted__w50__f0.8,field_weighted,50.0,0.8,0.049822090891823614,0.7259093603936572,0.4549530209821049,4.194513961971593
RXC J0032.1+1808,holdout,field_weighted__w50__f1,field_weighted,50.0,1.0,0.051326038356960035,0.6843233745144286,0.4653094672510184,4.086707244635784
RXC J0032.1+1808,holdout,field_weighted__w100__f0.05,field_weighted,100.0,0.05,0.050338783881873995,0.8019003531039577,0.4466898561944805,9.435709736675687
RXC J0032.1+1808,holdout,field_weighted__w100__f0.1,field_weighted,100.0,0.1,0.05055801966465012,0.8048745528349625,0.4475683793030061,9.264488786881408
RXC J0032.1+1808,holdout,field_weighted__w100__f0.2,field_weighted,100.0,0.2,0.05112735074422595,0.806618838802418,0.45007757932319725,8.92277426030727
RXC J0032.1+1808,holdout,field_weighted__w100__f0.4,field_weighted,100.0,0.4,0.05279415795630139,0.7908626341460849,0.4580382677850115,8.242676423933412
RXC J0032.1+1808,holdout,field_weighted__w100__f0.6,field_weighted,100.0,0.6,0.05518133979585417,0.748742412782118,0.4697455941354007,7.568017323989702
RXC J0032.1+1808,holdout,field_weighted__w100__f0.8,field_weighted,100.0,0.8,0.05832055232006133,0.6858283293336132,0.48492827590460114,6.900392398988697
RXC J0032.1+1808,holdout,field_weighted__w100__f1,field_weighted,100.0,1.0,0.06226027777430434,0.6119863376910826,0.5032718782547451,6.242059096252911
RXC J0032.1+1808,holdout,tidal_weighted__w20__f0.05,tidal_weighted,20.0,0.05,0.04919885125333147,0.7975801313822367,0.4418170232313703,8.550179809607268
RXC J0032.1+1808,holdout,tidal_weighted__w20__f0.1,tidal_weighted,20.0,0.1,0.04832372621247284,0.7950723051206496,0.4381585109950875,7.496185365561673
RXC J0032.1+1808,holdout,tidal_weighted__w20__f0.2,tidal_weighted,20.0,0.2,0.04683519040776124,0.7846834185114985,0.4326647107433612,5.4041191216951665
RXC J0032.1+1808,holdout,tidal_weighted__w20__f0.4,tidal_weighted,20.0,0.4,0.04488059630015072,0.7523591396302307,0.42924257592955223,1.605301247492891
RXC J0032.1+1808,holdout,tidal_weighted__w20__f0.6,tidal_weighted,20.0,0.6,0.044279420399408694,0.7162370780849173,0.4360327423203774,3.523479767162953
RXC J0032.1+1808,holdout,tidal_weighted__w20__f0.8,tidal_weighted,20.0,0.8,0.045080382273486416,0.6825095590379495,0.4525757860038583,7.662783841704412
RXC J0032.1+1808,holdout,tidal_weighted__w20__f1,tidal_weighted,20.0,1.0,0.04742747866409402,0.6529190639376972,0.4778598728658661,11.894832142591902
RXC J0032.1+1808,holdout,tidal_weighted__w50__f0.05,tidal_weighted,50.0,0.05,0.04933766442963977,0.799890682509282,0.44268992154002373,8.83856896896727
RXC J0032.1+1808,holdout,tidal_weighted__w50__f0.1,tidal_weighted,50.0,0.1,0.048532693700375246,0.8015278767572049,0.4394338020651568,8.069992519535093
RXC J0032.1+1808,holdout,tidal_weighted__w50__f0.2,tidal_weighted,50.0,0.2,0.0469836203930192,0.8033207698754632,0.4332864974056017,6.532885711828818
RXC J0032.1+1808,holdout,tidal_weighted__w50__f0.4,tidal_weighted,50.0,0.4,0.044126786834248075,0.8023097566640778,0.4225237571295231,3.4591432039394565
RXC J0032.1+1808,holdout,tidal_weighted__w50__f0.6,tidal_weighted,50.0,0.6,0.04158996789066212,0.797191936290649,0.41393314760469085,0.3983362562408531
RXC J0032.1+1808,holdout,tidal_weighted__w50__f0.8,tidal_weighted,50.0,0.8,0.0393751226686727,0.7897132663941342,0.4076520144378661,2.693992562508147
RXC J0032.1+1808,holdout,tidal_weighted__w50__f1,tidal_weighted,50.0,1.0,0.037489873086658826,0.7810167805659605,0.4037881473084845,5.767360242502572
RXC J0032.1+1808,holdout,tidal_weighted__w100__f0.05,tidal_weighted,100.0,0.05,0.050028234529864254,0.8021262682563394,0.4452783978987144,9.176479405471344
RXC J0032.1+1808,holdout,tidal_weighted__w100__f0.1,tidal_weighted,100.0,0.1,0.04991591024199929,0.8058674283519045,0.44462215275824196,8.751670600828193
RXC J0032.1+1808,holdout,tidal_weighted__w100__f0.2,tidal_weighted,100.0,0.2,0.049758903352082454,0.8111395634284811,0.44370042007254257,7.923418901289869
RXC J0032.1+1808,holdout,tidal_weighted__w100__f0.4,tidal_weighted,100.0,0.4,0.04971701280559782,0.8123673130034605,0.44342894623895923,6.390761109129998
RXC J0032.1+1808,holdout,tidal_weighted__w100__f0.6,tidal_weighted,100.0,0.6,0.05004302506963203,0.8012391349847487,0.44525357263199444,5.145991180946168
RXC J0032.1+1808,holdout,tidal_weighted__w100__f0.8,tidal_weighted,100.0,0.8,0.05074651601924302,0.7792322912817857,0.44914875432247797,4.438328528458409
RXC J0032.1+1808,holdout,tidal_weighted__w100__f1,tidal_weighted,100.0,1.0,0.0518416091825813,0.7489363267083049,0.4550613245115766,4.527077670024097
RXC J0142.9+4438,holdout,local_control,local_control,0.0,0.0,0.019784097936163918,0.9569981165199672,0.3266457393823743,13.675663540757167
RXC J0142.9+4438,holdout,activation_only__w20__f0.05,activation_only,20.0,0.05,0.021502936996287116,0.9521697737921335,0.3415551750764507,13.894777038725852
RXC J0142.9+4438,holdout,activation_only__w20__f0.1,activation_only,20.0,0.1,0.02332479177411293,0.946069914592206,0.35671938815863297,14.114121736638225
RXC J0142.9+4438,holdout,activation_only__w20__f0.2,activation_only,20.0,0.2,0.027278473035232335,0.9290112308252183,0.3876920782367769,14.553462906561643
RXC J0142.9+4438,holdout,activation_only__w20__f0.4,activation_only,20.0,0.4,0.036458316934355285,0.8654946705463046,0.45158988831585395,15.434492414808748
RXC J0142.9+4438,holdout,activation_only__w20__f0.6,activation_only,20.0,0.6,0.04746632410003501,0.737822412101065,0.5172835568248624,16.31822888276698
RXC J0142.9+4438,holdout,activation_only__w20__f0.8,activation_only,20.0,0.8,0.06059318952374835,0.5229077468984344,0.5841675276188474,17.20425516770226
RXC J0142.9+4438,holdout,activation_only__w20__f1,activation_only,20.0,1.0,0.07639018130656826,0.2466796561287904,0.6518755201094255,18.092234856919124
RXC J0142.9+4438,holdout,activation_only__w50__f0.05,activation_only,50.0,0.05,0.0211334952425625,0.9536162443841577,0.33852584167845806,13.793113209917989
RXC J0142.9+4438,holdout,activation_only__w50__f0.1,activation_only,50.0,0.1,0.022545713108415088,0.9495950218450697,0.3505469661088065,13.910686725866725
RXC J0142.9+4438,holdout,activation_only__w50__f0.2,activation_only,50.0,0.2,0.025560004456620166,0.9392122445490649,0.37495787228119154,14.146192942919049
RXC J0142.9+4438,holdout,activation_only__w50__f0.4,activation_only,50.0,0.4,0.032365012901608134,0.9051007512867142,0.4249557029845515,14.618561045058067
RXC J0142.9+4438,holdout,activation_only__w50__f0.6,activation_only,50.0,0.6,0.040257299958463166,0.8421648372189706,0.47610846410983493,15.092595205245097
RXC J0142.9+4438,holdout,activation_only__w50__f0.8,activation_only,50.0,0.8,0.04933335566437671,0.7318763204168001,0.528080643727294,15.568143234894553
RXC J0142.9+4438,holdout,activation_only__w50__f1,activation_only,50.0,1.0,0.059739788734704924,0.556925963087716,0.5806522535445083,16.045070529184063
RXC J0142.9+4438,holdout,activation_only__w100__f0.05,activation_only,100.0,0.05,0.020945438957156122,0.9555989771860502,0.3358092135338682,13.699837243437237
RXC J0142.9+4438,holdout,activation_only__w100__f0.1,activation_only,100.0,0.1,0.022147460401511457,0.9540379559582873,0.34505455446982936,13.724440679368861
RXC J0142.9+4438,holdout,activation_only__w100__f0.2,activation_only,100.0,0.2,0.024672327839422095,0.9503432573760042,0.3637658139219897,13.774927500198963
RXC J0142.9+4438,holdout,activation_only__w100__f0.4,activation_only,100.0,0.4,0.030200858306704187,0.9398410531591055,0.40192605906678985,13.880954936973605
RXC J0142.9+4438,holdout,activation_only__w100__f0.6,activation_only,100.0,0.6,0.03636837551942165,0.9227701987425635,0.4408564480560049,13.993592114237828
RXC J0142.9+4438,holdout,activation_only__w100__f0.8,activation_only,100.0,0.8,0.04318818380631167,0.8939820867662209,0.48036977411689474,14.112680770421724
RXC J0142.9+4438,holdout,activation_only__w100__f1,activation_only,100.0,1.0,0.05068743382399285,0.8434025884730931,0.5203332520939243,14.238059023856483
RXC J0142.9+4438,holdout,field_weighted__w20__f0.05,field_weighted,20.0,0.05,0.02008012137737239,0.9528977574477525,0.331046562242781,13.976362093961443
RXC J0142.9+4438,holdout,field_weighted__w20__f0.1,field_weighted,20.0,0.1,0.02040776799087237,0.9481315069845934,0.33567598391519937,14.28088490714681
RXC J0142.9+4438,holdout,field_weighted__w20__f0.2,field_weighted,20.0,0.2,0.021158505526764324,0.9365885776243847,0.34558342444696255,14.900462515466872
RXC J0142.9+4438,holdout,field_weighted__w20__f0.4,field_weighted,20.0,0.4,0.023048410008263333,0.9056008071609393,0.36774013551068013,16.17605109535732
RXC J0142.9+4438,holdout,field_weighted__w20__f0.6,field_weighted,20.0,0.6,0.025476508369443922,0.8649355793840586,0.392571205127719,17.4913210157016
RXC J0142.9+4438,holdout,field_weighted__w20__f0.8,field_weighted,20.0,0.8,0.028481270723084963,0.8163937289149084,0.4196021147975046,18.837962434376184
RXC J0142.9+4438,holdout,field_weighted__w20__f1,field_weighted,20.0,1.0,0.032123593095086986,0.7623309450524385,0.4484352330122369,20.209705155037746
RXC J0142.9+4438,holdout,field_weighted__w50__f0.05,field_weighted,50.0,0.05,0.020061391644605076,0.9544360301202457,0.33037172464901493,13.880963526597313
RXC J0142.9+4438,holdout,field_weighted__w50__f0.1,field_weighted,50.0,0.1,0.02035162654526452,0.9516066607116677,0.3341747060509914,14.08940950635669
RXC J0142.9+4438,holdout,field_weighted__w50__f0.2,field_weighted,50.0,0.2,0.020970966813080805,0.9451206998332364,0.342001331247492,14.515195274369063
RXC J0142.9+4438,holdout,field_weighted__w50__f0.4,field_weighted,50.0,0.4,0.0223658066001847,0.9286888024765587,0.35846883728740203,15.398863628719234
RXC J0142.9+4438,holdout,field_weighted__w50__f0.6,field_weighted,50.0,0.6,0.023971083600318806,0.9074422255341198,0.3759021538246804,16.31950044849623
RXC J0142.9+4438,holdout,field_weighted__w50__f0.8,field_weighted,50.0,0.8,0.02579096748213183,0.8812995988592511,0.39417315536019415,17.271194960129293
RXC J0142.9+4438,holdout,field_weighted__w50__f1,field_weighted,50.0,1.0,0.02783150707060391,0.8503901019139657,0.4131707259425775,18.24908881130429
RXC J0142.9+4438,holdout,field_weighted__w100__f0.05,field_weighted,100.0,0.05,0.020464757501850936,0.9556800790663891,0.33242080241743965,13.768674479765279
RXC J0142.9+4438,holdout,field_weighted__w100__f0.1,field_weighted,100.0,0.1,0.021161936763412756,0.9542453369506926,0.3382319288311196,13.862630212277033
RXC J0142.9+4438,holdout,field_weighted__w100__f0.2,field_weighted,100.0,0.2,0.022605609833710873,0.9509886553837659,0.34995517458105346,14.053300068528197
RXC J0142.9+4438,holdout,field_weighted__w100__f0.4,field_weighted,100.0,0.4,0.025689144546611187,0.9426215657772764,0.373761101533789,14.44515993396445
RXC J0142.9+4438,holdout,field_weighted__w100__f0.6,field_weighted,100.0,0.6,0.029033763650385146,0.9310576788324978,0.3979744331835212,14.850117217892741
RXC J0142.9+4438,holdout,field_weighted__w100__f0.8,field_weighted,100.0,0.8,0.032641026232578835,0.9151484894157278,0.4225251348263636,15.26712973738446
RXC J0142.9+4438,holdout,field_weighted__w100__f1,field_weighted,100.0,1.0,0.0365148148289795,0.8933354248579378,0.4473576659638533,15.695236621877555
RXC J0142.9+4438,holdout,tidal_weighted__w20__f0.05,tidal_weighted,20.0,0.05,0.018709443521466536,0.9584024084968525,0.31667025326415904,13.910881461164804
RXC J0142.9+4438,holdout,tidal_weighted__w20__f0.1,tidal_weighted,20.0,0.1,0.0177109927279238,0.9592022435870293,0.3070554396820269,14.146119166751706
RXC J0142.9+4438,holdout,tidal_weighted__w20__f0.2,tidal_weighted,20.0,0.2,0.015943226251055077,0.9593384085570119,0.28905048171698,14.616650112352973
RXC J0142.9+4438,holdout,tidal_weighted__w20__f0.4,tidal_weighted,20.0,0.4,0.013338410326409696,0.9556128429374968,0.2590927608952059,15.557910625858785
RXC J0142.9+4438,holdout,tidal_weighted__w20__f0.6,tidal_weighted,20.0,0.6,0.012033723682282123,0.948944646033524,0.23965406810464193,16.49939819768526
RXC J0142.9+4438,holdout,tidal_weighted__w20__f0.8,tidal_weighted,20.0,0.8,0.01216656328255886,0.9410321907617234,0.23337785201948855,17.441076057332424
RXC J0142.9+4438,holdout,tidal_weighted__w20__f1,tidal_weighted,20.0,1.0,0.0140031284873291,0.9327797227513235,0.2412934046149586,18.38291496193793
RXC J0142.9+4438,holdout,tidal_weighted__w50__f0.05,tidal_weighted,50.0,0.05,0.019023190793058628,0.9577081924011669,0.32042182717985873,13.821764909059906
RXC J0142.9+4438,holdout,tidal_weighted__w50__f0.1,tidal_weighted,50.0,0.1,0.01828583655793897,0.9583314862577741,0.3142647150665144,13.967972321134654
RXC J0142.9+4438,holdout,tidal_weighted__w50__f0.2,tidal_weighted,50.0,0.2,0.016882785141428817,0.9593478528074468,0.30216718107492185,14.260692227706379
RXC J0142.9+4438,holdout,tidal_weighted__w50__f0.4,tidal_weighted,50.0,0.4,0.0143719008571748,0.9606343619371528,0.2789692814556149,14.84726811936429
RXC J0142.9+4438,holdout,tidal_weighted__w50__f0.6,tidal_weighted,50.0,0.6,0.012276071518273517,0.9611839851503716,0.25739852969267374,15.435214824056585
RXC J0142.9+4438,holdout,tidal_weighted__w50__f0.8,tidal_weighted,50.0,0.8,0.010631188134626074,0.9612216192593034,0.23789794995970265,16.02438145398523
RXC J0142.9+4438,holdout,tidal_weighted__w50__f1,tidal_weighted,50.0,1.0,0.009490288481550058,0.9609039390984414,0.22101618609753193,16.614638231463992
RXC J0142.9+4438,holdout,tidal_weighted__w100__f0.05,tidal_weighted,100.0,0.05,0.020016984258076076,0.9565214090986534,0.3288892639070829,13.71240494485834
RXC J0142.9+4438,holdout,tidal_weighted__w100__f0.1,tidal_weighted,100.0,0.1,0.02025465902530879,0.9559928060019872,0.3311542464047842,13.749643299941956
RXC J0142.9+4438,holdout,tidal_weighted__w100__f0.2,tidal_weighted,100.0,0.2,0.020744332031358774,0.9547728344153518,0.33574684411734224,13.825594747411225
RXC J0142.9+4438,holdout,tidal_weighted__w100__f0.4,tidal_weighted,100.0,0.4,0.021780747436855354,0.9516300119408617,0.3451708242061304,13.983283360954289
RXC J0142.9+4438,holdout,tidal_weighted__w100__f0.6,tidal_weighted,100.0,0.6,0.022893002447175046,0.9474455116550113,0.35489195919576877,14.1484700084247
RXC J0142.9+4438,holdout,tidal_weighted__w100__f0.8,tidal_weighted,100.0,0.8,0.024081054719063757,0.9420855583270149,0.36488649987464666,14.320895230371889
RXC J0142.9+4438,holdout,tidal_weighted__w100__f1,tidal_weighted,100.0,1.0,0.02534515843185764,0.9354079476796876,0.3751325940917654,14.500300804215636
RXC J0600.1-2007,holdout,local_control,local_control,0.0,0.0,0.04650815432109426,0.669411440798703,0.46539985848077897,19.418713109583216
RXC J0600.1-2007,holdout,activation_only__w20__f0.05,activation_only,20.0,0.05,0.04684119163715545,0.6685186533127014,0.4666021989959507,20.19282926643005
RXC J0600.1-2007,holdout,activation_only__w20__f0.1,activation_only,20.0,0.1,0.04726013937317457,0.6670240510430234,0.468363013140822,20.9681794240738
RXC J0600.1-2007,holdout,activation_only__w20__f0.2,activation_only,20.0,0.2,0.048352255550350824,0.6617677937873151,0.4735331671900417,22.522071760660452
RXC J0600.1-2007,holdout,activation_only__w20__f0.4,activation_only,20.0,0.4,0.051546053179596124,0.6380210078227637,0.49018542488448225,25.639913571804556
RXC J0600.1-2007,holdout,activation_only__w20__f0.6,activation_only,20.0,0.6,0.05611499314756993,0.5866427847637773,0.5145301733566016,28.767529848149067
RXC J0600.1-2007,holdout,activation_only__w20__f0.8,activation_only,20.0,0.8,0.06216565371948021,0.4966177797170045,0.5455385467633006,31.902045908937623
RXC J0600.1-2007,holdout,activation_only__w20__f1,activation_only,20.0,1.0,0.06991843937543428,0.3691310949472832,0.5821466919084047,35.04161021992306
RXC J0600.1-2007,holdout,activation_only__w50__f0.05,activation_only,50.0,0.05,0.04672790615357836,0.6694199105091236,0.4659947960940844,20.13098470104316
RXC J0600.1-2007,holdout,activation_only__w50__f0.1,activation_only,50.0,0.1,0.04699834761509459,0.6691879152650695,0.466923549146037,20.844433414391336
RXC J0600.1-2007,holdout,activation_only__w50__f0.2,activation_only,50.0,0.2,0.04768971322550723,0.6678361329305941,0.4697738705062671,22.274409586560793
RXC J0600.1-2007,holdout,activation_only__w50__f0.4,activation_only,50.0,0.4,0.04966809237621471,0.6600508407149133,0.47934874080085854,25.144223116654896
RXC J0600.1-2007,holdout,activation_only__w50__f0.6,activation_only,50.0,0.6,0.05244055518864204,0.6413704760786647,0.49382203875963027,28.02381701273258
RXC J0600.1-2007,holdout,activation_only__w50__f0.8,activation_only,50.0,0.8,0.056024736317771384,0.604785848147164,0.5127791545904401,30.910458002088006
RXC J0600.1-2007,holdout,activation_only__w50__f1,activation_only,50.0,1.0,0.060459941279467785,0.5419471973685508,0.5357443248049154,33.80234071698722
RXC J0600.1-2007,holdout,activation_only__w100__f0.05,activation_only,100.0,0.05,0.04678585751660934,0.6693173120217597,0.46601445396651087,20.01931792792737
RXC J0600.1-2007,holdout,activation_only__w100__f0.1,activation_only,100.0,0.1,0.047103638609429524,0.669137222551602,0.4668695712949667,20.62067367421395
RXC J0600.1-2007,holdout,activation_only__w100__f0.2,activation_only,100.0,0.2,0.04785682736684946,0.6684637130295263,0.4692957425579531,21.825389590381544
RXC J0600.1-2007,holdout,activation_only__w100__f0.4,activation_only,100.0,0.4,0.04981993664643587,0.6653399628006854,0.47695332676347174,24.241443416210288
RXC J0600.1-2007,holdout,activation_only__w100__f0.6,activation_only,100.0,0.6,0.05237535350955902,0.6583298656425153,0.4881956309279061,26.66432566596169
RXC J0600.1-2007,holdout,activation_only__w100__f0.8,activation_only,100.0,0.8,0.05551509555297257,0.6443345385826595,0.5027822475208136,29.09233032483482
RXC J0600.1-2007,holdout,activation_only__w100__f1,activation_only,100.0,1.0,0.05924294049436033,0.6177788292184551,0.5204320503252041,31.524273828716805
RXC J0600.1-2007,holdout,field_weighted__w20__f0.05,field_weighted,20.0,0.05,0.04641549824523769,0.6680794131410742,0.4660340049882893,19.809288554968006
RXC J0600.1-2007,holdout,field_weighted__w20__f0.1,field_weighted,20.0,0.1,0.04635265063292672,0.6663419478444742,0.4668886373417842,20.19991717107451
RXC J0600.1-2007,holdout,field_weighted__w20__f0.2,field_weighted,20.0,0.2,0.04631603528163081,0.6617137978651224,0.4692542300838611,20.981322035913898
RXC J0600.1-2007,holdout,field_weighted__w20__f0.4,field_weighted,20.0,0.4,0.046598874786450376,0.6483642180018886,0.4765587918614305,22.54465065152003
RXC J0600.1-2007,holdout,field_weighted__w20__f0.6,field_weighted,20.0,0.6,0.047361865247554744,0.6306625412201705,0.48715836975301574,24.108558951239253
RXC J0600.1-2007,holdout,field_weighted__w20__f0.8,field_weighted,20.0,0.8,0.04862142353971691,0.6099616288986569,0.5008438058033328,25.672940998132013
RXC J0600.1-2007,holdout,field_weighted__w20__f1,field_weighted,20.0,1.0,0.05040817349225981,0.5874895330378759,0.5173702773390425,27.237715164156953
RXC J0600.1-2007,holdout,field_weighted__w50__f0.05,field_weighted,50.0,0.05,0.04637777774513393,0.6695873871905283,0.46529896270185184,19.774018907941997
RXC J0600.1-2007,holdout,field_weighted__w50__f0.1,field_weighted,50.0,0.1,0.046256101458048725,0.6696578809961767,0.4652514055743716,20.129356320314965
RXC J0600.1-2007,holdout,field_weighted__w50__f0.2,field_weighted,50.0,0.2,0.046038883572660096,0.6694838605428004,0.46531635434831176,20.840119518490784
RXC J0600.1-2007,holdout,field_weighted__w50__f0.4,field_weighted,50.0,0.4,0.04570946896733301,0.6678933450237775,0.4660858069651782,22.261959904851707
RXC J0600.1-2007,holdout,field_weighted__w50__f0.6,field_weighted,50.0,0.6,0.0455217027965383,0.6646997856214624,0.46770400657366856,23.684156109371063
RXC J0600.1-2007,holdout,field_weighted__w50__f0.8,field_weighted,50.0,0.8,0.04547875998238299,0.6599953311175891,0.4701621896282667,25.106647664881375
RXC J0600.1-2007,holdout,field_weighted__w50__f1,field_weighted,50.0,1.0,0.04558555682594838,0.6538988536739363,0.4734472724890634,26.529387061737573
RXC J0600.1-2007,holdout,field_weighted__w100__f0.05,field_weighted,100.0,0.05,0.046583141418673715,0.6696994533352059,0.4655258733025243,19.749351683525965
RXC J0600.1-2007,holdout,field_weighted__w100__f0.1,field_weighted,100.0,0.1,0.0466720551922072,0.6699528757281678,0.4657308975732568,20.07999901593412
RXC J0600.1-2007,holdout,field_weighted__w100__f0.2,field_weighted,100.0,0.2,0.046890965033421175,0.6703427859716641,0.4663775175064858,20.741318280662906
RXC J0600.1-2007,holdout,field_weighted__w100__f0.4,field_weighted,100.0,0.4,0.04748893552517617,0.670547323064069,0.46861163685906343,22.06404488701383
RXC J0600.1-2007,holdout,field_weighted__w100__f0.6,field_weighted,100.0,0.6,0.048294061884668185,0.66973186241634,0.47208437843947326,23.386872324051456
RXC J0600.1-2007,holdout,field_weighted__w100__f0.8,field_weighted,100.0,0.8,0.04930071959358055,0.6675020071242812,0.4767686769661695,24.709784398002185
RXC J0600.1-2007,holdout,field_weighted__w100__f1,field_weighted,100.0,1.0,0.05050522618026877,0.6633317782026554,0.4826292563740769,26.0327682058392
RXC J0600.1-2007,holdout,tidal_weighted__w20__f0.05,tidal_weighted,20.0,0.05,0.04639221431956373,0.6668599214851639,0.4663884738984528,19.86777901222466
RXC J0600.1-2007,holdout,tidal_weighted__w20__f0.1,tidal_weighted,20.0,0.1,0.046373463941246945,0.6636380935134674,0.46814182401437976,20.319039637427295
RXC J0600.1-2007,holdout,tidal_weighted__w20__f0.2,tidal_weighted,20.0,0.2,0.04662367580738725,0.6557102111008171,0.473905075398258,21.227584511483116
RXC J0600.1-2007,holdout,tidal_weighted__w20__f0.4,tidal_weighted,20.0,0.4,0.04826654170961768,0.6366458091787746,0.49401727562816555,23.065436205525522
RXC J0600.1-2007,holdout,tidal_weighted__w20__f0.6,tidal_weighted,20.0,0.6,0.05146357719955308,0.6165558686099749,0.5244026817880207,24.925858627323944
RXC J0600.1-2007,holdout,tidal_weighted__w20__f0.8,tidal_weighted,20.0,0.8,0.05633170580508458,0.5973922820542109,0.5634015731522306,26.80415242209061
RXC J0600.1-2007,holdout,tidal_weighted__w20__f1,tidal_weighted,20.0,1.0,0.06311909992483038,0.5798848021085263,0.6093624114686556,28.696808596482576
RXC J0600.1-2007,holdout,tidal_weighted__w50__f0.05,tidal_weighted,50.0,0.05,0.04641866638718194,0.6681637815173439,0.46577917341722186,19.84297901248477
RXC J0600.1-2007,holdout,tidal_weighted__w50__f0.1,tidal_weighted,50.0,0.1,0.04635974126225531,0.666813465687546,0.46636363346626086,20.269826216457034
RXC J0600.1-2007,holdout,tidal_weighted__w50__f0.2,tidal_weighted,50.0,0.2,0.04633427395692889,0.6638615666974635,0.46814464583829357,21.130637871343616
RXC J0600.1-2007,holdout,tidal_weighted__w50__f0.4,tidal_weighted,50.0,0.4,0.0466595681771747,0.6572729337120955,0.47411731926320916,22.876965682388636
RXC J0600.1-2007,holdout,tidal_weighted__w50__f0.6,tidal_weighted,50.0,0.6,0.04750464045082753,0.6502212422289191,0.4831981966737258,24.650385895200138
RXC J0600.1-2007,holdout,tidal_weighted__w50__f0.8,tidal_weighted,50.0,0.8,0.04890111148333845,0.6430655020534951,0.49521632036645147,26.44544865751324
RXC J0600.1-2007,holdout,tidal_weighted__w50__f1,tidal_weighted,50.0,1.0,0.05089543446170987,0.6360230079465717,0.5099640698039161,28.2580298070806
RXC J0600.1-2007,holdout,tidal_weighted__w100__f0.05,tidal_weighted,100.0,0.05,0.04663527781462426,0.6688829888600881,0.46579710086706994,19.797628900441385
RXC J0600.1-2007,holdout,tidal_weighted__w100__f0.1,tidal_weighted,100.0,0.1,0.04676769751839189,0.6683025861222105,0.4662283069018551,20.178063590600466
RXC J0600.1-2007,holdout,tidal_weighted__w100__f0.2,tidal_weighted,100.0,0.2,0.04704834713537296,0.6669794089638932,0.46719222633929947,20.943158249369844
RXC J0600.1-2007,holdout,tidal_weighted__w100__f0.4,tidal_weighted,100.0,0.4,0.047672421609536345,0.6636367557633597,0.4695230235893136,22.48823067996255
RXC J0600.1-2007,holdout,tidal_weighted__w100__f0.6,tidal_weighted,100.0,0.6,0.048379519095519574,0.6592741146851111,0.47238428028425006,24.049955172588323
RXC J0600.1-2007,holdout,tidal_weighted__w100__f0.8,tidal_weighted,100.0,0.8,0.04916913500575301,0.6537794572030439,0.47576642597972857,25.625287345179505
RXC J0600.1-2007,holdout,tidal_weighted__w100__f1,tidal_weighted,100.0,1.0,0.05004110806772549,0.6470410511812186,0.4796584421961299,27.211863998516428
