bin_id,pixels,science_counts,scaled_background_counts,background_variance,net_counts,signal_to_noise,source_fraction,valid,gate_target_signal_to_noise,gate_minimum_net_counts,gate_minimum_source_fraction
0,35,1652.0,8.88314509,0.4356483071065041,1643.11685491,40.420918027500974,0.9946227935290557,True,True,True,True
1,37,1628.0,8.579292895999998,0.416939769378085,1619.420707104,40.13071360398532,0.9947301640687961,True,True,True,True
2,38,1631.0,10.866126531,0.5282450117727191,1620.133873469,40.11008699402953,0.9933377519736358,True,True,True,True
3,47,1645.0,9.685615694999997,0.45747087111450435,1635.314384305,40.31418885113204,0.9941120877234042,True,True,True,True
4,42,1688.0,11.910136067999998,0.5916317875113372,1676.089863932,40.78824162654825,0.9929442321872038,True,True,True,True
5,40,1657.0,12.991314064,0.6517962435292403,1644.008685936,40.37917611419316,0.992159738042245,True,True,True,True
6,40,1635.0,12.440965696,0.6106388420017916,1622.559034304,40.11996481846534,0.9923908466691131,True,True,True,True
7,42,1675.0,13.260282608,0.6471869173465219,1661.739717392,40.594921807119725,0.9920834133683583,True,True,True,True
8,42,1662.0,13.377106816,0.6783535405057355,1648.622893184,40.43125339062358,0.9919511992683514,True,True,True,True
9,53,1952.0,14.318982945999997,0.6888500268385284,1937.681017054,43.849612657181325,0.9926644554579918,True,True,True,True
10,42,1637.0,13.929061525,0.6969862158789185,1623.070938475,40.10705067647829,0.9914911047495418,True,True,True,True
11,49,1654.0,10.126511373000001,0.498106659772786,1643.873488627,40.41431798556723,0.9938775626523578,True,True,True,True
12,43,1656.0,14.649683659999999,0.7447133980008565,1641.35031634,40.324917400092076,0.9911535726690822,True,True,True,True
13,59,2246.0,20.369389167,1.0268724033416585,2225.630610833,46.95144390908524,0.990930815152716,True,True,True,True
14,52,1716.0,15.141520361,0.7536833917127672,1700.858479639,41.05009680322115,0.9911762701858975,True,True,True,True
15,11736,7016.0,3579.1298174880003,179.25935938088043,3436.8701825119997,40.51724446036362,0.4898617705974914,False,True,True,False
16,48,1666.0,14.541273746,0.7164773154065383,1651.458726254,40.45170763266585,0.9912717444501802,True,True,True,True
17,46,1638.0,14.155611494999999,0.717388348251601,1623.844388505,40.11366819446743,0.991357990540293,True,True,True,True
18,45,1658.0,14.264108041,0.7294245956289735,1643.735891959,40.35935936522093,0.9913967985277442,True,True,True,True
19,46,1658.0,13.933603817999998,0.7006850871981146,1644.066396182,40.367824090956276,0.9915961376248492,True,True,True,True
20,47,1697.0,14.520412552999996,0.7071358212995437,1682.479587447,40.83367020299439,0.9914434811119623,True,True,True,True
21,46,1678.0,13.789476747999998,0.6887915342846387,1664.210523252,40.61843333253153,0.9917821950250298,True,True,True,True
22,46,1664.0,17.023295813000004,0.8642053081841758,1646.976704187,40.36435789812286,0.9897696539585337,True,True,True,True
23,46,1653.0,16.134436329,0.8005245272153991,1636.865563671,40.25051573904663,0.9902393004664247,True,True,True,True
24,16902,10004.0,5013.257742666,247.57362690797166,4990.742257334,49.29125480389101,0.4988746758630548,False,True,True,False
25,47,1657.0,14.504215644000002,0.7305168106141994,1642.495784356,40.3410592427817,0.9912467014821967,True,True,True,True
26,46,1629.0,14.023144024999999,0.6869739385040777,1614.976855975,40.00499364605758,0.9913915629066913,True,True,True,True
27,45,1667.0,14.684237500999998,0.7255894700418022,1652.315762499,40.4604538126069,0.9911912192555489,True,True,True,True
28,11533,7007.0,3122.2844803010003,151.98819927673472,3884.7155196989997,45.91275964339192,0.5544049550019979,False,True,True,False
29,47,1649.0,14.479692417000003,0.7340599380582564,1634.520307583,40.24235151646499,0.9912191070848999,True,True,True,True
30,51,1690.0,15.002313236,0.7363783463349733,1674.997686764,40.73580124639805,0.9911228915763314,True,True,True,True
31,50,1655.0,12.501413577,0.5965532204999872,1642.498586423,40.367118325841055,0.99244627578429,True,True,True,True
32,50,1762.0,14.647603122000001,0.7529140163752949,1747.352396878,41.618342450591996,0.9916869448796822,True,True,True,True
33,16727,9311.0,4917.487455828,242.49959745144724,4393.512544172,44.95009623843905,0.47186258663645153,False,True,True,False
34,49,1641.0,16.749887578,0.8223486766185122,1624.250112422,40.08573249669012,0.9897928777708714,True,True,True,True
35,48,1645.0,13.843380405,0.7058636701549021,1631.156619595,40.20865580299638,0.9915845711823708,True,True,True,True
36,48,1647.0,12.158682062,0.6184546072297588,1634.841317938,40.276088028052975,0.9926176793794779,True,True,True,True
37,79,2269.0,18.895118247999996,0.909986215143659,2250.104881752,47.22787924568869,0.9916724908558836,True,True,True,True
38,7879,5789.0,2330.786375219,114.70561153410861,3458.213624781,45.0079747197781,0.5973766841908792,False,True,True,False
39,52,1676.0,17.361009018,0.8579340985901619,1658.638990982,40.5045428982558,0.9896414027338902,True,True,True,True
40,5483,4649.0,1622.889847187,81.94744893500616,3026.1101528130002,43.995744438191494,0.6509163589617123,False,True,True,False
41,52,1666.0,18.475039400000004,0.9322809668955744,1647.5249606,40.35273956838615,0.9889105405762305,True,True,True,True
42,53,1655.0,16.836626285999998,0.8305946934482699,1638.163373714,40.25772791326663,0.9898268119117825,True,True,True,True
43,49,1660.0,14.950969235,0.7451913752896371,1645.049030765,40.367080881523925,0.9909933920271085,True,True,True,True
44,53,1678.0,16.932956337,0.8434794665151554,1661.067043663,40.53984254615644,0.9899088460446961,True,True,True,True
45,51,1637.0,15.493045371000001,0.786757258412488,1621.506954629,40.067305565114246,0.9905357083866829,True,True,True,True
46,54,1638.0,15.953408421999999,0.8060923735194071,1622.046591578,40.068172960306214,0.9902604344188034,True,True,True,True
47,49,1632.0,15.459866590999999,0.7817037719189757,1616.540133409,40.0057510970445,0.9905270425300244,True,True,True,True
48,3824,3572.0,1161.729347478,58.66649071142525,2410.270652522,40.00116448435894,0.6747678198549832,False,True,True,False
49,52,1682.0,15.252224993999999,0.7848473603332535,1666.747775006,40.63082004115112,0.9909320897776457,True,True,True,True
50,70,1620.0,9.179685534,0.42653810916382906,1610.820314466,40.01588482719436,0.9943335274481481,True,True,True,True
51,55,1635.0,15.861300406000003,0.8184905781443572,1619.138699594,40.032848834539045,0.9902988988342507,True,True,True,True
52,55,1643.0,16.738773084,0.8304985408279968,1626.261226916,40.110843119867305,0.9898120675082166,True,True,True,True
53,58,1654.0,20.815801411000002,1.035450193788218,1633.184198589,40.14500525175657,0.9874148721819831,True,True,True,True
54,63,1863.0,18.346796491999996,0.909891777257378,1844.653203508,42.72698752132527,0.990152014765432,True,True,True,True
55,63,1876.0,19.438881178000003,0.9706351033396048,1856.561118822,42.85292905295913,0.9896381230394456,True,True,True,True
56,57,1650.0,14.509936775000002,0.6945508489302437,1635.490063225,40.25451059924819,0.9912060989242425,True,True,True,True
57,8969,6302.0,2592.2290004720003,128.18920722764923,3709.7709995279997,46.263152747290164,0.5886656616198032,False,True,True,False
58,4473,3981.0,1372.273986208,68.31114465284568,2608.7260137920002,40.99566112482893,0.6552941506636524,False,True,True,False
59,62,1632.0,14.336076671999999,0.6935388834814158,1617.663923328,40.034643267617824,0.9912156392941176,True,True,True,True
60,57,1683.0,18.754185073,0.9200137200403019,1664.245814927,40.556152197041044,0.9888566933612597,True,True,True,True
61,60,1663.0,20.289524831,0.9912280501475539,1642.710475169,40.27035983748878,0.9877994438779314,True,True,True,True
62,56,1641.0,18.809894092,0.9552113902343536,1622.190105908,40.033272708100235,0.9885375416867764,True,True,True,True
63,68,1649.0,20.246872325,0.9925005645237962,1628.753127675,40.09722130784607,0.9877217269102487,True,True,True,True
64,109,2567.0,21.483126754999994,1.0301838659623965,2545.516873245,50.23147351482453,0.9916310374931828,True,True,True,True
65,57,1641.0,17.730133816,0.9033210122131287,1623.269866184,40.06055262590153,0.9891955308860451,True,True,True,True
66,95,1662.0,25.917388266000003,1.2698927041687194,1636.082611734,40.11657669114693,0.9844059035703971,True,True,True,True
67,60,1672.0,19.709731204000004,0.983055287919977,1652.290268796,40.39620560353957,0.9882118832511961,True,True,True,True
68,7234,5391.0,2072.3380448860003,102.39754622739146,3318.6619551139997,44.775712159888705,0.6155930170866258,False,True,True,False
69,56,1646.0,15.739602498,0.800983832759477,1630.260397502,40.173199349790465,0.9904376655540704,True,True,True,True
70,64,1773.0,20.617887779,1.040607187165834,1752.382112221,41.6051443508884,0.9883711856858431,True,True,True,True
71,8936,6726.0,2783.934764487,139.27963984473655,3942.065235513,47.57674115676197,0.5860935527078501,False,True,True,False
72,61,1665.0,19.682810348999997,1.0146340988430333,1645.317189651,40.30976155129025,0.9881784922828829,True,True,True,True
73,62,1657.0,20.828426021000002,1.0431378821998059,1636.171573979,40.181942736198785,0.9874300386113458,True,True,True,True
74,59,1638.0,17.148140259999998,0.8531451626351083,1620.85185974,40.03808564082122,0.9895310499023199,True,True,True,True
75,2193,2853.0,684.964661439,34.403481003169944,2168.035338561,40.34712733944636,0.7599142441503681,False,True,True,False
76,67,1920.0,21.59496051,1.076529421024245,1898.40503949,43.31282842333706,0.988752624734375,True,True,True,True
77,64,1663.0,20.725964521,1.0321175291088722,1642.274035479,40.25916605723814,0.9875370026933253,True,True,True,True
78,60,1647.0,20.767099046000002,1.047358436956361,1626.232900954,40.05879668160557,0.9873909538275653,True,True,True,True
79,66,1769.0,19.301117181,0.9997064599725218,1749.698882819,41.5888314012142,0.9890892497563595,True,True,True,True
80,61,1649.0,21.86907137,1.095161185243267,1627.13092863,40.05603933648169,0.986737979763493,True,True,True,True
81,59,1656.0,18.71789083,0.9655216528314806,1637.28210917,40.222288842557454,0.9886969258272947,True,True,True,True
82,75,1917.0,19.81544494,1.0084499974524341,1897.18455506,43.319588478977984,0.9896633046739698,True,True,True,True
83,5174,5141.0,1561.1472580710001,79.02796318818645,3579.852741929,49.54829874659934,0.69633393151702,False,True,True,False
84,2227,2730.0,626.8365373089999,31.978380803047017,2103.163462691,40.01869211088312,0.7703895467732601,False,True,True,False
85,3336,3795.0,985.13661544,49.00640523489139,2809.8633845599998,45.32033941182903,0.7404119590408431,False,True,True,False
86,1768,2629.0,527.034205099,26.46301326672635,2101.9657949009998,40.79017007926243,0.7995305419935336,False,True,True,False
87,62,1664.0,20.809813218000002,1.0523242170157188,1643.190186782,40.269282328059866,0.9874941026334134,True,True,True,True
88,62,1658.0,20.960197628,1.0489914927750312,1637.039802372,40.1910760045928,0.9873581437708082,True,True,True,True
89,75,1650.0,17.216997024999998,0.8607643503308409,1632.783002975,40.18585823696459,0.9895654563484849,True,True,True,True
90,65,1663.0,20.042006564,1.0160085331576811,1642.957993436,40.2761277453482,0.9879482822826218,True,True,True,True
91,63,1684.0,21.288285091999995,1.076002202452524,1662.711714908,40.50486694071429,0.9873585005391924,True,True,True,True
92,74,1691.0,24.463408941999997,1.2052834991083778,1666.536591058,40.51243341750284,0.9855331703477233,True,True,True,True
93,3128,3201.0,921.689762389,45.52655754969584,2279.310237611,40.00312886480969,0.7120619299003437,False,True,True,False
94,63,1645.0,20.077442941999998,1.0166031750134497,1624.922557058,40.0512026728542,0.9877948675124619,True,True,True,True
95,66,1645.0,19.045034770999997,0.9270603360289149,1625.954965229,40.07773966397996,0.9884224712638298,True,True,True,True
96,66,1668.0,19.877060888000003,0.9780863254431689,1648.122939112,40.342637404896195,0.9880832968297363,True,True,True,True
97,67,1649.0,21.578280019,1.0569235087623634,1627.421719981,40.06366211881542,0.9869143238211037,True,True,True,True
98,67,1689.0,18.260213826,0.9128426570470027,1670.739786174,40.64214880279864,0.9891887425541741,True,True,True,True
99,77,1783.0,25.991874791999997,1.3086713898633515,1757.008125208,41.59477475504145,0.9854223921525518,True,True,True,True
100,1406,2376.0,416.73225562600004,20.726261670468908,1959.267744374,40.02068993839614,0.8246076365210437,True,True,True,True
101,1606,2540.0,504.62654320400003,25.428949429959843,2035.373456796,40.18501280065412,0.8013281325968504,True,True,True,True
102,72,1729.0,21.70973707,1.1300295314000697,1707.29026293,41.04573069532276,0.9874437610931174,True,True,True,True
103,69,1648.0,16.722100631,0.8335703685239026,1631.277899369,40.17348814016412,0.9898530942773057,True,True,True,True
104,2287,2911.0,737.5072262040001,37.057545496164835,2173.4927737959997,40.030426965580105,0.7466481531418755,False,True,True,False
105,66,1687.0,23.629916507,1.1829016281453544,1663.370083493,40.48360115867843,0.9859929362732662,True,True,True,True
106,2361,2772.0,652.023866397,32.24846679523447,2119.976133603,40.03342307053103,0.7647821549794372,False,True,True,False
107,72,1789.0,20.876764809,1.012466987933021,1768.123235191,41.79116744782243,0.9883304836171045,True,True,True,True
108,67,1669.0,22.379649655,1.0997736127815592,1646.620350345,40.292319579874594,0.9865909828310365,True,True,True,True
109,70,1731.0,19.181672252000006,1.022900723191718,1711.818327748,41.13209753040351,0.9889187335343732,True,True,True,True
110,75,1674.0,25.695078588999998,1.2853483835690676,1648.304921411,40.27106918760962,0.9846504906875746,True,True,True,True
111,118,1665.0,29.416651935000004,1.4234666290345106,1635.5833480649999,40.06636969495484,0.9823323411801801,True,True,True,True
112,73,1678.0,23.167769050999997,1.163261451589809,1654.832230949,40.383830383262136,0.9861932246418355,True,True,True,True
113,68,1674.0,22.136383059,1.1480718774685625,1651.863616941,40.35966816628705,0.9867763542060931,True,True,True,True
114,76,1821.0,25.707151425999996,1.2985774417437468,1795.292848574,42.0557645715794,0.9858829481460736,True,True,True,True
115,1253,2334.0,390.193903644,19.52391598282469,1943.8060963560001,40.06762790178289,0.8328218064935733,True,True,True,True
116,67,1664.0,23.400924086000003,1.1721257930953977,1640.599075914,40.204336234774324,0.9859369446598557,True,True,True,True
117,1821,2505.0,492.177726068,24.00940659810845,2012.822273932,40.024895559970524,0.8035218658411177,True,True,True,True
118,82,1811.0,27.934079345,1.4328773690953258,1783.065920655,41.88286998846979,0.9845753289094422,True,True,True,True
119,72,1650.0,24.45065255,1.224144283594902,1625.54934745,40.003421937049495,0.9851814226969696,True,True,True,True
120,1326,2290.0,368.13080944,18.202549415682803,1921.8691905599999,40.00247536993321,0.8392441880174671,True,True,True,True
121,70,1696.0,24.634746251000003,1.2580126304047565,1671.365253749,40.56929264235357,0.9854747958425707,True,True,True,True
122,77,1653.0,21.612855932000006,1.1100426663428933,1631.387144068,40.11204800643684,0.986925072031458,True,True,True,True
123,93,1974.0,28.725858605999996,1.460710408563916,1945.274141394,43.76698352095762,0.9854478933100304,True,True,True,True
124,73,1666.0,22.635347112,1.1499930243399774,1643.364652888,40.248213125375905,0.9864133570756302,True,True,True,True
125,111,2368.0,35.078245800000005,1.7540219877041197,2332.9217542,47.92350109937147,0.9851865516047298,True,True,True,True
126,76,1793.0,25.038489932,1.254377287396077,1767.961510068,41.73791964779354,0.9860354211199108,True,True,True,True
127,100,2301.0,30.290777243999997,1.5591008319396429,2270.709222756,47.32124157684696,0.9868358204067798,True,True,True,True
128,88,1674.0,30.162884868000003,1.5202829833472475,1643.837115132,40.159096834649965,0.9819815502580646,True,True,True,True
129,96,2139.0,33.431936183999994,1.6945074695528208,2105.568063816,45.50843884917551,0.9843702963141656,True,True,True,True
130,80,1701.0,24.782449015,1.2440829229493602,1676.217550985,40.62744088412614,0.985430659015285,True,True,True,True
131,98,2206.0,32.83508536,1.6444088248539452,2173.16491464,46.2517451461446,0.9851155551405258,True,True,True,True
132,1890,2617.0,559.624646942,28.29823071914892,2057.3753530579997,40.00149401073069,0.7861579492006113,False,True,True,False
133,76,1740.0,24.648771437,1.2325068549237956,1715.351228563,41.107841631749295,0.9858340394040229,True,True,True,True
134,136,1694.0,41.651110597,2.0212721502132633,1652.348889403,40.12232628179128,0.9754125675342384,True,True,True,True
135,1102,2289.0,342.98862120999996,17.172156739792143,1946.01137879,40.5228062529486,0.8501578762734818,True,True,True,True
136,1854,2619.0,560.973205206,28.014758569434147,2058.026794794,40.00118374231311,0.7858063363092784,False,True,True,False
137,1180,2262.0,352.31644079500006,17.35227495024466,1909.683559205,39.99960326458706,0.8442456053072502,False,False,True,True
138,74,1649.0,22.7229015,1.1178109508044725,1626.2770985,40.03474533354976,0.986220193147362,True,True,True,True
139,78,1640.0,17.710155831,0.9325323178813133,1622.289844169,40.048207902597696,0.9892011244932927,True,True,True,True
140,79,1666.0,26.615464539000005,1.3274543948113307,1639.384535461,40.14859791936483,0.9840243310090037,True,True,True,True
141,93,2054.0,28.860702520999997,1.489770979643697,2025.139297479,44.668075467289675,0.9859490250628044,True,True,True,True
142,77,1737.0,26.587526304,1.3337640781882705,1710.412473696,41.023647544631125,0.9846934218169258,True,True,True,True
143,79,1682.0,25.11838003,1.2444560696175806,1656.88161997,40.38479511448686,0.9850663614565993,True,True,True,True
144,1361,2398.0,429.916817868,21.61755135702912,1968.083182132,40.01014148269838,0.820718591381151,True,True,True,True
145,1158,2268.0,354.914207371,17.85292825206276,1913.085792629,40.01384672682534,0.8435122542455908,True,True,True,True
146,2933,3211.0,927.420772717,46.659839010808874,2283.579227283,40.009508552343554,0.7111738484219869,False,True,True,False
147,116,1942.0,17.2475985,0.8310673630198369,1924.7524015,43.66740161056087,0.9911186413491245,True,True,True,True
148,79,1718.0,27.473503298000004,1.38004794765848,1690.526496702,40.76956153247514,0.9840084381268918,True,True,True,True
149,2286,2933.0,751.991747929,37.88682224769473,2181.0082520710002,40.01421074014018,0.7436100416198432,False,True,True,False
150,103,1953.0,33.97319514299999,1.707915495382999,1919.0268048570001,43.40503444166444,0.9826046107818741,True,True,True,True
151,81,1734.0,25.980534149,1.2695748239057398,1708.019465851,41.002405828509346,0.9850169929936563,True,True,True,True
152,84,1813.0,27.761163757000006,1.3781942587144962,1785.238836243,41.91142402079932,0.984687719935466,True,True,True,True
153,80,1759.0,26.123052091,1.3120064253431831,1732.876947909,41.30217275237318,0.985148918652075,True,True,True,True
154,1314,2292.0,369.06722288900005,18.224762888856826,1922.932777111,40.00709199647306,0.8389759062438917,True,True,True,True
155,999,2234.0,311.03893028699997,15.554679931583932,1922.9610697130001,40.543591273797986,0.8607703982600717,True,True,True,True
156,90,1892.0,26.918519036,1.3742694535513655,1865.081480964,42.862704920000716,0.9857724529408034,True,True,True,True
157,1886,2682.0,597.2677593870001,30.046305609576372,2084.7322406129997,40.031487926185214,0.7773050859854586,False,True,True,False
158,1775,2644.0,575.350919124,28.866104392099484,2068.649080876,40.01273361292623,0.7823937522223903,False,True,True,False
159,1186,2303.0,375.177447059,18.82915435021672,1927.8225529410001,40.008468442627425,0.8370918597225359,True,True,True,True
160,1001,2207.0,320.038258503,16.114273250619423,1886.961741497,40.020471535387976,0.854989461484821,True,True,True,True
161,80,1663.0,22.247590504999998,1.1181794609073548,1640.752409495,40.220824416128714,0.9866220141280817,True,True,True,True
162,910,2144.0,282.291913313,14.045619320975621,1861.708086687,40.07571455851769,0.86833399565625,True,True,True,True
163,113,2298.0,37.865538243,1.8966976505464086,2260.134461757,47.128119667944915,0.9835223941501304,True,True,True,True
164,89,1667.0,28.375915567,1.4154295389061071,1638.624084433,40.116887911622435,0.9829778550887822,True,True,True,True
165,817,2095.0,252.30842147700002,12.520430494325943,1842.6915785229999,40.13901902137031,0.8795663859298328,True,True,True,True
166,82,1745.0,24.764288963,1.2202458064616917,1720.235711037,41.165979129793946,0.9858084303936964,True,True,True,True
167,984,2134.0,273.018133216,13.438147612170638,1860.981866784,40.158900101289674,0.8720627304517338,True,True,True,True
168,80,1686.0,26.457970084000003,1.3028044513576877,1659.542029916,40.40096529191465,0.9843072538054567,True,True,True,True
169,136,2675.0,46.40029947000001,2.3069786255506886,2628.59970053,50.801363528340595,0.9826540936560748,True,True,True,True
170,886,2127.0,274.134883338,13.791445483975771,1852.865116662,40.04576779004636,0.8711166509929478,True,True,True,True
171,834,2265.0,266.346517909,13.383607994068116,1998.6534820910001,41.87203620781671,0.8824077183624724,True,True,True,True
172,750,2056.0,236.75378278,11.872944354342653,1819.24621722,40.00640756849147,0.8848473819163425,True,True,True,True
173,82,1654.0,24.405130694000004,1.1897553878520384,1629.594869306,40.0549094065804,0.9852447819262394,True,True,True,True
174,92,1900.0,30.299106568,1.528486437007885,1869.700893432,42.876637315502045,0.9840531018063158,True,True,True,True
175,83,1766.0,29.191141179000002,1.4759900999782067,1736.808858821,41.31190902097503,0.9834704749835788,True,True,True,True
176,971,2190.0,308.006343621,15.438943015722543,1881.993656379,40.07473283548712,0.8593578339630137,True,True,True,True
177,712,2043.0,229.697077796,11.501335663361251,1813.302922204,40.0052646209942,0.8875687333352912,True,True,True,True
178,698,2007.0,209.84512905600002,10.428609821723414,1797.1548709439999,40.011645894285564,0.8954433836292974,True,True,True,True
179,721,2024.0,219.01874485899998,10.872567288619031,1804.981255141,40.01327395903602,0.8917891576783596,True,True,True,True
180,132,2546.0,44.291891304,2.2253531720251956,2501.708108696,49.55845059517516,0.9826033419858602,True,True,True,True
181,816,2100.0,260.51738634500003,13.072243762407638,1839.482613655,40.01644598524627,0.8759441017404762,True,True,True,True
182,87,1697.0,22.006029857999998,1.119980721598192,1674.993970142,40.64705282509156,0.9870323925409547,True,True,True,True
183,82,1683.0,26.920428389000005,1.3796371433868118,1656.079571611,40.35164171350885,0.9840044988775994,True,True,True,True
184,91,1823.0,30.119400181000003,1.524677737094639,1792.880599819,41.973626820855074,0.9834781129012616,True,True,True,True
185,750,2042.0,226.652780775,11.419720292764016,1815.3472192250001,40.0609127474554,0.8890045148016651,True,True,True,True
186,610,1983.0,192.359649971,9.61164095017038,1790.640350029,40.11409835572842,0.9029956379369642,True,True,True,True
187,729,2038.0,225.465981676,11.27655021647298,1812.534018324,40.0392451361585,0.8893689981962709,True,True,True,True
188,95,1664.0,31.217237288000003,1.5745433730846474,1632.782762712,40.007956528989226,0.9812396410528846,True,True,True,True
189,83,1656.0,27.32408199,1.3798722961867687,1628.67591801,40.0058631191802,0.9834999504891304,True,True,True,True
190,747,2120.0,216.10522716800003,10.804216114490544,1903.894772832,41.24498669001476,0.898063572090566,True,True,True,True
191,85,1662.0,27.621206566999998,1.3824633590138051,1634.378793433,40.073443173369434,0.9833807421377858,True,True,True,True
192,92,1786.0,31.28744639,1.5524262570161185,1754.71255361,41.50272275390227,0.9824818329283315,True,True,True,True
193,88,1666.0,29.716005733,1.4717993721380556,1636.283994267,40.07093104585241,0.982163261864946,True,True,True,True
194,645,1983.0,195.524701575,9.933294199346673,1787.475298425,40.03996300942883,0.9013995453479576,True,True,True,True
195,136,2529.0,42.304577376,2.0917274541132422,2486.695422624,49.42750090534611,0.9832722113973903,True,True,True,True
196,841,2129.0,276.91623544099997,13.977269590680216,1852.083764559,40.00846069517985,0.869931312615782,True,True,True,True
197,574,1947.0,175.21613517100002,8.828267848949512,1771.7838648289999,40.06317674315714,0.9100071211242937,True,True,True,True
198,93,1860.0,32.034357888,1.6057308327015039,1827.965642112,42.36665487825272,0.9827772269419355,True,True,True,True
199,85,1661.0,27.342340739,1.3807873339370687,1633.657659261,40.06782772070044,0.9835386268880192,True,True,True,True
200,112,1982.0,38.405451118,1.9487216598611923,1943.594548882,43.635549650682854,0.9806228803642785,True,True,True,True
201,526,1908.0,155.94435761399998,7.800467710367837,1752.055642386,40.02881716297202,0.9182681563867925,True,True,True,True
202,617,1989.0,198.80027842700002,9.989436679143319,1790.199721573,40.04019977485095,0.900050136537456,True,True,True,True
203,521,1940.0,171.210252321,8.616435988552409,1768.789747679,40.069417739658235,0.9117472926180412,True,True,True,True
204,919,2184.0,307.80753706999997,15.540604488240072,1876.1924629300001,40.00473474701677,0.8590624830265569,True,True,True,True
205,510,1903.0,152.982743645,7.686594615946473,1750.017256355,40.035716276012145,0.9196096985575407,True,True,True,True
206,552,1951.0,178.516071543,8.91574159363665,1772.483928457,40.037191516654694,0.9085002196089186,True,True,True,True
207,517,1932.0,168.270452212,8.425575031583849,1763.729547788,40.03902521798906,0.9129034926438924,True,True,True,True
208,545,1955.0,180.83819150199997,9.109170325020887,1774.161808498,40.03228819107993,0.9074996462905371,True,True,True,True
209,93,1708.0,30.252059349999996,1.5452616970536701,1677.74794065,40.57760522341343,0.9822880214578454,True,True,True,True
210,502,1918.0,160.652998282,8.091448044223501,1757.347001718,40.04230536647436,0.9162393126788321,True,True,True,True
211,107,1824.0,31.179740388,1.5245488886003524,1792.820259612,41.960718153792904,0.9829058440855263,True,True,True,True
212,464,1906.0,155.800900651,7.900834786525704,1750.1990993489999,40.00624037799209,0.9182576596794333,True,True,True,True
213,92,1689.0,31.077278588999995,1.5380361125078834,1657.922721411,40.32290477421074,0.9816001902966253,True,True,True,True
214,95,1742.0,31.526098518999998,1.5803247007664938,1710.473901481,40.96335057235953,0.9819023544667049,True,True,True,True
215,435,1863.0,129.297346625,6.446839551336722,1733.702653375,40.09756997218824,0.9305972374530327,True,True,True,True
216,435,1857.0,127.34326271799999,6.321347688867066,1729.656737282,40.069695583507645,0.9314252758653743,True,True,True,True
217,128,2437.0,45.06097808999999,2.2441625060628305,2391.93902191,48.430891866076585,0.9815096519942552,True,True,True,True
218,108,1955.0,34.440011572,1.732394254410805,1920.559988428,43.41723471539571,0.9823836257943734,True,True,True,True
219,458,1864.0,133.413826216,6.750713454076423,1730.586173784,40.01154024833329,0.9284260588969957,True,True,True,True
220,489,1926.0,165.306280875,8.296198098515672,1760.693719125,40.03338617152218,0.9141711937305296,True,True,True,True
221,403,1874.0,133.639914879,6.713011373401786,1740.3600851209999,40.13080298307337,0.9286873453153681,True,True,True,True
222,130,1703.0,41.712021879999995,2.0703327299438006,1661.28797812,40.23219923739855,0.97550673994128,True,True,True,True
223,574,1960.0,180.78806931399998,9.010931023767188,1779.211930686,40.09623720358885,0.9077611891255102,True,True,True,True
224,97,1676.0,30.422435671000002,1.5262100340404612,1645.577564329,40.17757314236697,0.9818481887404535,True,True,True,True
225,450,1890.0,141.464482411,7.06438207613046,1748.535517589,40.14518128366291,0.9251510675074074,True,True,True,True
226,380,1847.0,123.332115073,6.230734653368057,1723.667884927,40.039518203297945,0.933225709218733,True,True,True,True
227,87,1667.0,31.960677421,1.613184102447576,1635.039322579,40.026753485630294,0.9808274280617877,True,True,True,True
228,412,1863.0,133.053742946,6.725468203940583,1729.946257054,40.00770963474874,0.9285809216607622,True,True,True,True
229,440,1881.0,140.45513406499998,7.076582207671963,1740.544865935,40.05672322794215,0.9253295406353004,True,True,True,True
230,103,1674.0,33.985772051,1.6835910622943357,1640.014227949,40.06375093676755,0.9796978661583036,True,True,True,True
231,426,1873.0,136.83926881399998,6.843861204149755,1736.160731186,40.04322429732442,0.9269411271681794,True,True,True,True
232,382,1857.0,124.282226491,6.217182539548849,1732.717773509,40.141730412423584,0.9330736529396876,True,True,True,True
233,371,1846.0,115.78165455,5.780220449348461,1730.21834545,40.20741866162567,0.9372797104279523,True,True,True,True
234,374,1858.0,129.805478611,6.540757145167503,1728.1945213889999,40.022727642136225,0.9301369867540366,True,True,True,True
235,363,1815.0,106.5773471,5.375961415219297,1708.4226529,40.04190909974335,0.9412796985674932,True,True,True,True
236,107,1691.0,35.34018840099999,1.7840493383216538,1655.659811599,40.24114487596713,0.9791010121815494,True,True,True,True
237,402,1840.0,120.77400378000002,6.065637963395046,1719.22599622,40.013763430126055,0.9343619544673913,True,True,True,True
238,390,1861.0,130.392870276,6.608228100072566,1730.607129724,40.04567323378695,0.92993397620849,True,True,True,True
239,358,1830.0,112.572321223,5.623405210486752,1717.427678777,40.085440885777594,0.9384850703699453,True,True,True,True
240,346,1827.0,112.04800394600001,5.648225534596648,1714.951996054,40.0601353853031,0.9386710432698412,True,True,True,True
241,98,1707.0,30.930800993,1.5203666536623788,1676.069199007,40.54916028656823,0.9818800228512009,True,True,True,True
242,429,2287.0,142.988387077,7.126780963004556,2144.011612923,44.762921757853015,0.9374777494197639,True,True,True,True
243,362,1854.0,120.018362298,6.032753710230477,1733.981637702,40.205382499598734,0.9352651767540453,True,True,True,True
244,420,1858.0,127.336604169,6.3959575649711145,1730.663395831,40.08145993548514,0.9314657674009688,True,True,True,True
245,105,1669.0,32.312207039,1.6631958527755408,1636.687792961,40.04251902731811,0.9806397800844817,True,True,True,True
246,328,1819.0,104.208103473,5.262039783145809,1714.791896527,40.1483602060205,0.9427113229945026,True,True,True,True
247,100,1771.0,29.631902452000002,1.4967029244452341,1741.368097548,41.36165099533871,0.9832682651315641,True,True,True,True
248,98,1708.0,31.710124276000002,1.5818521211687766,1676.289875724,40.54190694928771,0.981434353468384,True,True,True,True
249,99,1682.0,32.543514894000005,1.648792460325623,1649.456485106,40.19898718524835,0.9806518936420927,True,True,True,True
250,1109,2278.0,360.61124435700003,18.15725573235213,1917.388755643,40.01375992619788,0.8416983123981563,True,True,True,True
251,104,1677.0,34.729509522,1.7279454382099675,1642.270490478,40.08247489070299,0.9792906919964223,True,True,True,True
252,98,1737.0,28.994722561,1.5000694043726035,1708.005277439,40.963952329445895,0.9833075863206678,True,True,True,True
253,106,1673.0,30.684927424,1.5867099278786674,1642.315072576,40.13309550722029,0.981658740332337,True,True,True,True
254,99,1668.0,29.642086528999997,1.475459746054935,1638.357913471,40.09763547569465,0.9822289649106715,True,True,True,True
255,108,1851.0,32.671572777,1.6579812469891777,1818.328427223,42.24494048000693,0.9823492313468396,True,True,True,True
256,102,1671.0,30.638233383999996,1.5068552990164772,1640.361766616,40.11027919449949,0.9816647316672652,True,True,True,True
257,103,1680.0,35.691746978999994,1.78693227813688,1644.308253021,40.09569537259403,0.9787549125124999,True,True,True,True
258,165,1726.0,40.19388660099999,1.9972386933524304,1685.806113399,40.55422462625133,0.9767126960596755,True,True,True,True
259,337,1835.0,111.279106016,5.543542359674913,1723.720893984,40.17851654447881,0.9393574354136239,True,True,True,True
260,319,1843.0,105.87523909999999,5.338368994226174,1737.1247609,40.405480083228774,0.9425527731416169,True,True,True,True
261,407,1824.0,111.83420963399999,5.427778277041991,1712.165790366,40.030238797261156,0.938687385069079,True,True,True,True
262,102,1671.0,34.135050974,1.689185712546839,1636.864949026,40.022593187125885,0.9795720820023938,True,True,True,True
263,119,1689.0,40.646548798,2.036965390439458,1648.353451202,40.08425267933659,0.9759345477809355,True,True,True,True
264,316,1795.0,95.02939693,4.739859756924241,1699.97060307,40.07158709969423,0.9470588317938718,True,True,True,True
265,313,1802.0,99.768450609,5.042976773385206,1702.231549391,40.043718046853144,0.9446346001059933,True,True,True,True
266,110,1683.0,33.489027582999995,1.6674089628043332,1649.510972417,40.1881599108788,0.9801015878888889,True,True,True,True
267,356,1830.0,115.53645539499999,5.7730462105095945,1714.463544605,40.014625848950445,0.936865324920765,True,True,True,True
268,305,1780.0,89.745427984,4.454238868531513,1690.254572016,40.012843154308214,0.949581220233708,True,True,True,True
269,293,1781.0,82.370394567,4.114092153909602,1698.629605433,40.20367003400254,0.9537504803104997,True,True,True,True
270,171,2253.0,44.645260189,2.191213410458002,2208.354739811,46.50259110903199,0.9801840833604083,True,True,True,True
271,298,1792.0,94.129591326,4.685296586200446,1697.870408674,40.056087994390346,0.9474723262689732,True,True,True,True
272,102,1672.0,32.386008436000004,1.6207459364550614,1639.613991564,40.07865054698627,0.980630377729665,True,True,True,True
273,286,1820.0,93.57865142899999,4.771866582757779,1726.421348571,40.41499314534676,0.9485831585554945,True,True,True,True
274,329,1816.0,99.570361125,5.057694366030001,1716.429638875,40.22204546669323,0.9451705059884361,True,True,True,True
275,286,1802.0,97.330746442,4.948720731916417,1704.669253558,40.10210908974051,0.9459873771132076,True,True,True,True
276,368,1852.0,120.284465024,6.040306299287119,1731.715534976,40.17436190452961,0.9350515847602592,True,True,True,True
277,114,1670.0,32.367416277,1.6084018514089713,1637.632583723,40.054304784479704,0.9806183136065868,True,True,True,True
278,330,1792.0,95.072875799,4.866816558334414,1696.927124201,40.03181190092735,0.946945939844308,True,True,True,True
279,301,1813.0,96.622426895,4.892248302526127,1716.377573105,40.255827861825466,0.9467057766712631,True,True,True,True
280,471,1902.0,153.08051626399998,7.746844050793866,1748.919483736,40.02044519561697,0.9195160272008412,True,True,True,True
281,131,1728.0,40.748896237,2.0198433135036633,1687.251103763,40.56525203843936,0.9764184628258101,True,True,True,True
282,127,1713.0,42.385937537000004,2.119492625551265,1670.614062463,40.33935421364481,0.9752563120040864,True,True,True,True
283,321,1804.0,95.41881727200001,4.721248526560259,1708.581182728,40.17443694084,0.9471070857694013,True,True,True,True
284,269,1785.0,88.60524943499999,4.487667059400124,1696.394750565,40.101679810311445,0.9503612047983194,True,True,True,True
285,333,1829.0,112.64380514999999,5.655139555395213,1716.35619485,40.071001867759115,0.938412353663204,True,True,True,True
286,107,1676.0,33.433684266,1.6759853404292835,1642.566315734,40.102261855717195,0.9800515010346063,True,True,True,True
287,314,1811.0,99.157916343,5.023599580066104,1711.842083657,40.17010387980876,0.945246871152402,True,True,True,True
288,481,1906.0,153.720068448,7.736820535791893,1752.279931552,40.05552060767426,0.919349386963274,True,True,True,True
289,278,1778.0,88.013780883,4.431686134903468,1689.986219117,40.02918207969881,0.9504984359488189,True,True,True,True
290,274,1820.0,87.510026893,4.397966729400314,1732.489973107,40.56121353527347,0.9519175676412088,True,True,True,True
291,270,1786.0,91.539891016,4.6299972324544125,1694.460108984,40.0431672699841,0.9487458616931691,True,True,True,True
292,111,1700.0,36.64825696899999,1.8288881432454713,1663.351743031,40.320522552440174,0.9784422017829412,True,True,True,True
293,125,1846.0,31.575253744000005,1.6272222213734968,1814.424746256,42.211597101170696,0.9828953121646804,True,True,True,True
294,301,1800.0,99.522926415,4.934579511988994,1700.477073585,40.025802520351135,0.944709485325,True,True,True,True
295,251,1775.0,81.198074589,4.115337033862208,1693.801925411,40.15693618224867,0.954254605865352,True,True,True,True
296,238,1756.0,76.587225335,3.840887964561961,1679.412774665,40.03324094838466,0.956385406984624,True,True,True,True
297,269,1757.0,75.21797228599999,3.8339010987137274,1681.782027714,40.07841256659598,0.9571895433773477,True,True,True,True
298,269,1772.0,85.95512220200001,4.289756908398121,1686.044877798,40.00481113636541,0.9514925946941309,True,True,True,True
299,258,1922.0,81.686425759,4.1432781957990485,1840.313574241,41.93218901675756,0.9574992581899063,True,True,True,True
300,251,1796.0,73.134688472,3.6405232033776507,1722.865311528,40.61238036657567,0.9592791266859687,True,True,True,True
301,281,1782.0,90.66587214900001,4.521397624589849,1691.334127851,40.01522848768091,0.9491212838670033,True,True,True,True
302,256,1808.0,84.175578763,4.242026550643881,1723.824421237,40.493464025280794,0.9534427108611726,True,True,True,True
303,121,1683.0,39.892787914,2.0047093333409434,1643.107212086,40.02813376246793,0.9762966203719547,True,True,True,True
304,121,1776.0,39.943994843,2.0263739862159644,1736.056005157,41.171304912672895,0.9775090119127252,True,True,True,True
305,125,1689.0,36.606191733,1.8337746264893489,1652.393808267,40.18491941806998,0.9783267070852575,True,True,True,True
306,115,1681.0,37.567710034,1.8656286718535902,1643.432289966,40.061489779574,0.9776515704735277,True,True,True,True
307,118,1741.0,37.779186888000005,1.8829389579835771,1703.220813112,40.79780953945089,0.9783002947225733,True,True,True,True
308,116,1673.0,34.019464927,1.674107729582912,1638.980535073,40.050564615644596,0.9796655917949791,True,True,True,True
309,128,1689.0,42.237194531,2.1205504156806,1646.7628054689999,40.04458209381329,0.9749927800290111,True,True,True,True
310,263,1770.0,75.386773171,3.7550173939687967,1694.613226829,40.236831411541594,0.9574086027282486,True,True,True,True
311,128,1707.0,39.519193793,2.010926601277246,1667.4808062070001,40.33559093161543,0.9768487441165788,True,True,True,True
312,118,1688.0,41.826922269,2.105145592137148,1646.173077731,40.04226475097946,0.9752210176131516,True,True,True,True
313,229,1732.0,65.44595658300001,3.290019471544269,1666.554043417,40.006758734819854,0.9622136509336028,True,True,True,True
314,132,1698.0,42.32658851400001,2.16822080552794,1655.673411486,40.153991932910266,0.9750726804982333,True,True,True,True
315,122,1673.0,35.925397696,1.7903968678525455,1637.074602304,40.00260187172525,0.9785263612098029,True,True,True,True
316,143,1753.0,40.96605466300001,2.010075104718595,1712.033945337,40.86698179945006,0.976630887243012,True,True,True,True
317,130,1785.0,36.11734472500001,1.8548508851276133,1748.882655275,41.372906609712714,0.9797661934313725,True,True,True,True
318,136,1812.0,43.057409879,2.148258160152034,1768.942590121,41.531474509132345,0.9762376325171082,True,True,True,True
319,223,1738.0,68.42748630000001,3.373010864289901,1669.5725137,40.009155240954634,0.9606286039700805,True,True,True,True
320,125,1674.0,36.126744876000004,1.770434149989193,1637.873255124,40.01041255034855,0.9784189098709678,True,True,True,True
321,136,1770.0,43.231877606,2.1828667637391295,1726.768122394,41.01849822228573,0.9755752103920905,True,True,True,True
322,123,1689.0,35.547211513,1.795498923937877,1653.452788487,40.211128120941034,0.9789536935979869,True,True,True,True
323,148,1730.0,42.903987239,2.114192597468166,1687.096012761,40.53699383581086,0.9752000073763006,True,True,True,True
324,222,1753.0,60.533985768,2.9635298069583174,1692.466014232,40.38891724963995,0.9654683481072447,True,True,True,True
325,144,1734.0,47.141702607,2.360411854822896,1686.858297393,40.48169271233013,0.9728133202958477,True,True,True,True
326,126,1719.0,41.6237809,2.0945795316972573,1677.3762191,40.43226891980099,0.9757860495055265,True,True,True,True
327,137,1697.0,43.225615676000004,2.1296507223853367,1653.774384324,40.120191882546564,0.9745282170441957,True,True,True,True
328,253,1760.0,75.48448304300001,3.715316097895313,1684.515516957,40.11074908438245,0.9571110891801137,True,True,True,True
329,224,1757.0,76.206546423,3.8543245386773957,1680.793453577,40.05462164492318,0.9566268944661355,True,True,True,True
330,135,1736.0,44.84878051599999,2.250976483779393,1691.151219484,40.56263897283952,0.9741654490115207,True,True,True,True
331,250,1750.0,73.81410554200001,3.759962238035089,1676.185894458,40.02553135896087,0.9578205111188571,True,True,True,True
332,263,1772.0,85.99534700999999,4.328509840580631,1686.00465299,40.00342035113011,0.9514698944638826,True,True,True,True
333,216,1751.0,70.667748144,3.591184894563067,1680.332251856,40.11503649494437,0.959641491636779,True,True,True,True
334,212,1730.0,62.81952078900001,3.215763077690367,1667.180479211,40.04573798347513,0.9636881382722543,True,True,True,True
335,139,1711.0,40.21081099199999,1.9745321740764543,1670.789189008,40.36883379913534,0.976498649332554,True,True,True,True
336,144,1705.0,42.677997643,2.123758483765182,1662.322002357,40.23302155597457,0.9749689163384164,True,True,True,True
337,137,1698.0,43.936833316,2.1737831574674766,1654.063166684,40.114874071267444,0.9741243620047114,True,True,True,True
338,209,1737.0,64.31365310999999,3.169436537067921,1672.68634689,40.09763365894031,0.9629742929706391,True,True,True,True
339,211,1741.0,62.77084111800001,3.1624538391304498,1678.229158882,40.18442847611559,0.9639455249178633,True,True,True,True
340,222,1739.0,67.94642162800002,3.361858807178568,1671.053578372,40.033282105430914,0.9609278771546865,True,True,True,True
341,140,1691.0,40.247884277000004,2.042457561024867,1650.752115723,40.11880033344104,0.9761987674293318,True,True,True,True
342,157,1713.0,48.179797941000004,2.4005303127875965,1664.820202059,40.19616009267689,0.9718740233852889,True,True,True,True
343,151,1716.0,51.73960190300001,2.622050185462065,1664.260398097,40.14496552287239,0.9698487168397436,True,True,True,True
344,211,1766.0,69.033139266,3.5029256933958868,1696.966860734,40.341098383497446,0.9609098871653454,True,True,True,True
345,143,1708.0,45.848865055000005,2.270494839192108,1662.151134945,40.191860351941315,0.9731564021926229,True,True,True,True
346,139,1696.0,44.161750905000005,2.1579270942771887,1651.838249095,40.08468543392565,0.9739612317777123,True,True,True,True
347,208,1731.0,64.766683929,3.2276847055877846,1666.233316071,40.01130868142299,0.9625842380537262,True,True,True,True
348,141,1691.0,43.09258968,2.2292676323055582,1647.90741032,40.04745511849981,0.9745165052158486,True,True,True,True
349,160,1737.0,54.098442671,2.749989158757428,1682.901557329,40.34737558577801,0.9688552431370179,True,True,True,True
350,228,1766.0,80.20815888499999,4.045522092002017,1685.791841115,40.069297625800814,0.95458201648641,True,True,True,True
351,214,1735.0,66.463094287,3.3706116914958306,1668.536905713,40.018852490062336,0.9616927410449567,True,True,True,True
352,222,1758.0,77.80714431800001,3.958070974065236,1680.192855682,40.027765703090125,0.9557411010705348,True,True,True,True
353,174,1723.0,52.174061143,2.6348537629293496,1670.825938857,40.22136052515898,0.9697190591160766,True,True,True,True
354,141,1703.0,44.90284268399999,2.235997592984491,1658.097157316,40.15297502911192,0.9736330929630065,True,True,True,True
355,196,1733.0,63.67866441000001,3.2320446845592103,1669.32133559,40.06231675326978,0.9632552426947489,True,True,True,True
356,152,1713.0,48.870681567000005,2.4573229603798734,1664.129318433,40.178813986023115,0.9714707054483362,True,True,True,True
357,159,1772.0,50.220230042,2.5202876248240584,1721.779769958,40.873056568143355,0.9716590123916479,True,True,True,True
358,149,1692.0,40.614244132,1.994976023787003,1651.385755868,40.12291476905779,0.9759963096146572,True,True,True,True
359,212,1748.0,72.402613504,3.6243857676144264,1675.597386496,40.03586193848251,0.9585797405583524,True,True,True,True
360,174,1699.0,47.860488017,2.3721645934620734,1651.139511983,40.029863449626255,0.9718302012848734,True,True,True,True
361,213,1740.0,66.982161664,3.3683963960423124,1673.017838336,40.068767800092246,0.9615045047908046,True,True,True,True
362,158,1715.0,49.763344664,2.4640803653221717,1665.236655336,40.18205378403144,0.9709834724991254,True,True,True,True
363,163,1723.0,51.232189793,2.540045636784405,1671.767810207,40.24513952001562,0.9702657052855485,True,True,True,True
364,155,1719.0,51.39162946100001,2.5555843208942863,1667.608370539,40.191437692874516,0.9701037641297265,True,True,True,True
365,193,1709.0,52.134653828,2.6254768212847504,1656.865346172,40.048185470486985,0.9694940586143944,True,True,True,True
366,196,1725.0,59.154148985999996,2.933319063058782,1665.845851014,40.07479615867198,0.9657077397182608,True,True,True,True
367,192,1724.0,59.742863273,2.9920087056544142,1664.257136727,40.047486531988994,0.9653463670110208,True,True,True,True
368,192,1723.0,55.292378895,2.7629149520971352,1667.707621105,40.14480450214903,0.9679092403395241,True,True,True,True
369,160,1720.0,54.877258798999996,2.76299537392734,1665.122741201,40.11746522801343,0.9680946169773256,True,True,True,True
370,161,1722.0,53.059756674,2.6453876405504197,1668.940243326,40.18748991972713,0.969187133174216,True,True,True,True
371,195,1724.0,59.22030269,2.9497700097088146,1664.77969731,40.060550956555076,0.9656494763979119,True,True,True,True
372,191,1726.0,60.693881877,3.031266243805124,1665.306118123,40.04909016470872,0.9648355261431054,True,True,True,True
373,161,1720.0,52.545394477,2.62093435538363,1667.454605523,40.175302848213,0.9694503520482558,True,True,True,True
374,160,1752.0,50.14213341999999,2.4968498283741276,1701.85786658,40.63001569247987,0.9713800608333334,True,True,True,True
375,178,1714.0,49.037080019,2.4865442487341447,1664.962919981,40.18688686338374,0.9713902683669777,True,True,True,True
376,169,1705.0,50.042875367,2.57137406639675,1654.957124633,40.04951988121613,0.9706493399607038,True,True,True,True
377,169,1736.0,51.96669418500001,2.6062212535002773,1684.033305815,40.38778742999942,0.9700652683266129,True,True,True,True
378,191,1836.0,53.747992491,2.701779220432588,1782.252007509,41.563629458243796,0.9707254942859477,True,True,True,True
379,178,1738.0,56.294856197,2.8442795138502603,1681.705143803,40.30601759966926,0.9676094037991945,True,True,True,True
380,173,1839.0,46.603966019,2.3451593704288745,1792.396033981,41.77018243187001,0.9746579847640022,True,True,True,True
381,164,1709.0,53.19818415900001,2.63563054724329,1655.801815841,40.02236010864421,0.96887174712756,True,True,True,True
382,196,1747.0,61.927181918,3.0965463890925347,1685.072818082,40.279833728562565,0.9645522713692043,True,True,True,True
383,191,1741.0,56.208151191,2.7656410879333313,1684.791848809,40.34615889960569,0.9677150194192992,True,True,True,True
384,186,1724.0,54.515835087,2.7681325773146774,1669.484164913,40.17587013312903,0.968378285912413,True,True,True,True
385,176,1722.0,55.589151501,2.7761555781069474,1666.410848499,40.125061814010785,0.9677182627752613,True,True,True,True
386,167,1711.0,43.914400802,2.2650456532593752,1667.085599198,40.27593420703088,0.9743340731724137,True,True,True,True
387,170,1713.0,54.804442742000006,2.7555759800149557,1658.195557258,40.03206910757916,0.9680067467939287,True,True,True,True
388,179,1723.0,61.107823936,3.0439554200269083,1661.892176064,40.00155899850428,0.9645340545931516,True,True,True,True
389,189,1733.0,60.38597531200001,2.9842262811330427,1672.614024688,40.14420360216605,0.9651552364039239,True,True,True,True
390,271,2487.0,64.734783971,3.267295258116614,2422.265216029,48.53988132598065,0.9739707342295939,True,True,True,True
391,187,1729.0,61.71854247500001,3.0675859225093123,1667.281457525,40.06143513033253,0.9643039083429727,True,True,True,True
