system,total_mass,screen_order,screen_power,memory_length,analysis_half_width,integrated_response
galaxy,0.3,before_memory,2.0,0.5,0.5,4.222738071070169e-09
galaxy,0.3,before_memory,2.0,0.5,1.0,6.81379145870458e-09
galaxy,0.3,before_memory,2.0,0.5,1.5,7.844127125950528e-09
galaxy,0.3,before_memory,2.0,0.5,2.0,8.250073696510193e-09
cluster,0.3,before_memory,2.0,0.5,0.5,3.601070339666125e-08
cluster,0.3,before_memory,2.0,0.5,1.0,1.4446392078574904e-07
cluster,0.3,before_memory,2.0,0.5,1.5,1.9614727843465558e-07
cluster,0.3,before_memory,2.0,0.5,2.0,1.9823736475202904e-07
galaxy,1.0,before_memory,2.0,0.5,0.5,5.230536928897671e-09
galaxy,1.0,before_memory,2.0,0.5,1.0,1.4676025941158018e-07
galaxy,1.0,before_memory,2.0,0.5,1.5,5.929133048425291e-07
galaxy,1.0,before_memory,2.0,0.5,2.0,9.239170166023815e-07
cluster,1.0,before_memory,2.0,0.5,0.5,8.62328409741987e-06
cluster,1.0,before_memory,2.0,0.5,1.0,2.0656897949514238e-05
cluster,1.0,before_memory,2.0,0.5,1.5,2.918853721230202e-05
cluster,1.0,before_memory,2.0,0.5,2.0,3.016961147084514e-05
galaxy,3.0,before_memory,2.0,0.5,0.5,2.2342048174862327e-08
galaxy,3.0,before_memory,2.0,0.5,1.0,8.744525242957092e-07
galaxy,3.0,before_memory,2.0,0.5,1.5,1.8304123075678453e-05
galaxy,3.0,before_memory,2.0,0.5,2.0,6.466090515790986e-05
cluster,3.0,before_memory,2.0,0.5,0.5,3.687417807989442e-05
cluster,3.0,before_memory,2.0,0.5,1.0,4.9088285556046136e-05
cluster,3.0,before_memory,2.0,0.5,1.5,8.911181929941243e-05
cluster,3.0,before_memory,2.0,0.5,2.0,0.00014867682854945616
galaxy,0.3,before_memory,2.0,1.0,0.5,1.3636914880027175e-09
galaxy,0.3,before_memory,2.0,1.0,1.0,5.6189733651179e-09
galaxy,0.3,before_memory,2.0,1.0,1.5,7.792561308960515e-09
galaxy,0.3,before_memory,2.0,1.0,2.0,9.125793961458918e-09
cluster,0.3,before_memory,2.0,1.0,0.5,2.1049949489395815e-09
cluster,0.3,before_memory,2.0,1.0,1.0,1.5422567274683417e-08
cluster,0.3,before_memory,2.0,1.0,1.5,2.5638819530753145e-08
cluster,0.3,before_memory,2.0,1.0,2.0,2.75059921270923e-08
galaxy,1.0,before_memory,2.0,1.0,0.5,6.365109323045936e-09
galaxy,1.0,before_memory,2.0,1.0,1.0,2.1335861675609709e-07
galaxy,1.0,before_memory,2.0,1.0,1.5,9.970906846385509e-07
galaxy,1.0,before_memory,2.0,1.0,2.0,1.952228726520871e-06
cluster,1.0,before_memory,2.0,1.0,0.5,4.5308188940428216e-07
cluster,1.0,before_memory,2.0,1.0,1.0,2.202004503118462e-06
cluster,1.0,before_memory,2.0,1.0,1.5,4.358178184730171e-06
cluster,1.0,before_memory,2.0,1.0,2.0,5.4450162103240076e-06
galaxy,3.0,before_memory,2.0,1.0,0.5,3.3056393137162224e-09
galaxy,3.0,before_memory,2.0,1.0,1.0,1.599610285308825e-06
galaxy,3.0,before_memory,2.0,1.0,1.5,4.051983144676839e-05
galaxy,3.0,before_memory,2.0,1.0,2.0,0.00016855051885688403
cluster,3.0,before_memory,2.0,1.0,0.5,1.5334916932792077e-06
cluster,3.0,before_memory,2.0,1.0,1.0,4.361503722864863e-06
cluster,3.0,before_memory,2.0,1.0,1.5,4.1359886626204985e-05
cluster,3.0,before_memory,2.0,1.0,2.0,0.00016368763237149299
galaxy,0.3,before_memory,2.0,2.0,0.5,1.2720497696631184e-10
galaxy,0.3,before_memory,2.0,2.0,1.0,6.998855058284778e-10
galaxy,0.3,before_memory,2.0,2.0,1.5,1.1138394163581126e-09
galaxy,0.3,before_memory,2.0,2.0,2.0,1.4228489611963739e-09
cluster,0.3,before_memory,2.0,2.0,0.5,5.392273094964397e-11
cluster,0.3,before_memory,2.0,2.0,1.0,5.463137289756574e-10
cluster,0.3,before_memory,2.0,2.0,1.5,1.0874933531292073e-09
cluster,0.3,before_memory,2.0,2.0,2.0,1.3273097498946182e-09
galaxy,1.0,before_memory,2.0,2.0,0.5,7.261643380870025e-10
galaxy,1.0,before_memory,2.0,2.0,1.0,3.204326755133672e-08
galaxy,1.0,before_memory,2.0,2.0,1.5,1.6231190792167967e-07
galaxy,1.0,before_memory,2.0,2.0,2.0,3.5667275827157076e-07
cluster,1.0,before_memory,2.0,2.0,0.5,8.65024673517432e-09
cluster,1.0,before_memory,2.0,2.0,1.0,6.329784533337677e-08
cluster,1.0,before_memory,2.0,2.0,1.5,1.8179590684145105e-07
cluster,1.0,before_memory,2.0,2.0,2.0,3.3673571616097433e-07
galaxy,3.0,before_memory,2.0,2.0,0.5,1.4538312721206618e-10
galaxy,3.0,before_memory,2.0,2.0,1.0,2.47911551244328e-07
galaxy,3.0,before_memory,2.0,2.0,1.5,6.930899198542487e-06
galaxy,3.0,before_memory,2.0,2.0,2.0,3.225087655258271e-05
cluster,3.0,before_memory,2.0,2.0,0.5,1.470391017187498e-08
cluster,3.0,before_memory,2.0,2.0,1.0,3.2040442201386697e-07
cluster,3.0,before_memory,2.0,2.0,1.5,7.3988802048887825e-06
cluster,3.0,before_memory,2.0,2.0,2.0,3.365589592955475e-05
galaxy,0.3,before_memory,4.0,0.5,0.5,2.4735533007274634e-08
galaxy,0.3,before_memory,4.0,0.5,1.0,4.319306564808201e-08
galaxy,0.3,before_memory,4.0,0.5,1.5,4.4717847477970876e-08
galaxy,0.3,before_memory,4.0,0.5,2.0,4.515266962462623e-08
cluster,0.3,before_memory,4.0,0.5,0.5,4.488297956440545e-08
cluster,0.3,before_memory,4.0,0.5,1.0,1.9878262060011722e-07
cluster,0.3,before_memory,4.0,0.5,1.5,2.6886971082892985e-07
cluster,0.3,before_memory,4.0,0.5,2.0,2.7131256538012075e-07
galaxy,1.0,before_memory,4.0,0.5,0.5,5.022567668600397e-10
galaxy,1.0,before_memory,4.0,0.5,1.0,1.7306561000544431e-07
galaxy,1.0,before_memory,4.0,0.5,1.5,8.237341659426947e-07
galaxy,1.0,before_memory,4.0,0.5,2.0,1.2414556932210324e-06
cluster,1.0,before_memory,4.0,0.5,0.5,1.7437127546382753e-05
cluster,1.0,before_memory,4.0,0.5,1.0,3.814940334258289e-05
cluster,1.0,before_memory,4.0,0.5,1.5,5.3163773378251216e-05
cluster,1.0,before_memory,4.0,0.5,2.0,5.462103169955955e-05
galaxy,3.0,before_memory,4.0,0.5,0.5,7.293277297906311e-10
galaxy,3.0,before_memory,4.0,0.5,1.0,2.0855385821285167e-07
galaxy,3.0,before_memory,4.0,0.5,1.5,2.0725758892864984e-05
galaxy,3.0,before_memory,4.0,0.5,2.0,9.342462782160348e-05
cluster,3.0,before_memory,4.0,0.5,0.5,8.483746283698177e-06
cluster,3.0,before_memory,4.0,0.5,1.0,9.126861866813778e-06
cluster,3.0,before_memory,4.0,0.5,1.5,3.536872653788093e-05
cluster,3.0,before_memory,4.0,0.5,2.0,0.0001218352471831941
galaxy,0.3,before_memory,4.0,1.0,0.5,6.949031454066555e-09
galaxy,0.3,before_memory,4.0,1.0,1.0,2.3234515362350673e-08
galaxy,0.3,before_memory,4.0,1.0,1.5,2.6873999014478125e-08
galaxy,0.3,before_memory,4.0,1.0,2.0,2.8401836163560592e-08
cluster,0.3,before_memory,4.0,1.0,0.5,2.6876761450046505e-09
cluster,0.3,before_memory,4.0,1.0,1.0,2.1120935387902064e-08
cluster,0.3,before_memory,4.0,1.0,1.5,3.4541878785751014e-08
cluster,0.3,before_memory,4.0,1.0,2.0,3.6685012436487563e-08
galaxy,1.0,before_memory,4.0,1.0,0.5,9.832092777209797e-10
galaxy,1.0,before_memory,4.0,1.0,1.0,2.0282847153709976e-07
galaxy,1.0,before_memory,4.0,1.0,1.5,1.2318811349963034e-06
galaxy,1.0,before_memory,4.0,1.0,2.0,2.408705388019956e-06
cluster,1.0,before_memory,4.0,1.0,0.5,8.966121659280905e-07
cluster,1.0,before_memory,4.0,1.0,1.0,3.8117627375189075e-06
cluster,1.0,before_memory,4.0,1.0,1.5,7.266356872706484e-06
cluster,1.0,before_memory,4.0,1.0,2.0,8.704188619473949e-06
galaxy,3.0,before_memory,4.0,1.0,0.5,4.721082354129838e-10
galaxy,3.0,before_memory,4.0,1.0,1.0,6.007736992445781e-07
galaxy,3.0,before_memory,4.0,1.0,1.5,4.348101588460072e-05
galaxy,3.0,before_memory,4.0,1.0,2.0,0.00022168372375816955
cluster,3.0,before_memory,4.0,1.0,0.5,2.5595852325878303e-07
cluster,3.0,before_memory,4.0,1.0,1.0,8.974599596237106e-07
cluster,3.0,before_memory,4.0,1.0,1.5,4.084158117457663e-05
cluster,3.0,before_memory,4.0,1.0,2.0,0.00021313199188931488
galaxy,0.3,before_memory,4.0,2.0,0.5,4.2811771279982233e-10
galaxy,0.3,before_memory,4.0,2.0,1.0,2.0904803197751076e-09
galaxy,0.3,before_memory,4.0,2.0,1.5,2.812701889383634e-09
galaxy,0.3,before_memory,4.0,2.0,2.0,3.2090327902192647e-09
cluster,0.3,before_memory,4.0,2.0,0.5,7.216376840904339e-11
cluster,0.3,before_memory,4.0,2.0,1.0,7.66032525039543e-10
cluster,0.3,before_memory,4.0,2.0,1.5,1.489334360391511e-09
cluster,0.3,before_memory,4.0,2.0,2.0,1.7681834952476483e-09
galaxy,1.0,before_memory,4.0,2.0,0.5,1.4533439972976041e-10
galaxy,1.0,before_memory,4.0,2.0,1.0,2.9752932243389696e-08
galaxy,1.0,before_memory,4.0,2.0,1.5,1.9319094534515538e-07
galaxy,1.0,before_memory,4.0,2.0,2.0,4.2861972805697387e-07
cluster,1.0,before_memory,4.0,2.0,0.5,1.6715477251012167e-08
cluster,1.0,before_memory,4.0,2.0,1.0,1.0346628965578298e-07
cluster,1.0,before_memory,4.0,2.0,1.5,2.772810387175797e-07
cluster,1.0,before_memory,4.0,2.0,2.0,4.766368789483945e-07
galaxy,3.0,before_memory,4.0,2.0,0.5,3.155168377879514e-11
galaxy,3.0,before_memory,4.0,2.0,1.0,1.0450198876956218e-07
galaxy,3.0,before_memory,4.0,2.0,1.5,7.351008271744185e-06
galaxy,3.0,before_memory,4.0,2.0,2.0,4.129529131673685e-05
cluster,3.0,before_memory,4.0,2.0,0.5,1.7765409913528092e-09
cluster,3.0,before_memory,4.0,2.0,1.0,3.705421221416197e-07
cluster,3.0,before_memory,4.0,2.0,1.5,1.0382362969101388e-05
cluster,3.0,before_memory,4.0,2.0,2.0,4.94908715170908e-05
galaxy,0.3,before_memory,8.0,0.5,0.5,4.804481158059621e-08
galaxy,0.3,before_memory,8.0,0.5,1.0,8.919190971318485e-08
galaxy,0.3,before_memory,8.0,0.5,1.5,9.112767539135302e-08
galaxy,0.3,before_memory,8.0,0.5,2.0,9.157014755964689e-08
cluster,0.3,before_memory,8.0,0.5,0.5,4.56486202184336e-08
cluster,0.3,before_memory,8.0,0.5,1.0,2.064999751392059e-07
cluster,0.3,before_memory,8.0,0.5,1.5,2.793889232488324e-07
cluster,0.3,before_memory,8.0,0.5,2.0,2.8187199298032575e-07
galaxy,1.0,before_memory,8.0,0.5,0.5,1.0509973420614033e-10
galaxy,1.0,before_memory,8.0,0.5,1.0,2.063759726427264e-07
galaxy,1.0,before_memory,8.0,0.5,1.5,9.492423454327377e-07
galaxy,1.0,before_memory,8.0,0.5,2.0,1.3888912293442429e-06
cluster,1.0,before_memory,8.0,0.5,0.5,2.675301273572062e-05
cluster,1.0,before_memory,8.0,0.5,1.0,5.736059114493368e-05
cluster,1.0,before_memory,8.0,0.5,1.5,7.801736676794592e-05
cluster,1.0,before_memory,8.0,0.5,2.0,7.969040207734629e-05
galaxy,3.0,before_memory,8.0,0.5,0.5,2.578165480273435e-10
galaxy,3.0,before_memory,8.0,0.5,1.0,8.618954966072226e-08
galaxy,3.0,before_memory,8.0,0.5,1.5,2.3989084562914163e-05
galaxy,3.0,before_memory,8.0,0.5,2.0,0.00011193879671349289
cluster,3.0,before_memory,8.0,0.5,0.5,2.96820617365105e-06
cluster,3.0,before_memory,8.0,0.5,1.0,3.137891289157836e-06
cluster,3.0,before_memory,8.0,0.5,1.5,3.084306636590974e-05
cluster,3.0,before_memory,8.0,0.5,2.0,0.0001349084614357241
galaxy,0.3,before_memory,8.0,1.0,0.5,1.0832045207885796e-08
galaxy,0.3,before_memory,8.0,1.0,1.0,3.681905759560309e-08
galaxy,0.3,before_memory,8.0,1.0,1.5,4.13389982278068e-08
galaxy,0.3,before_memory,8.0,1.0,2.0,4.294648440517848e-08
cluster,0.3,before_memory,8.0,1.0,0.5,2.7492340020905e-09
cluster,0.3,before_memory,8.0,1.0,1.0,2.1940636728191413e-08
cluster,0.3,before_memory,8.0,1.0,1.5,3.5821550393753003e-08
cluster,0.3,before_memory,8.0,1.0,2.0,3.799912263327181e-08
galaxy,1.0,before_memory,8.0,1.0,0.5,3.068887724361112e-10
galaxy,1.0,before_memory,8.0,1.0,1.0,2.074760479649894e-07
galaxy,1.0,before_memory,8.0,1.0,1.5,1.3258757683777488e-06
galaxy,1.0,before_memory,8.0,1.0,2.0,2.5629422587057773e-06
cluster,1.0,before_memory,8.0,1.0,0.5,1.3678872690004626e-06
cluster,1.0,before_memory,8.0,1.0,1.0,5.485547964085971e-06
cluster,1.0,before_memory,8.0,1.0,1.5,9.9073391952397e-06
cluster,1.0,before_memory,8.0,1.0,2.0,1.147741389071323e-05
galaxy,3.0,before_memory,8.0,1.0,0.5,2.5591652192026483e-10
galaxy,3.0,before_memory,8.0,1.0,1.0,3.373128306628182e-07
galaxy,3.0,before_memory,8.0,1.0,1.5,4.675856463279624e-05
galaxy,3.0,before_memory,8.0,1.0,2.0,0.00025029882228068954
cluster,3.0,before_memory,8.0,1.0,0.5,7.728563600576745e-08
cluster,3.0,before_memory,8.0,1.0,1.0,5.519482660234743e-07
cluster,3.0,before_memory,8.0,1.0,1.5,4.465348696851703e-05
cluster,3.0,before_memory,8.0,1.0,2.0,0.0002422687750549056
galaxy,0.3,before_memory,8.0,2.0,0.5,6.25793038139398e-10
galaxy,0.3,before_memory,8.0,2.0,1.0,3.0638240019025604e-09
galaxy,0.3,before_memory,8.0,2.0,1.5,3.96026762109065e-09
galaxy,0.3,before_memory,8.0,2.0,2.0,4.399206576583012e-09
cluster,0.3,before_memory,8.0,2.0,0.5,7.450381830574654e-11
cluster,0.3,before_memory,8.0,2.0,1.0,7.995614943708799e-10
cluster,0.3,before_memory,8.0,2.0,1.5,1.550783910375265e-09
cluster,0.3,before_memory,8.0,2.0,2.0,1.8352996544258135e-09
galaxy,1.0,before_memory,8.0,2.0,0.5,5.758025321699249e-11
galaxy,1.0,before_memory,8.0,2.0,1.0,2.9215471630053082e-08
galaxy,1.0,before_memory,8.0,2.0,1.5,2.029010757162766e-07
galaxy,1.0,before_memory,8.0,2.0,2.0,4.487644123486328e-07
cluster,1.0,before_memory,8.0,2.0,0.5,2.5423748704488643e-08
cluster,1.0,before_memory,8.0,2.0,1.0,1.4590446635750593e-07
cluster,1.0,before_memory,8.0,2.0,1.5,3.543853496916172e-07
cluster,1.0,before_memory,8.0,2.0,2.0,5.691284715936909e-07
galaxy,3.0,before_memory,8.0,2.0,0.5,2.081495146595149e-11
galaxy,3.0,before_memory,8.0,2.0,1.0,6.480829447348996e-08
galaxy,3.0,before_memory,8.0,2.0,1.5,7.78372292142956e-06
galaxy,3.0,before_memory,8.0,2.0,2.0,4.591307054109835e-05
cluster,3.0,before_memory,8.0,2.0,0.5,7.592608702261122e-10
cluster,3.0,before_memory,8.0,2.0,1.0,3.230249535558918e-07
cluster,3.0,before_memory,8.0,2.0,1.5,1.165667204677828e-05
cluster,3.0,before_memory,8.0,2.0,2.0,5.669752022381144e-05
galaxy,0.3,after_memory,2.0,0.5,0.5,1.1663153530026983e-07
galaxy,0.3,after_memory,2.0,0.5,1.0,3.2719377152661465e-07
galaxy,0.3,after_memory,2.0,0.5,1.5,3.314857195839806e-07
galaxy,0.3,after_memory,2.0,0.5,2.0,3.3197245712299315e-07
cluster,0.3,after_memory,2.0,0.5,0.5,3.874049249799399e-08
cluster,0.3,after_memory,2.0,0.5,1.0,1.4076839670634846e-07
cluster,0.3,after_memory,2.0,0.5,1.5,1.9544541422409022e-07
cluster,0.3,after_memory,2.0,0.5,2.0,1.9780092668168146e-07
galaxy,1.0,after_memory,2.0,0.5,0.5,2.7180649825976715e-08
galaxy,1.0,after_memory,2.0,0.5,1.0,1.9610987404859655e-06
galaxy,1.0,after_memory,2.0,0.5,1.5,3.4297404989010365e-06
galaxy,1.0,after_memory,2.0,0.5,2.0,3.9558796258491545e-06
cluster,1.0,after_memory,2.0,0.5,0.5,1.716882186833727e-05
cluster,1.0,after_memory,2.0,0.5,1.0,2.7711229411591238e-05
cluster,1.0,after_memory,2.0,0.5,1.5,4.166580311139944e-05
cluster,1.0,after_memory,2.0,0.5,2.0,4.359831973079559e-05
galaxy,3.0,after_memory,2.0,0.5,0.5,1.8164827890125292e-10
galaxy,3.0,after_memory,2.0,0.5,1.0,6.427505621543377e-07
galaxy,3.0,after_memory,2.0,0.5,1.5,2.9425926294551815e-05
galaxy,3.0,after_memory,2.0,0.5,2.0,0.00012509719089667841
cluster,3.0,after_memory,2.0,0.5,0.5,0.0007745144626224628
cluster,3.0,after_memory,2.0,0.5,1.0,0.0007883720900349812
cluster,3.0,after_memory,2.0,0.5,1.5,0.000888802739690141
cluster,3.0,after_memory,2.0,0.5,2.0,0.0010402199510265964
galaxy,0.3,after_memory,2.0,1.0,0.5,4.96267768494974e-09
galaxy,0.3,after_memory,2.0,1.0,1.0,1.996260579532964e-08
galaxy,0.3,after_memory,2.0,1.0,1.5,2.2680779079977697e-08
galaxy,0.3,after_memory,2.0,1.0,2.0,2.422329957499929e-08
cluster,0.3,after_memory,2.0,1.0,0.5,2.3250469814556672e-09
cluster,0.3,after_memory,2.0,1.0,1.0,1.484529376616361e-08
cluster,0.3,after_memory,2.0,1.0,1.5,2.6003513175395896e-08
cluster,0.3,after_memory,2.0,1.0,2.0,2.8107507734709107e-08
galaxy,1.0,after_memory,2.0,1.0,0.5,1.5865676970401235e-09
galaxy,1.0,after_memory,2.0,1.0,1.0,4.067250819411688e-07
galaxy,1.0,after_memory,2.0,1.0,1.5,2.058709353616127e-06
galaxy,1.0,after_memory,2.0,1.0,2.0,3.786349803305186e-06
cluster,1.0,after_memory,2.0,1.0,0.5,1.1167168677616386e-06
cluster,1.0,after_memory,2.0,1.0,1.0,2.6967647007498474e-06
cluster,1.0,after_memory,2.0,1.0,1.5,6.820001074189991e-06
cluster,1.0,after_memory,2.0,1.0,2.0,8.87823647503873e-06
galaxy,3.0,after_memory,2.0,1.0,0.5,1.13572504651353e-11
galaxy,3.0,after_memory,2.0,1.0,1.0,3.8383490831347533e-07
galaxy,3.0,after_memory,2.0,1.0,1.5,6.460871327797004e-05
galaxy,3.0,after_memory,2.0,1.0,2.0,0.00042592409644400355
cluster,3.0,after_memory,2.0,1.0,0.5,8.613584788105393e-05
cluster,3.0,after_memory,2.0,1.0,1.0,8.885946846258995e-05
cluster,3.0,after_memory,2.0,1.0,1.5,0.00015806991486252197
cluster,3.0,after_memory,2.0,1.0,2.0,0.00046042499176112046
galaxy,0.3,after_memory,2.0,2.0,0.5,1.1127129243606936e-10
galaxy,0.3,after_memory,2.0,2.0,1.0,6.096822082378858e-10
galaxy,0.3,after_memory,2.0,2.0,1.5,9.39279987343294e-10
galaxy,0.3,after_memory,2.0,2.0,2.0,1.2493353109364832e-09
cluster,0.3,after_memory,2.0,2.0,0.5,6.266546726222311e-11
cluster,0.3,after_memory,2.0,2.0,1.0,5.407143632700274e-10
cluster,0.3,after_memory,2.0,2.0,1.5,1.1666833313379718e-09
cluster,0.3,after_memory,2.0,2.0,2.0,1.4437752128698464e-09
galaxy,1.0,after_memory,2.0,2.0,0.5,3.9807157402846597e-11
galaxy,1.0,after_memory,2.0,2.0,1.0,2.9485315740263445e-08
galaxy,1.0,after_memory,2.0,2.0,1.5,2.664223961111527e-07
galaxy,1.0,after_memory,2.0,2.0,2.0,6.232883379784927e-07
cluster,1.0,after_memory,2.0,2.0,0.5,3.071323928710147e-08
cluster,1.0,after_memory,2.0,2.0,1.0,9.645534642626767e-08
cluster,1.0,after_memory,2.0,2.0,1.5,3.8416326373514603e-07
cluster,1.0,after_memory,2.0,2.0,2.0,6.786968552284885e-07
galaxy,3.0,after_memory,2.0,2.0,0.5,2.8970479504347673e-13
galaxy,3.0,after_memory,2.0,2.0,1.0,4.1902085648054536e-08
galaxy,3.0,after_memory,2.0,2.0,1.5,1.1697065644820922e-05
galaxy,3.0,after_memory,2.0,2.0,2.0,9.593813361550365e-05
cluster,3.0,after_memory,2.0,2.0,0.5,3.1540539396917022e-06
cluster,3.0,after_memory,2.0,2.0,1.0,3.282868364096568e-06
cluster,3.0,after_memory,2.0,2.0,1.5,1.1259008720816926e-05
cluster,3.0,after_memory,2.0,2.0,2.0,6.829543431389853e-05
galaxy,0.3,after_memory,4.0,0.5,0.5,1.9886807171239851e-07
galaxy,0.3,after_memory,4.0,0.5,1.0,7.075466082626826e-07
galaxy,0.3,after_memory,4.0,0.5,1.5,7.126708330690478e-07
galaxy,0.3,after_memory,4.0,0.5,2.0,7.131682619597097e-07
cluster,0.3,after_memory,4.0,0.5,0.5,4.5293543167260425e-08
cluster,0.3,after_memory,4.0,0.5,1.0,1.9783617733605077e-07
cluster,0.3,after_memory,4.0,0.5,1.5,2.6879512472942313e-07
cluster,0.3,after_memory,4.0,0.5,2.0,2.71277626082138e-07
galaxy,1.0,after_memory,4.0,0.5,0.5,4.501879732606977e-10
galaxy,1.0,after_memory,4.0,0.5,1.0,2.8740237191557457e-06
galaxy,1.0,after_memory,4.0,0.5,1.5,5.99464169893879e-06
galaxy,1.0,after_memory,4.0,0.5,2.0,6.644774168953287e-06
cluster,1.0,after_memory,4.0,0.5,0.5,3.223424991939635e-05
cluster,1.0,after_memory,4.0,0.5,1.0,5.8434049174783064e-05
cluster,1.0,after_memory,4.0,0.5,1.5,9.193837862424995e-05
cluster,1.0,after_memory,4.0,0.5,2.0,9.491358268111173e-05
galaxy,3.0,after_memory,4.0,0.5,0.5,5.928399728480161e-18
galaxy,3.0,after_memory,4.0,0.5,1.0,4.0209172345672334e-08
galaxy,3.0,after_memory,4.0,0.5,1.5,6.004139799264278e-05
galaxy,3.0,after_memory,4.0,0.5,2.0,0.00027663785146495636
cluster,3.0,after_memory,4.0,0.5,0.5,0.0011814478410319654
cluster,3.0,after_memory,4.0,0.5,1.0,0.0011916596435956528
cluster,3.0,after_memory,4.0,0.5,1.5,0.0013234175285156446
cluster,3.0,after_memory,4.0,0.5,2.0,0.001671150262728391
galaxy,0.3,after_memory,4.0,1.0,0.5,9.50635682161326e-09
galaxy,0.3,after_memory,4.0,1.0,1.0,4.3288193850548685e-08
galaxy,0.3,after_memory,4.0,1.0,1.5,4.629583808394462e-08
galaxy,0.3,after_memory,4.0,1.0,2.0,4.786651912738277e-08
cluster,0.3,after_memory,4.0,1.0,0.5,2.7266214478947363e-09
cluster,0.3,after_memory,4.0,1.0,1.0,2.101793467461151e-08
cluster,0.3,after_memory,4.0,1.0,1.5,3.466853343472135e-08
cluster,0.3,after_memory,4.0,1.0,2.0,3.684633956178307e-08
galaxy,1.0,after_memory,4.0,1.0,0.5,3.400503714520276e-11
galaxy,1.0,after_memory,4.0,1.0,1.0,8.639492269248815e-07
galaxy,1.0,after_memory,4.0,1.0,1.5,3.8100988648288644e-06
galaxy,1.0,after_memory,4.0,1.0,2.0,5.879232526887453e-06
cluster,1.0,after_memory,4.0,1.0,0.5,2.101512001545296e-06
cluster,1.0,after_memory,4.0,1.0,1.0,6.1373122656872415e-06
cluster,1.0,after_memory,4.0,1.0,1.5,1.5210640117260858e-05
cluster,1.0,after_memory,4.0,1.0,2.0,1.7985688295511926e-05
galaxy,3.0,after_memory,4.0,1.0,0.5,4.467043720788312e-19
galaxy,3.0,after_memory,4.0,1.0,1.0,3.622372434552815e-08
galaxy,3.0,after_memory,4.0,1.0,1.5,0.00014875439146548087
galaxy,3.0,after_memory,4.0,1.0,2.0,0.0009310244169601037
cluster,3.0,after_memory,4.0,1.0,0.5,0.0001430434148686906
cluster,3.0,after_memory,4.0,1.0,1.0,0.00014470140374753338
cluster,3.0,after_memory,4.0,1.0,1.5,0.0002770949143930225
cluster,3.0,after_memory,4.0,1.0,2.0,0.0009517678015058748
galaxy,0.3,after_memory,4.0,2.0,0.5,2.2235532625050917e-10
galaxy,0.3,after_memory,4.0,2.0,1.0,1.2502228225819827e-09
galaxy,0.3,after_memory,4.0,2.0,1.5,1.606503744498314e-09
galaxy,0.3,after_memory,4.0,2.0,2.0,1.9218120383746405e-09
cluster,0.3,after_memory,4.0,2.0,0.5,7.386346724132968e-11
cluster,0.3,after_memory,4.0,2.0,1.0,7.662284046088498e-10
cluster,0.3,after_memory,4.0,2.0,1.5,1.508299858653767e-09
cluster,0.3,after_memory,4.0,2.0,2.0,1.7929268256696165e-09
galaxy,1.0,after_memory,4.0,2.0,0.5,9.252282351403761e-13
galaxy,1.0,after_memory,4.0,2.0,1.0,7.22736663245992e-08
galaxy,1.0,after_memory,4.0,2.0,1.5,4.761867194370515e-07
galaxy,1.0,after_memory,4.0,2.0,2.0,8.993135605743308e-07
cluster,1.0,after_memory,4.0,2.0,0.5,5.81257931431231e-08
cluster,1.0,after_memory,4.0,2.0,1.0,2.2804640160161087e-07
cluster,1.0,after_memory,4.0,2.0,1.5,8.193619237932898e-07
cluster,1.0,after_memory,4.0,2.0,2.0,1.1952315251358007e-06
galaxy,3.0,after_memory,4.0,2.0,0.5,1.2664501108356355e-20
galaxy,3.0,after_memory,4.0,2.0,1.0,4.227058340651564e-09
galaxy,3.0,after_memory,4.0,2.0,1.5,2.8805544870707665e-05
galaxy,3.0,after_memory,4.0,2.0,2.0,0.00021270614400981203
cluster,3.0,after_memory,4.0,2.0,0.5,5.490003181142923e-06
cluster,3.0,after_memory,4.0,2.0,1.0,5.566993152590011e-06
cluster,3.0,after_memory,4.0,2.0,1.5,2.3485687294212444e-05
cluster,3.0,after_memory,4.0,2.0,2.0,0.00015025214646105376
galaxy,0.3,after_memory,8.0,0.5,0.5,4.313023656095951e-07
galaxy,0.3,after_memory,8.0,0.5,1.0,1.327975561822681e-06
galaxy,0.3,after_memory,8.0,0.5,1.5,1.3331396458456408e-06
galaxy,0.3,after_memory,8.0,0.5,2.0,1.3336371275415634e-06
cluster,0.3,after_memory,8.0,0.5,0.5,4.565901148573074e-08
cluster,0.3,after_memory,8.0,0.5,1.0,2.0648420106327228e-07
cluster,0.3,after_memory,8.0,0.5,1.5,2.7940647416063303e-07
cluster,0.3,after_memory,8.0,0.5,2.0,2.818905713374614e-07
galaxy,1.0,after_memory,8.0,0.5,0.5,1.725269418174298e-12
galaxy,1.0,after_memory,8.0,0.5,1.0,5.809098960535313e-06
galaxy,1.0,after_memory,8.0,0.5,1.5,1.0497250893247673e-05
galaxy,1.0,after_memory,8.0,0.5,2.0,1.1155461582277858e-05
cluster,1.0,after_memory,8.0,0.5,0.5,4.429313584799241e-05
cluster,1.0,after_memory,8.0,0.5,1.0,0.00010050031336071946
cluster,1.0,after_memory,8.0,0.5,1.5,0.00015512704268707785
cluster,1.0,after_memory,8.0,0.5,2.0,0.0001583130626311593
galaxy,3.0,after_memory,8.0,0.5,0.5,3.130246736519918e-32
galaxy,3.0,after_memory,8.0,0.5,1.0,1.1287745956460578e-08
galaxy,3.0,after_memory,8.0,0.5,1.5,0.00012644586575723374
galaxy,3.0,after_memory,8.0,0.5,2.0,0.00043979915591981064
cluster,3.0,after_memory,8.0,0.5,0.5,0.0015685958058637827
cluster,3.0,after_memory,8.0,0.5,1.0,0.0015848934243189773
cluster,3.0,after_memory,8.0,0.5,1.5,0.0018531547907558277
cluster,3.0,after_memory,8.0,0.5,2.0,0.002458443278887945
galaxy,0.3,after_memory,8.0,1.0,0.5,2.103211712270323e-08
galaxy,0.3,after_memory,8.0,1.0,1.0,7.563967573380248e-08
galaxy,0.3,after_memory,8.0,1.0,1.5,7.86565980643913e-08
galaxy,0.3,after_memory,8.0,1.0,2.0,8.022739417076031e-08
cluster,0.3,after_memory,8.0,1.0,0.5,2.7505712673315216e-09
cluster,0.3,after_memory,8.0,1.0,1.0,2.194050234277328e-08
cluster,0.3,after_memory,8.0,1.0,1.5,3.5829010907199874e-08
cluster,0.3,after_memory,8.0,1.0,2.0,3.80075148125185e-08
galaxy,1.0,after_memory,8.0,1.0,0.5,1.3416965366702706e-13
galaxy,1.0,after_memory,8.0,1.0,1.0,1.7111948432628693e-06
galaxy,1.0,after_memory,8.0,1.0,1.5,5.271022007295755e-06
galaxy,1.0,after_memory,8.0,1.0,2.0,7.358151803672173e-06
cluster,1.0,after_memory,8.0,1.0,0.5,2.8763389434141832e-06
cluster,1.0,after_memory,8.0,1.0,1.0,1.1173900993184496e-05
cluster,1.0,after_memory,8.0,1.0,1.5,2.4421175038892007e-05
cluster,1.0,after_memory,8.0,1.0,2.0,2.72954560771928e-05
galaxy,3.0,after_memory,8.0,1.0,0.5,2.420004343491324e-33
galaxy,3.0,after_memory,8.0,1.0,1.0,9.23779639735434e-09
galaxy,3.0,after_memory,8.0,1.0,1.5,0.00031244930519172466
galaxy,3.0,after_memory,8.0,1.0,2.0,0.0013829295621144186
cluster,3.0,after_memory,8.0,1.0,0.5,0.00019862971288751887
cluster,3.0,after_memory,8.0,1.0,1.0,0.00020122930837196987
cluster,3.0,after_memory,8.0,1.0,1.5,0.0004819821283598171
cluster,3.0,after_memory,8.0,1.0,2.0,0.0015029395139820355
galaxy,0.3,after_memory,8.0,2.0,0.5,4.95299041622373e-10
galaxy,0.3,after_memory,8.0,2.0,1.0,2.0431941630992846e-09
galaxy,0.3,after_memory,8.0,2.0,1.5,2.400104325762628e-09
galaxy,0.3,after_memory,8.0,2.0,2.0,2.715432569106929e-09
cluster,0.3,after_memory,8.0,2.0,0.5,7.456717846470448e-11
cluster,0.3,after_memory,8.0,2.0,1.0,7.997216709378791e-10
cluster,0.3,after_memory,8.0,2.0,1.5,1.551558086164961e-09
cluster,0.3,after_memory,8.0,2.0,2.0,1.8362434767125883e-09
galaxy,1.0,after_memory,8.0,2.0,0.5,3.678257673325697e-15
galaxy,1.0,after_memory,8.0,2.0,1.0,1.3901712037450187e-07
galaxy,1.0,after_memory,8.0,2.0,1.5,6.019269844491169e-07
galaxy,1.0,after_memory,8.0,2.0,2.0,1.0282946634903817e-06
cluster,1.0,after_memory,8.0,2.0,0.5,7.982029889428789e-08
cluster,1.0,after_memory,8.0,2.0,1.0,4.2411730843287856e-07
cluster,1.0,after_memory,8.0,2.0,1.5,1.2330191810225786e-06
cluster,1.0,after_memory,8.0,2.0,2.0,1.6177483259608897e-06
galaxy,3.0,after_memory,8.0,2.0,0.5,5.748103532540192e-22
galaxy,3.0,after_memory,8.0,2.0,1.0,9.784825240743033e-10
galaxy,3.0,after_memory,8.0,2.0,1.5,6.28146427631865e-05
galaxy,3.0,after_memory,8.0,2.0,2.0,0.00031398096386977143
cluster,3.0,after_memory,8.0,2.0,0.5,7.84822984759887e-06
cluster,3.0,after_memory,8.0,2.0,1.0,7.971281218663535e-06
cluster,3.0,after_memory,8.0,2.0,1.5,4.7054218093660956e-05
cluster,3.0,after_memory,8.0,2.0,2.0,0.00023138657644319378
