name,ra_deg,dec_deg,resolver,resolved_name,match_found,n_candidates,designation,wise_ra,wise_dec,sep_arcsec,healpix_k5,ext_flg,xscprox_arcsec,cc_flags,ph_qual,w1gmag,w2gmag,w1mpro,w2mpro,w1sigmpro,w2sigmpro,w1snr,w2snr,w1_w2_gmag,w1_w2_mpro
CamB,73.28081,67.09837,NED,Camelopardalis B,True,381,J045318.42+670606.4,73.326771,67.1018038,65.56003628124374,859,1,,0000,BUUU,,,17.538,17.058,0.157,,6.9,1.5,,0.4800000000000004
D512-2,218.33462,26.99803,NED,LSBC D512-02,True,272,J143327.43+270339.3,218.3643115,27.0609376,245.6688857408787,2274,1,,HH00,AABC,,,13.395,12.981,0.074,0.066,14.7,16.4,,0.4139999999999997
D564-8,135.7237,20.07535,NED,LSBC D564-08,True,253,J090253.36+200433.6,135.7223378,20.0760021,5.169708716861314,1130,0,,0000,ABUU,,,16.623,16.189,0.094,0.202,11.6,5.4,,0.43400000000000105
D631-7,119.2575,14.39083,NED,UGC 04115,True,299,J075701.02+142327.8,119.254252,14.3910631,11.356953528867585,1162,0,,0000,ABCU,,,16.67,15.903,0.097,0.181,11.2,6.0,,0.7670000000000012
DDO064,147.59333,31.48778,NED,UGC 05272,True,211,J095021.51+312537.6,147.5896546,31.4271221,218.65993494071938,1408,1,,hO00,AAUU,,,16.636,13.722,0.087,0.035,12.5,30.8,,2.9139999999999997
DDO154,193.52187,27.14964,NED,NGC 4789A,True,293,J125405.20+270852.6,193.5216909,27.1479565,6.087695025253985,7037,2,,0000,ABUU,,,16.081,15.886,0.056,0.149,19.5,7.3,,0.19500000000000028
DDO161,195.81975,-17.42303,NED,UGCA 320,True,296,J130316.28-172518.7,195.8178596,-17.4218745,7.71141601816817,6238,3,7.67,0000,AAUU,,,15.443,15.126,0.041,0.081,26.5,13.5,,0.31700000000000017
DDO168,198.60886,45.92494,NED,UGC 08320,True,296,J131427.26+455522.4,198.6135888,45.9229128,13.91006860005453,2754,1,,0000,AACC,,,15.296,15.044,0.036,0.068,30.1,16.0,,0.2519999999999989
DDO170,198.97433,25.43556,NED,UGC 08333,True,272,J131556.44+252704.7,198.9851756,25.4513286,66.82486094035976,2571,1,,h000,AABU,,,14.851,14.127,0.032,0.041,33.5,26.7,,0.7240000000000002
ESO079-G014,15.71431,-65.61004,NED,NGC 0360,True,242,J010251.43-653636.1,15.7143121,-65.6100396,0.0034379687184672813,8358,5,0.18,h000,AAAA,8.914,8.842,10.983,10.915,0.022,0.02,48.3,53.7,0.07199999999999918,0.06800000000000139
ESO116-G012,48.26998,-57.35698,NED,ESO 116- G 012,True,171,J031304.79-572125.1,48.2699788,-57.3569769,0.011400681276649496,8397,5,1.05,hhhh,AAAA,10.133,10.562,12.275,12.342,0.028,0.03,38.8,35.9,-0.42900000000000027,-0.06700000000000017
ESO444-G084,204.33291,-28.04412,NED,ESO 444- G 084,True,327,J133726.76-275946.0,204.3615186,-27.9961367,195.20569207553189,10993,1,,0000,AACU,,,12.868,12.942,0.023,0.026,47.5,41.2,,-0.07399999999999984
ESO563-G021,131.82084,-20.03566,NED,UGCA 145,True,368,J084717.00-200208.3,131.8208428,-20.0356573,0.013570498555626772,10132,5,0.31,0000,AAAA,8.674,8.628,10.383,10.34,0.021,0.021,52.1,51.6,0.045999999999999375,0.04299999999999926
F561-1,122.42214,22.5603,NED,LSBC F561-01,True,261,J080941.41+223335.9,122.4225701,22.5599761,1.8450455116696434,1202,0,,0000,ABUU,,,15.665,15.591,0.046,0.126,23.7,8.6,,0.07399999999999984
F563-1,133.78004,19.75069,NED,LSBC D563-04,True,316,J085506.51+194454.7,133.7771427,19.7485527,12.472793492501046,1173,1,,00hd,AAAZ,,,14.695,14.336,0.034,0.057,32.1,19.2,,0.359
F563-V1,131.65795,18.88994,NED,LSBC D563-03,True,317,J084637.86+185321.5,131.6577874,18.8893216,2.2940962398959344,1172,0,,0000,ABUU,,,16.455,16.268,0.082,0.231,13.2,4.7,,0.1869999999999976
F563-V2,133.26601,18.43596,NED,LSBC D563-02,True,233,J085308.86+182616.4,133.2869564,18.4378925,71.87406766578096,1172,1,,0000,AACU,,,12.917,12.89,0.024,0.028,45.6,39.3,,0.026999999999999247
F565-V2,144.3745,21.76122,NED,LSBC F565-V02,True,225,J093730.02+214544.2,144.375113,21.7622985,4.3903476023228585,1138,0,,0000,AUUU,,,16.823,16.529,0.108,,10.1,1.8,,0.2940000000000005
F567-2,154.48458,21.06139,NED,LSBC F567-02,True,247,J101757.57+210336.6,154.4899111,21.0601714,18.439389430156375,1111,0,,0000,ABCU,,,16.705,16.099,0.092,0.182,11.8,6.0,,0.6059999999999981
F568-1,156.52641,22.43357,NED,LSBC F568-01,True,236,J102606.33+222600.8,156.5264065,22.4335689,0.012301290316230255,1282,0,,0000,ABUU,,,15.544,15.479,0.044,0.113,24.5,9.6,,0.06500000000000128
F568-3,156.83437,22.2401,NED,LSBC F568-03,True,254,J102720.24+221424.3,156.8343651,22.2401039,0.021534042797357624,1282,1,,0000,AABU,,,15.036,14.804,0.037,0.071,29.7,15.4,,0.23199999999999932
F568-V1,161.25862,22.05422,NED,LSBC F568-V01,True,285,J104508.08+220404.9,161.2836952,22.0680374,97.33223901884126,7086,2,,0000,BUUU,,,17.421,17.179,0.166,,6.5,-0.8,,0.24200000000000088
F571-8,173.47971,19.35997,NED,LSBC F571-08,True,244,J113355.14+192134.4,173.4797591,19.3595762,1.4274548049683595,7065,5,1.19,0000,AABU,12.28,12.33,12.573,12.611,0.03,0.031,35.9,35.0,-0.05000000000000071,-0.038000000000000256
F571-V1,171.57949,18.83592,NED,LSBC F571-V01,True,210,J112619.10+185010.7,171.5795875,18.8363236,1.490453377384334,7064,0,,0000,ABUU,,,16.38,15.936,0.076,0.173,14.4,6.3,,0.44399999999999906
F574-1,189.52923,22.31365,NED,LSBC F574-01,True,231,J123807.01+221849.1,189.5292277,22.3136459,0.016629281862761754,7026,0,,0000,AAUU,,,15.166,14.936,0.036,0.069,30.2,15.8,,0.23000000000000043
F574-2,191.68125,21.83111,NED,LSBC F574-02,True,270,J124659.46+215350.2,191.7477584,21.897285,325.77574821629435,7025,1,,0000,AABB,,,12.866,12.895,0.024,0.027,44.6,40.9,,-0.028999999999999915
F579-V1,218.20771,22.76145,NED,LSBC F511-V01,True,282,J143249.85+224541.2,218.2077111,22.7614452,0.017661615302121805,2206,1,,0000,AABU,,,14.969,14.748,0.033,0.052,32.8,20.9,,0.22100000000000009
F583-1,239.36477,20.66657,NED,LSBC D584-04,True,288,J155727.54+203959.6,239.3647679,20.6665745,0.017676951412021503,2139,0,,0000,AAUC,,,15.413,15.146,0.04,0.075,27.2,14.6,,0.26699999999999946
F583-4,238.03898,18.79796,NED,LSBC F583-04,True,282,J155205.20+184639.6,238.0217081,18.7776689,93.81464903691825,2138,1,,0000,AABU,,,14.376,14.177,0.028,0.046,38.4,23.5,,0.19899999999999984
IC2574,157.09728,68.41216,NED,IC 2574,True,491,J102823.34+682443.7,157.0972782,68.4121591,0.0040226681509774615,1906,4,0.75,0000,ABBU,12.646,13.019,15.756,15.848,0.046,0.115,23.8,9.4,-0.37299999999999933,-0.09200000000000053
IC4202,197.13165,24.7008,NED,IC 4202,True,248,J130831.59+244202.8,197.1316527,24.7007982,0.010953111543163321,2570,5,0.24,0000,AAAA,10.416,10.362,11.224,11.226,0.023,0.022,46.4,49.7,0.05400000000000027,-0.002000000000000668
KK98-251,307.63708,60.35472,NED,PGC1 0065001 NED007,True,327,J203032.18+602107.4,307.6341187,60.3520751,10.88435833428625,3898,1,,hh00,AABU,,,14.155,14.244,0.027,0.033,39.8,32.5,,-0.08900000000000041
NGC0024,2.48528,-24.96322,NED,NGC 0024,True,336,J000956.28-245750.7,2.484512,-24.9640975,4.032595341487998,4148,5,4.95,0000,AAAA,,,11.731,11.82,0.022,0.023,50.4,48.2,,-0.08900000000000041
NGC0055,3.72335,-39.19657,NED,NGC 0055,True,577,J001453.92-391156.4,3.7246985,-39.1990094,9.553773642305837,8878,3,9.37,000d,AAAA,,,11.46,11.377,0.026,0.025,42.3,42.7,,0.08300000000000018
NGC0100,6.01243,16.48712,NED,NGC 0100,True,193,J002402.65+162909.7,6.0110462,16.4860539,6.127672352119117,4960,5,2.93,0000,AAAC,,,12.644,12.569,0.025,0.029,43.1,37.6,,0.07499999999999929
NGC0247,11.7853,-20.76019,NED,NGC 0247,True,519,J004707.60-204529.9,11.7816773,-20.7583277,13.916393161069896,4175,3,15.29,0000,AAAB,,,13.33,13.199,0.038,0.039,28.2,27.6,,0.13100000000000023
NGC0289,13.17613,-31.20586,NED,NGC 0289,True,343,J005242.27-311221.1,13.176134,-31.2058643,0.01978196476650563,8936,5,1.2,0000,AAAA,7.96,7.914,9.761,9.678,0.023,0.018,47.6,58.7,0.04600000000000026,0.08299999999999841
NGC0300,13.7227,-37.68421,NED,NGC 0300,True,599,J005453.46-374103.0,13.7227712,-37.6841708,0.24710896113457223,8884,5,0.77,0000,AAUU,6.961,6.804,12.953,12.976,0.037,0.032,29.2,33.9,0.15700000000000003,-0.023000000000001464
NGC0801,30.93665,38.25879,NED,NGC 0801,True,273,J020344.79+381531.6,30.9366465,38.2587886,0.011103549467390691,587,5,0.77,0000,AAAA,9.442,9.339,10.235,10.154,0.022,0.019,48.9,56.7,0.10299999999999976,0.08099999999999952
NGC0891,35.63711,42.34832,NED,NGC 0891,True,346,J022233.10+422053.6,35.6379493,42.3482466,2.248645625738866,602,5,2.25,hhhd,AAAA,,,8.741,8.161,0.021,0.019,52.3,56.2,,0.5800000000000001
NGC1003,39.82078,40.87258,NED,NGC 1003,True,331,J023916.98+405221.2,39.820784,40.8725757,0.01892607700597034,595,5,1.48,0000,AAAB,9.397,9.337,11.928,11.946,0.025,0.025,44.0,43.8,0.0600000000000005,-0.017999999999998906
NGC1090,41.64154,-0.24711,NED,NGC 1090,True,279,J024633.97-001449.6,41.6415417,-0.2471141,0.015978463727675835,4438,5,0.85,0000,AAAA,9.249,9.217,11.241,11.295,0.023,0.022,47.4,49.2,0.03200000000000003,-0.05400000000000027
NGC1705,73.55632,-53.36097,NED,NGC 1705,True,291,J045413.51-532139.4,73.556321,-53.3609705,0.0028027713566686064,8496,5,0.36,0000,AAAA,10.632,10.481,11.386,11.237,0.022,0.021,48.9,51.9,0.1509999999999998,0.14899999999999913
NGC2366,112.22542,69.21497,NED,NGC 2366,True,337,J072855.57+691304.9,112.2315466,69.2180473,13.563845143786155,1969,1,,0000,AAUU,,,13.221,13.04,0.026,0.029,41.6,37.0,,0.18100000000000094
NGC2403,114.21374,65.60268,NED,NGC 2403,True,518,J073650.21+653603.2,114.209213,65.6009111,9.266687298128524,1935,3,9.4,hhPP,AABB,,,11.742,11.478,0.043,0.04,25.3,27.1,,0.2640000000000011
NGC2683,133.1721,33.42185,NED,NGC 2683,True,361,J085241.29+332518.4,133.1720747,33.421783,0.25289583842004865,1266,5,0.6,h000,AAAA,6.232,6.217,8.779,8.688,0.022,0.019,49.3,55.9,0.015000000000000568,0.0909999999999993
NGC2841,140.51111,50.97661,NED,NGC 2841,True,394,J092202.66+505835.7,140.5111052,50.9766067,0.016109370063771018,1810,5,0.48,0000,AAAA,5.968,5.985,8.27,8.313,0.022,0.019,49.2,57.4,-0.017000000000000348,-0.04300000000000104
NGC2903,143.04213,21.50083,NED,NGC 2903,True,442,J093210.11+213004.5,143.0421413,21.501263,1.5592594381532892,1127,5,1.56,0000,AAAA,5.835,5.739,8.41,8.061,0.022,0.02,48.5,54.8,0.09600000000000009,0.3490000000000002
NGC2915,141.54931,-76.62666,NED,NGC 2915,True,412,J092611.83-763735.9,141.5493119,-76.6266558,0.015202543016019976,9243,5,1.6,0000,AAAA,9.923,9.888,11.652,11.622,0.024,0.022,45.4,50.1,0.03500000000000014,0.02999999999999936
NGC2955,145.31923,35.88223,NED,NGC 2955,True,219,J094116.61+355256.0,145.3192299,35.8822297,0.0011186945422009403,1417,5,0.44,0000,AAAA,9.948,9.804,10.673,10.517,0.023,0.02,47.4,54.4,0.14400000000000013,0.15600000000000058
NGC2976,146.81381,67.91668,NED,NGC 2976,True,342,J094715.28+675500.4,146.813698,67.9167784,0.38531007031924774,1900,5,1.72,0000,AAAA,7.361,7.254,11.601,11.566,0.023,0.024,46.3,45.7,0.1070000000000002,0.03500000000000014
NGC2998,147.18171,44.08142,NED,NGC 2998,True,226,J094843.61+440453.1,147.1817112,44.0814226,0.009861031800272231,1456,5,0.52,0000,AAAA,9.9,9.812,11.396,11.355,0.023,0.022,47.8,49.7,0.08800000000000097,0.04100000000000037
NGC3109,150.77867,-26.15958,NED,NGC 3109,True,451,J100306.05-260933.2,150.7752391,-26.1592293,11.157772552869563,9711,2,11.11,hh00,ABUU,,,15.398,15.814,0.051,0.155,21.2,7.0,,-0.41600000000000037
NGC3198,154.97918,45.54982,NED,NGC 3198,True,295,J101955.00+453259.3,154.9791842,45.5498244,0.019053060194389383,1437,5,0.5,0000,AAAA,7.869,7.793,10.57,10.364,0.022,0.02,49.3,54.3,0.07599999999999962,0.20599999999999952
NGC3521,166.45242,-0.03586,NED,NGC 3521,True,461,J110548.57-000209.1,166.4523862,-0.0358833,0.14778995562693645,6757,5,0.28,hhd0,AAAA,5.657,5.559,7.924,7.941,0.023,0.019,47.6,57.0,0.09799999999999986,-0.01699999999999946
NGC3726,173.33798,47.02922,NED,NGC 3726,True,345,J113321.11+470145.2,173.3379772,47.0292224,0.011038897358584886,1395,5,0.76,0000,AAAA,7.849,7.806,11.048,10.977,0.024,0.022,45.7,49.6,0.04300000000000015,0.07099999999999973
NGC3741,174.02576,45.28391,NED,NGC 3741,True,215,J113605.85+451705.3,174.0243797,45.2848105,4.7678718030224925,1396,1,,0000,AACU,,,15.12,14.791,0.04,0.06,27.1,18.2,,0.32899999999999885
NGC3769,174.4336,47.89296,NED,NGC 3769,True,272,J113744.16+475333.9,174.4340385,47.8927773,1.246185430490653,1398,5,1.3,0000,AAAA,9.19,9.093,10.733,10.673,0.023,0.02,48.2,53.3,0.09699999999999953,0.0600000000000005
NGC3877,176.5322,47.49455,NED,NGC 3877,True,240,J114607.72+472940.5,176.532198,47.494595,0.16207302617820807,1396,5,0.65,h000,AAAA,7.61,7.507,9.779,9.611,0.023,0.02,47.0,55.2,0.10300000000000065,0.16799999999999926
NGC3893,177.159,48.7109,NED,NGC 3893,True,329,J114838.15+484239.2,177.1589984,48.7108953,0.017341637116423093,1399,5,0.61,0000,AAAA,7.731,7.572,9.847,9.669,0.022,0.02,50.3,53.6,0.1589999999999998,0.17799999999999905
NGC3917,177.68954,51.82462,NED,NGC 3917,True,261,J115045.48+514928.6,177.6895411,51.8246185,0.005928789876867128,1407,5,1.47,0000,AAAA,8.897,8.856,11.863,11.974,0.022,0.023,50.2,47.1,0.04100000000000037,-0.11100000000000065
NGC3949,178.42415,47.85872,NED,NGC 3949,True,331,J115341.79+475131.3,178.4241452,47.8587188,0.012372874553938132,1397,5,0.53,0000,AAAA,8.415,8.234,10.291,10.144,0.024,0.021,45.0,51.5,0.18099999999999916,0.14700000000000024
NGC3953,178.45428,52.3268,NED,NGC 3953,True,295,J115349.02+521936.4,178.4542849,52.3268,0.01078080735345358,1407,5,0.93,0000,AAAA,6.939,6.897,9.359,9.386,0.022,0.019,48.5,56.7,0.041999999999999815,-0.026999999999999247
NGC3972,178.93803,55.32059,NED,NGC 3972,True,288,J115545.11+551913.2,178.9379746,55.320345,0.8892701367758704,1493,5,1.17,0000,AAAA,9.488,9.395,11.679,11.675,0.022,0.022,49.0,50.0,0.09299999999999997,0.0039999999999995595
NGC3992,179.39985,53.37471,NED,MESSIER 109,True,391,J115735.96+532228.9,179.3998522,53.3747107,0.005354918030752225,1407,5,0.71,0000,AAAB,7.008,7.03,9.639,9.677,0.021,0.019,50.9,58.3,-0.02200000000000024,-0.038000000000000256
NGC4010,179.6582,47.26144,NED,NGC 4010,True,364,J115838.22+471541.5,179.65926,47.2615434,2.6163570088037806,1375,5,2.49,0000,AAAA,,,11.616,11.476,0.024,0.023,44.4,47.3,,0.1399999999999988
NGC4013,179.63045,43.94741,NED,NGC 4013,True,269,J115831.43+435651.0,179.6309686,43.9475277,1.409370031450024,1367,5,1.83,0h00,AAAA,7.408,7.287,9.305,9.094,0.022,0.02,48.7,54.9,0.12100000000000044,0.2110000000000003
NGC4051,180.79003,44.53131,NED,NGC 4051,True,368,J120309.60+443152.7,180.7900304,44.5313083,0.0062054944898576525,2731,5,0.88,0000,AAAA,7.576,7.141,8.871,7.966,0.023,0.02,48.2,55.3,0.4349999999999996,0.9050000000000002
NGC4068,181.00327,52.5882,NED,NGC 4068,True,296,J120401.02+523459.9,181.0042613,52.5833258,17.680572974111485,2751,1,,0000,AACU,,,15.525,15.467,0.043,0.102,25.0,10.6,,0.05799999999999983
NGC4085,181.34476,50.35285,NED,NGC 4085,True,228,J120522.74+502110.2,181.3447645,50.3528545,0.019216763230684452,2747,5,0.52,0000,AAAA,8.905,8.723,10.303,10.06,0.022,0.02,49.0,54.8,0.1819999999999986,0.24300000000000033
NGC4088,181.39284,50.53939,NED,NGC 4088,True,307,J120534.28+503221.7,181.3928356,50.539385,0.02062391777592972,2747,5,1.56,h000,AAAA,7.256,7.066,9.769,9.471,0.023,0.019,46.8,56.2,0.1900000000000004,0.29800000000000004
NGC4100,181.53556,49.5825,NED,NGC 4100,True,312,J120608.56+493457.5,181.5356707,49.5826576,0.6234245065010998,2747,5,1.31,0000,AAAA,7.855,7.756,9.818,9.53,0.022,0.019,48.4,56.1,0.0990000000000002,0.28800000000000026
NGC4138,182.37417,43.68531,NED,NGC 4138,True,285,J120929.80+434107.1,182.3741696,43.6853081,0.006918812307633258,2731,5,0.16,0000,AAAA,8.134,8.092,9.4,9.268,0.022,0.019,48.4,55.7,0.041999999999999815,0.13199999999999967
NGC4157,182.76817,50.485,NED,NGC 4157,True,251,J121104.68+502907.2,182.7695121,50.4853416,3.3110582732560383,2750,5,3.86,dhhd,AAAA,,,9.765,9.485,0.022,0.02,49.4,54.7,,0.28000000000000114
NGC4183,183.32032,43.69859,NED,NGC 4183,True,305,J121316.83+434153.9,183.3201515,43.6983284,1.0388693498131147,2732,5,0.35,0000,AAAA,9.885,9.817,11.881,11.828,0.023,0.022,47.5,49.2,0.06799999999999962,0.053000000000000824
NGC4214,183.91321,36.32689,NED,NGC 4214,True,459,J121539.35+361935.1,183.9139933,36.3264275,2.816647013360238,7157,5,2.77,0000,AAAA,,,11.561,11.073,0.028,0.023,38.8,47.9,,0.48799999999999955
NGC4217,183.96208,47.09178,NED,NGC 4217,True,257,J121551.15+470530.8,183.9631387,47.091912,2.6379958243392627,2744,5,2.62,hh00,AAAA,,,9.768,9.507,0.023,0.022,46.5,49.3,,0.261000000000001
NGC4389,186.3965,45.6846,NED,NGC 4389,True,278,J122535.02+454105.0,186.39593,45.68474,1.5195578131751333,2738,5,0.81,0000,AAAA,8.879,8.787,11.156,10.918,0.023,0.022,46.8,49.9,0.09199999999999875,0.23800000000000132
NGC4559,188.99012,27.95996,NED,NGC 4559,True,339,J123557.62+275735.8,188.990119,27.9599586,0.005959251218657308,7124,5,1.09,0000,AAAA,7.714,7.617,11.291,11.346,0.024,0.024,45.8,45.1,0.09700000000000042,-0.054999999999999716
NGC5005,197.73444,37.05904,NED,NGC 5005,True,362,J131056.26+370332.5,197.7344369,37.0590444,0.01817194825360258,2704,5,0.68,0h00,AAAA,6.344,6.265,7.785,7.856,0.024,0.02,45.5,55.1,0.07900000000000063,-0.07099999999999973
NGC5033,198.36447,36.59392,NED,NGC 5033,True,336,J131327.47+363537.9,198.3644856,36.5938771,0.16088754828906415,2618,5,1.07,0000,AAAA,6.983,6.887,8.556,8.367,0.022,0.019,49.6,56.8,0.09600000000000009,0.18899999999999828
NGC5055,198.95537,42.02932,NED,MESSIER 063,True,443,J131549.28+420145.5,198.9553691,42.0293247,0.017090304410371574,2710,5,0.47,0000,AAAA,5.624,5.594,8.374,8.328,0.023,0.02,47.1,54.8,0.02999999999999936,0.04600000000000115
NGC5371,208.91642,40.46174,NED,NGC 5371,True,320,J135539.93+402742.2,208.9164152,40.4617447,0.021427506751688738,2659,5,0.96,0000,AAAB,7.62,7.567,9.892,9.953,0.022,0.021,49.8,52.8,0.052999999999999936,-0.06099999999999994
NGC5585,214.95071,56.72948,NED,NGC 5585,True,352,J141948.16+564346.1,214.9507063,56.7294777,0.011043295525664866,2862,5,1.57,0000,AAAB,10.206,10.226,12.516,12.503,0.025,0.024,43.0,45.0,-0.02000000000000135,0.0129999999999999
NGC5907,228.97183,56.32988,NED,NGC 5907:[IDD2022] X026,True,295,J151553.47+561943.6,228.97283,56.32879,4.4024331598111015,2843,5,1.75,hh00,AAAA,6.595,6.472,9.149,8.981,0.022,0.019,48.3,56.2,0.12299999999999933,0.16799999999999926
NGC5985,234.9044,59.33203,NED,NGC 5985,True,335,J153937.05+591955.3,234.9043982,59.3320345,0.016533734140917262,2847,5,0.39,000P,AAAB,8.2,8.173,10.813,10.901,0.022,0.021,48.6,51.1,0.026999999999999247,-0.08799999999999919
NGC6015,237.85536,62.31007,NED,NGC 6015,True,400,J155125.28+621836.2,237.85536,62.31007,0.0,2891,5,0.41,0000,AAAA,8.416,8.332,11.218,11.235,0.023,0.021,46.8,51.5,0.08399999999999963,-0.01699999999999946
NGC6195,249.13576,39.02791,NED,NGC 6195,True,320,J163632.58+390140.4,249.1357648,39.0279099,0.013428609734674496,2365,5,0.69,0000,AAAA,10.349,10.276,11.141,11.124,0.023,0.02,46.7,53.9,0.0730000000000004,0.01699999999999946
NGC6503,267.3601,70.14433,NED,NGC 6503,True,318,J174926.45+700840.8,267.3602201,70.1446794,1.2663832698783228,2909,5,1.24,hhd0,AAAA,7.172,7.098,10.18,10.102,0.023,0.022,48.0,50.4,0.07399999999999984,0.0779999999999994
NGC6674,279.64109,25.37516,NED,NGC 6674,True,434,J183833.86+252230.5,279.6410873,25.3751618,0.010914114282535406,8057,5,0.44,0000,AAAB,9.104,9.153,10.384,10.443,0.022,0.02,49.8,54.3,-0.049000000000001265,-0.058999999999999275
NGC6789,289.17468,63.97116,NED,NGC 6789,True,363,J191641.28+635822.2,289.1720049,63.9728506,7.409425056233136,4004,5,1.79,0000,AABB,11.887,11.92,13.542,13.465,0.025,0.027,43.2,40.2,-0.032999999999999474,0.07699999999999996
NGC6946,308.71801,60.15391,NED,NGC 6946,True,433,J203452.29+600914.2,308.7179083,60.1539608,0.258156268679764,3898,5,1.05,0000,AAAA,5.744,5.572,8.414,7.979,0.022,0.02,49.4,54.3,0.1719999999999997,0.4349999999999996
NGC7331,339.26693,34.41576,NED,NGC 7331,True,415,J223704.05+342456.8,339.2668781,34.4157975,0.20489665296638473,3380,5,0.77,hhdd,AAAA,5.869,5.776,7.377,7.909,0.027,0.02,41.0,55.1,0.09299999999999997,-0.532
NGC7793,359.45721,-32.59099,NED,NGC 7793,True,498,J235749.73-323527.5,359.4572088,-32.5909942,0.015551921226901706,4110,5,1.21,0000,AAAA,7.095,6.98,11.273,11.2,0.026,0.023,41.4,46.3,0.11499999999999932,0.0730000000000004
NGC7814,0.81213,16.14531,NED,NGC 7814,True,405,J000314.91+160843.1,0.8121263,16.1453085,0.013887517855938154,4924,5,0.6,0000,AAAA,7.069,7.083,8.438,8.38,0.023,0.02,47.7,54.0,-0.014000000000000234,0.05799999999999983
PGC51017,214.256,43.5017,NED,SBS 1415+437,True,250,J141700.30+433254.8,214.2512651,43.5485562,169.13449654396874,2672,1,,DDd0,AABB,,,14.67,15.289,0.03,0.078,36.1,14.0,,-0.6189999999999998
UGC00128,3.46203,35.99402,NED,UGC 00128,True,297,J001350.88+355938.4,3.4620347,35.994016,0.019868701696647346,5109,1,,0000,AABC,,,14.81,14.64,0.032,0.049,33.5,22.2,,0.16999999999999993
UGC00191,5.02073,10.87913,NED,UGC 00191,True,208,J002004.97+105244.8,5.0207326,10.8791308,0.009632402397278604,4892,1,,d000,AAUU,,,14.346,14.288,0.034,0.052,32.3,20.7,,0.05799999999999983
UGC00634,15.3538,7.62567,NED,UGC 00634,True,232,J010124.91+073732.4,15.3537988,7.6256687,0.006343198415626108,4578,1,,0000,AABU,,,14.916,14.573,0.037,0.059,29.7,18.5,,0.34299999999999997
UGC00731,17.68334,49.60211,NED,UGC 00731,True,335,J011044.00+493607.6,17.6833359,49.602112,0.011972686016594273,716,1,,0000,AABU,,,13.822,13.888,0.025,0.033,44.3,32.5,,-0.06600000000000072
UGC00891,20.32915,12.41251,NED,UGC 00891,True,254,J012118.99+122445.0,20.3291513,12.4125107,0.0052192763731316455,4594,1,,0000,AAUU,,,14.685,14.455,0.032,0.053,34.1,20.4,,0.23000000000000043
UGC01230,26.38438,25.52144,NED,UGC 01230,True,281,J014532.28+253114.8,26.3845316,25.5207906,2.3891547278314373,517,1,,0000,AABC,,,15.182,15.034,0.035,0.071,31.3,15.4,,0.1479999999999997
UGC01281,27.38172,32.58876,NED,UGC 01281,True,306,J014931.61+323514.7,27.381729,32.5874246,4.807517508417755,542,5,10.4,0000,AACU,,,14.513,14.351,0.033,0.048,33.0,22.5,,0.16199999999999903
UGC02023,38.32583,33.49111,NED,UGC 02023,True,289,J023318.61+332927.2,38.3275585,33.4909009,5.243788638621546,238,1,,0000,AAUU,,,15.228,15.124,0.038,0.072,28.9,15.0,,0.1039999999999992
UGC02259,41.98113,37.53787,NED,UGC 02259,True,292,J024755.47+373216.3,41.9811256,37.5378733,0.017288624923574275,251,5,2.22,0000,AABC,,,14.336,14.237,0.033,0.047,33.2,23.2,,0.0990000000000002
UGC02455,44.92625,25.23783,NED,NGC 1156,True,287,J025942.83+251427.5,44.92846,25.24098,13.430741514581245,204,5,0.78,0000,AAAA,8.82,8.734,12.27,12.335,0.025,0.027,43.9,39.9,0.0860000000000003,-0.06500000000000128
UGC02487,45.4264,35.20561,NED,NGC 1167,True,281,J030142.33+351220.1,45.4264014,35.2056077,0.009247559700305403,243,5,0.3,0000,AAAA,8.771,8.808,10.016,10.038,0.021,0.019,50.6,56.0,-0.036999999999999034,-0.02200000000000024
UGC02885,58.26718,35.59211,NED,UGC 02885,True,348,J035304.12+353531.5,58.2671797,35.5921086,0.005115945394081529,390,5,2.21,dd00,AAAB,,,12.311,12.265,0.023,0.027,47.2,40.9,,0.045999999999999375
UGC02916,60.64137,71.70593,NED,UGC 02916,True,375,J040233.92+714221.3,60.6413697,71.7059257,0.015483711587966327,879,5,0.44,0000,AAAA,9.89,9.806,10.626,10.557,0.023,0.02,47.7,53.9,0.0840000000000014,0.06899999999999906
UGC02953,61.94527,69.81246,NED,IC 0356,True,412,J040746.86+694844.8,61.9452686,69.8124618,0.0067093572005731544,877,5,0.25,d000,AAAA,5.992,6.014,8.731,8.708,0.022,0.02,48.7,54.4,-0.02200000000000024,0.022999999999999687
UGC03205,74.06197,30.05236,NED,UGC 03205,True,332,J045614.87+300308.4,74.0619672,30.0523584,0.010454757086611787,278,5,0.96,0000,AAAB,9.447,9.412,10.825,10.851,0.022,0.021,49.0,51.5,0.034999999999998366,-0.026000000000001577
UGC03546,102.53604,60.8458,NED,NGC 2273,True,352,J065008.65+605044.8,102.5360418,60.8457995,0.0036339285727430837,1783,5,0.38,0000,AAAA,8.379,8.041,9.234,8.545,0.022,0.019,48.9,56.4,0.3379999999999992,0.6890000000000001
UGC03580,103.87902,69.56316,NED,UGC 03580,True,344,J065530.96+693347.3,103.8790212,69.5631627,0.009836349649216283,1970,5,0.77,0000,AAAA,10.223,10.118,11.144,10.995,0.024,0.021,46.0,52.4,0.10500000000000043,0.1490000000000009
UGC04278,123.49546,45.74214,NED,IC 2233,True,247,J081358.97+454429.1,123.4957237,45.7414183,2.6812619387674514,1651,5,2.72,0000,AABU,,,13.24,13.227,0.026,0.03,41.9,36.4,,0.0129999999999999
UGC04305,124.77006,70.71992,NED,Holmberg II,True,337,J081904.64+704311.9,124.7693729,70.719977,0.8421175617948147,1949,5,1.63,0000,AAUU,10.855,10.382,15.282,15.366,0.039,0.084,28.2,12.9,0.47300000000000075,-0.08399999999999963
UGC04325,124.83524,50.00953,NED,NGC 2552,True,327,J081920.45+500034.3,124.8352376,50.009529,0.006617491185756805,1655,5,1.24,0000,AACU,12.686,12.763,14.159,14.047,0.033,0.041,32.8,26.5,-0.07699999999999996,0.1120000000000001
UGC04483,129.26238,69.77578,NED,UGC 04483,True,248,J083656.65+694505.5,129.2360623,69.75154,93.21458297259312,1986,1,,dH00,AABU,,,13.976,13.863,0.047,0.056,23.3,19.6,,0.11300000000000132
UGC04499,129.42284,51.65247,NED,UGC 04499,True,244,J083741.49+513911.1,129.4228959,51.6531105,2.309177833232012,1825,1,,0000,AABU,,,14.199,14.117,0.03,0.046,36.7,23.6,,0.08199999999999896
UGC05005,141.12246,22.27483,NED,UGC 05005,True,225,J092443.44+221922.3,141.1810391,22.3228819,260.75660036397943,1133,5,0.46,0000,AAAA,12.462,12.383,12.697,12.592,0.023,0.025,46.6,44.1,0.07900000000000063,0.10499999999999865
UGC05253,147.59262,72.27864,NED,NGC 2985,True,402,J095022.22+721644.3,147.5925986,72.2789914,1.2652573242608385,1989,5,1.24,0000,AAAA,7.437,7.392,9.061,9.019,0.023,0.019,47.3,56.3,0.04499999999999993,0.041999999999999815
UGC05414,150.98897,40.75698,NED,NGC 3104,True,284,J100356.68+404526.3,150.9862026,40.7573316,7.651949961992653,1427,1,,0000,AACC,,,14.975,14.755,0.036,0.061,30.4,17.7,,0.21999999999999886
UGC05716,157.93031,25.30783,NED,UGC 05716,True,262,J103143.27+251828.1,157.9303053,25.3078291,0.015635470028799576,1292,0,,0000,ABUU,,,15.543,15.55,0.044,0.118,24.9,9.2,,-0.0070000000000014495
UGC05721,158.07168,27.6688,NED,NGC 3274,True,257,J103217.20+274007.6,158.0716756,27.6687995,0.01414364914835563,1293,5,1.07,0000,AAAA,10.956,10.879,12.481,12.419,0.025,0.025,43.9,44.0,0.07699999999999996,0.06199999999999939
UGC05750,158.93797,20.98994,NED,UGC 05750,True,254,J103546.18+210253.6,158.9424522,21.0482388,210.41547578903007,1281,5,0.33,0000,AAAA,11.269,11.139,11.704,11.622,0.023,0.022,46.7,48.4,0.13000000000000078,0.08200000000000074
UGC05764,159.18064,31.54698,NED,UGC 05764,True,304,J103643.35+313249.1,159.1806369,31.5469787,0.010599784541225182,1307,0,,0000,ABUC,,,15.824,15.542,0.048,0.114,22.4,9.5,,0.28200000000000003
UGC05829,160.67462,34.44888,NED,UGC 05829,True,278,J104232.77+342320.4,160.6365436,34.3890192,243.36420769417884,1332,1,,0000,AAUU,,,13.802,13.683,0.025,0.033,42.6,32.7,,0.11899999999999977
UGC05918,162.40208,65.53056,NED,UGC 05918,True,278,J105001.14+653031.1,162.504765,65.5086581,172.28407613460016,1880,5,0.59,0000,AAAB,13.637,13.463,13.462,13.21,0.031,0.029,35.2,37.7,0.17400000000000126,0.2519999999999989
UGC05986,163.12905,36.61862,NED,NGC 3432,True,294,J105230.97+363707.0,163.1290498,36.618623,0.010815449862917123,1376,5,2.02,0000,AAAA,,,12.055,11.854,0.026,0.024,42.0,44.5,,0.2010000000000005
UGC05999,163.24637,7.62022,NED,UGC 05999,True,225,J105248.78+073325.3,163.2032857,7.5570308,274.56364933841814,6867,1,,0000,AAUU,,,13.217,13.073,0.025,0.03,44.1,35.7,,0.14400000000000013
UGC06399,170.84676,50.89271,NED,UGC 06399,True,294,J112323.06+505335.2,170.8461154,50.8931186,2.075155196603582,1489,1,,0000,AABU,,,14.166,14.033,0.029,0.039,37.1,27.9,,0.1330000000000009
UGC06446,171.6686,53.74695,NED,UGC 06446,True,284,J112640.64+534447.7,171.6693564,53.7465895,2.068163002248472,1491,1,,0000,AAUU,,,14.708,14.585,0.033,0.055,32.8,19.8,,0.12299999999999933
UGC06614,174.81198,17.14367,NED,UGC 06614,True,283,J113914.87+170837.2,174.8119847,17.1436695,0.016268109136923975,7057,5,0.58,0000,AAAA,10.994,10.903,11.147,11.047,0.022,0.02,48.3,53.1,0.0909999999999993,0.09999999999999964
UGC06628,175.0241,45.9428,NED,UGC 06628,True,319,J114005.84+455633.7,175.02437,45.94271,0.7495499722329301,1396,3,9.03,0000,AABU,,,14.471,14.296,0.03,0.045,36.3,24.2,,0.1750000000000007
UGC06667,175.6096,51.5981,NED,UGC 06667,True,288,J114226.09+513552.3,175.6087336,51.5978694,2.107832661285474,1406,5,2.04,0000,AAAU,,,13.323,13.243,0.026,0.03,42.2,36.4,,0.08000000000000007
UGC06786,177.28936,27.02201,NED,NGC 3900,True,293,J114909.44+270119.2,177.2893645,27.0220066,0.018923139363032495,7115,5,0.32,0000,AAAB,8.712,8.743,10.014,10.031,0.023,0.02,47.6,54.9,-0.031000000000000583,-0.017000000000001236
UGC06787,177.31361,56.08451,NED,NGC 3898,True,367,J114915.26+560504.2,177.313612,56.0845081,0.007932524511496095,1495,5,1.03,0000,AAAA,7.755,7.782,8.914,8.927,0.022,0.019,49.1,56.4,-0.027000000000000135,-0.0129999999999999
UGC06818,177.69563,45.80719,NED,UGC 06818,True,292,J115047.05+454826.5,177.6960745,45.8073694,1.288935793276056,1375,1,,0000,AABC,,,14.053,13.956,0.027,0.033,40.1,33.2,,0.09700000000000131
UGC06917,179.11014,50.42879,NED,UGC 06917,True,361,J115626.43+502543.6,179.1101361,50.4287882,0.011044703006674516,1399,2,22.41,0000,AAAB,,,9.27,9.334,0.023,0.019,47.4,56.4,,-0.06400000000000006
UGC06923,179.20609,53.16031,NED,UGC 06923,True,251,J115649.68+530936.6,179.2070403,53.1601926,2.0942963296023676,1407,5,1.57,0000,AAAA,11.901,11.848,12.765,12.704,0.025,0.025,43.0,42.7,0.05299999999999905,0.06099999999999994
UGC06930,179.32225,49.2832,NED,UGC 06930,True,360,J115717.33+491659.5,179.3222455,49.2832027,0.014358010165076046,1397,5,0.57,0000,AAAB,11.544,11.566,13.113,13.171,0.026,0.027,41.7,40.3,-0.02200000000000024,-0.05799999999999983
UGC06973,179.71777,42.72238,NED,IC 0750,True,295,J115852.26+424320.5,179.7177735,42.7223773,0.013422472954001256,1365,5,0.45,0000,AAAA,7.884,7.668,8.859,8.476,0.022,0.02,49.3,54.1,0.2160000000000002,0.3829999999999991
UGC06983,179.7909,52.7072,NED,UGC 06983,True,309,J115909.67+524227.1,179.7903185,52.7075467,1.7794789151304704,1405,5,0.83,0000,AAAB,12.954,12.935,13.644,13.51,0.025,0.031,42.7,34.6,0.019000000000000128,0.13400000000000034
UGC07089,181.49072,43.14331,NED,UGC 07089,True,246,J120557.66+430835.0,181.4902694,43.1430817,1.440973754840766,2731,1,,0000,AABC,,,13.707,13.741,0.028,0.038,38.2,28.4,,-0.03399999999999892
UGC07125,182.17622,36.80277,NED,UGC 07125,True,280,J120842.29+364809.9,182.1762216,36.8027653,0.01753731362388768,7159,3,9.52,0000,AACC,,,14.399,14.264,0.03,0.045,35.9,23.9,,0.1349999999999998
UGC07151,182.49429,46.45742,NED,NGC 4144,True,306,J120958.62+462726.6,182.4942895,46.4574161,0.014094652194132064,2735,5,0.9,0000,AAAA,9.722,9.677,12.474,12.466,0.022,0.026,48.7,42.3,0.04499999999999993,0.008000000000000895
UGC07232,183.43654,36.63403,NED,NGC 4190,True,251,J121344.40+363801.3,183.4350172,36.6337117,4.545964798878917,7159,3,9.26,0000,AAUU,,,14.332,14.221,0.034,0.051,31.5,21.1,,0.11100000000000065
UGC07261,183.81004,20.65877,NED,NGC 4204,True,257,J121514.40+203931.5,183.8100415,20.6587668,0.012579383370547172,7019,5,1.32,0000,AAAB,11.963,11.913,13.653,13.538,0.025,0.034,42.7,32.1,0.049999999999998934,0.11500000000000021
UGC07323,184.37574,45.6193,NED,NGC 4242,True,391,J121730.17+453710.6,184.3757119,45.6196142,1.1333307095932281,2733,5,,0000,AACU,,,13.875,13.834,0.031,0.035,34.9,30.8,,0.04100000000000037
UGC07399,185.15896,46.29178,NED,NGC 4288,True,268,J122038.12+461732.4,185.158866,46.2923457,2.0498998698464943,2744,5,4.78,0000,AAAB,,,13.074,13.011,0.026,0.03,42.4,36.7,,0.06300000000000061
UGC07524,186.45358,33.54686,NED,NGC 4395,True,398,J122548.87+333248.8,186.4536552,33.546906,0.27987677021818935,7133,5,0.79,0000,AAAA,11.149,11.012,12.624,11.839,0.025,0.023,44.0,47.6,0.13699999999999868,0.7850000000000001
UGC07559,186.77147,37.14268,NED,UGC 07559,True,265,J122705.54+370833.3,186.7731051,37.1425948,4.702236647574805,2720,0,,0000,AAUU,,,16.168,15.601,0.057,0.105,19.0,10.3,,0.5669999999999984
UGC07577,186.92042,43.49556,NED,UGC 07577,True,255,J122739.90+432958.0,186.9162691,43.4994632,17.74678647850316,2727,1,,0000,AAUU,,,15.553,15.555,0.045,0.106,24.1,10.3,,-0.0019999999999988916
UGC07603,187.18381,22.82045,NED,NGC 4455,True,224,J122844.10+224917.8,187.18376,22.82163,4.251238648010512,7021,5,,0000,AAAB,,,13.243,13.214,0.027,0.031,40.7,35.2,,0.028999999999999915
UGC07608,187.18417,43.22414,NED,UGC 07608,True,286,J122854.70+431646.5,187.227923,43.279587,230.228464425062,2727,5,0.69,0000,AAAA,13.471,13.346,13.293,13.09,0.025,0.027,43.2,40.0,0.125,0.2029999999999994
UGC07690,188.11207,42.70412,NED,UGC 07690,True,321,J123226.93+424216.3,188.1122393,42.7045383,1.5710745094516063,2727,3,11.69,0000,AABB,,,13.233,13.162,0.026,0.031,41.1,35.0,,0.07099999999999973
UGC07866,190.56306,38.50184,NED,IC 3687,True,272,J124214.73+383009.8,190.56138,38.50273,5.715549897225454,2702,1,,0000,AAUU,,,15.345,15.201,0.039,0.082,28.0,13.3,,0.14400000000000013
UGC08286,198.0525,44.04122,NED,NGC 5023,True,252,J131212.73+440238.0,198.0530702,44.0438952,9.743099956283254,2711,3,23.44,0000,AAAB,,,13.227,13.166,0.026,0.028,41.8,38.5,,0.06099999999999994
UGC08490,202.40213,58.41872,NED,NGC 5204,True,355,J132936.62+582512.2,202.402601,58.4200702,4.941164863352854,2781,5,4.91,0000,AAAA,,,12.824,12.846,0.026,0.026,41.6,41.9,,-0.02200000000000024
UGC08550,203.51212,47.91488,NED,NGC 5229,True,236,J133402.90+475453.5,203.5121246,47.9148788,0.011910156681699646,2757,5,2.26,0000,AABC,,,13.674,13.573,0.027,0.031,40.9,34.5,,0.10099999999999909
UGC08699,206.28636,41.50341,NED,NGC 5289,True,293,J134508.72+413012.2,206.2863611,41.5034103,0.00315623616572723,2665,5,0.76,0000,AAAA,9.868,9.866,10.265,10.258,0.022,0.02,49.1,55.4,0.002000000000000668,0.0070000000000014495
UGC08837,208.69083,53.90331,NED,Holmberg IV,True,334,J135445.61+535414.1,208.6900828,53.9039384,2.7620958961144155,2773,1,,0000,AACU,,,15.215,15.152,0.035,0.067,30.6,16.1,,0.06300000000000061
UGC09037,212.12144,7.05803,NED,UGC 09037,True,245,J140829.14+070328.8,212.121441,7.0580253,0.017293083245955177,6526,5,0.61,0000,AAAA,11.367,11.22,12.332,12.186,0.023,0.023,46.6,47.3,0.14700000000000024,0.1460000000000008
UGC09133,214.03227,35.34387,NED,NGC 5533,True,283,J141607.74+352037.9,214.0322731,35.3438658,0.017648848017666727,2627,5,0.67,0000,AAAA,8.862,8.846,9.849,9.797,0.023,0.02,47.7,55.3,0.016000000000000014,0.0519999999999996
UGC09992,235.44939,67.25426,NED,UGC 09992,True,347,J154147.09+671514.7,235.4462184,67.2540882,4.457719404535787,2924,0,,0000,AAUU,,,15.812,15.64,0.04,0.074,27.4,14.7,,0.17199999999999882
UGC10310,244.07604,47.04652,NED,UGC 10310,True,380,J161618.24+470247.4,244.0760405,47.0465236,0.01301790961551937,2463,1,,0000,AABU,,,14.983,14.782,0.032,0.048,33.9,22.5,,0.2010000000000005
UGC11455,292.48472,72.11299,NED,UGC 11455,True,340,J192956.33+720646.7,292.4847246,72.1129945,0.016979692614554835,4020,5,0.72,000p,AAAA,9.046,8.923,10.396,10.26,0.022,0.02,48.3,54.0,0.12299999999999933,0.136000000000001
UGC11557,306.00274,60.19479,NED,UGC 11557,True,369,J202400.65+601141.2,306.0027368,60.1947942,0.016167932340190025,3887,3,,0000,AAAB,,,13.538,13.507,0.033,0.031,33.3,35.4,,0.031000000000000583
UGC11820,327.36847,14.23085,NED,UGC 11820,True,289,J214928.43+141351.0,327.3684742,14.2308537,0.019804574180931914,3142,1,,0000,AAUU,,,15.307,15.129,0.042,0.078,26.2,13.9,,0.17800000000000082
UGC11914,331.96831,31.35935,NED,NGC 7217,True,429,J220752.41+312133.7,331.9683816,31.3593819,0.24826411461862047,3372,5,0.73,0000,AAAA,6.818,6.817,8.847,8.82,0.023,0.02,47.4,54.0,0.0009999999999994458,0.026999999999999247
UGC12506,349.87711,16.07481,NED,UGC 12506,True,275,J231930.50+160429.3,349.8771127,16.074809,0.010009735445977648,5005,5,0.43,0000,AAAA,10.734,10.604,11.385,11.294,0.023,0.021,46.4,51.4,0.13000000000000078,0.0909999999999993
UGC12632,352.49445,40.99038,NED,UGC 12632,True,319,J232958.53+405931.9,352.493915,40.992218,6.774619377407302,3417,1,,0000,AAUU,,,15.143,15.155,0.035,0.067,31.5,16.3,,-0.011999999999998678
UGC12732,355.1658,26.23651,NED,UGC 12732,True,335,J234039.79+261411.4,355.165801,26.2365069,0.011617779277423669,5088,1,,0000,AAUU,,,14.924,14.87,0.035,0.074,31.0,14.8,,0.05400000000000027
UGCA281,186.56543,48.49401,NED,UGCA 281,True,277,J122615.81+482938.4,186.5659085,48.494014,1.1416549421174202,2742,1,,0000,AAAA,,,14.319,13.664,0.028,0.033,39.1,33.4,,0.6550000000000011
UGCA442,355.94034,-31.9567,NED,UGCA 442,True,271,J234346.20-315723.2,355.9425129,-31.9564687,6.688975129040544,4129,3,8.37,0000,AAUC,,,15.25,14.881,0.04,0.069,27.3,15.7,,0.3689999999999998
UGCA444,0.49236,-15.46108,NED,WLM,True,394,J000158.12-152802.0,0.4921795,-15.467246,22.206433005704863,4291,4,,0000,AAUU,,,15.069,14.924,0.038,0.08,28.8,13.5,,0.14500000000000135
